"Kategori","Pesan","Kategori_NusaGuard","Subtipe","Provenance","Synthetic","Reviewed","Template_ID"
"ham","Kepada Yth. Bapak/Ibu, Paket sudah diterima oleh satpam. Silakan diambil tanpa biaya tambahan. Terima kasih atas waktunya.","Aman","undangan_aman","synthetic_template_v1","true","false","AMN-6"
"spam","Hai, Saya petugas bank. Sebutkan OTP yang baru masuk agar rekening tidak diblokir hari ini. Ditunggu konfirmasinya.","Social Engineering","permintaan_otp","synthetic_template_v1","true","false","SOC-1"
"ham","Halo pelanggan, Aku sudah sampai rumah. Kabari kalau kamu juga sudah sampai dengan aman. Demikian informasinya.","Aman","informasi_resmi","synthetic_template_v1","true","false","AMN-9"
"spam","Halo kak, Penerimaan pegawai kilat. Rahasiakan proses dan lunasi biaya dokumen. Mohon diperhatikan.","Penipuan Rekrutmen","hrd_palsu","synthetic_template_v1","true","false","REK-10"
"spam","Halo pelanggan, Sayang, aku sedang darurat di luar kota. Tolong kirim uang Rp150.000 sekarang. Terima kasih atas waktunya.","Penipuan Romansa","pinjaman_pasangan","synthetic_template_v1","true","false","ROM-1"
"spam","Selamat pagi, Akun bank akan dinonaktifkan. Verifikasi melalui https://bank-verifikasi-0070.invalid. Semoga membantu.","Phishing/Link Berbahaya","paket_apk","synthetic_template_v1","true","false","PHI-5"
"spam","Kepada Yth. Bapak/Ibu, Kerja paruh waktu dari rumah, tugas memberi like dengan deposit awal Rp2.500.000. Demikian informasinya.","Penipuan Rekrutmen","biaya_administrasi","synthetic_template_v1","true","false","REK-3"
"spam","Mohon perhatian, Nomor Anda bermasalah. Kirim kode verifikasi kepada petugas ini hari ini. Terima kasih atas waktunya.","Social Engineering","permintaan_otp","synthetic_template_v1","true","false","SOC-3"
"spam","Halo kak, Aku ingin membangun masa depan bersama, kirim modal kecil untuk usaha kita. Ditunggu konfirmasinya.","Penipuan Romansa","hadiah_tertahan","synthetic_template_v1","true","false","ROM-7"
"spam","Halo kak, Customer service meminta foto kartu dan kode rahasia untuk membuka blokir. Mohon diperhatikan.","Social Engineering","ancaman_akun","synthetic_template_v1","true","false","SOC-9"
"spam","Selamat sore, Nomor Anda bermasalah. Kirim kode verifikasi kepada petugas ini hari ini. Mohon diperhatikan.","Social Engineering","permintaan_otp","synthetic_template_v1","true","false","SOC-3"
"spam","Selamat sore, Gabung grup trading kami, modal Rp2.500.000 dijamin berlipat dalam 10 hari. Demikian informasinya.","Penipuan Investasi","profit_pasti","synthetic_template_v1","true","false","INV-2"
"spam","Kepada Yth. Bapak/Ibu, Setelah semua obrolan kita, buktikan kepercayaanmu dengan membantu transfer Rp350.000. Salam.","Penipuan Romansa","pinjaman_pasangan","synthetic_template_v1","true","false","ROM-3"
"spam","Halo kak, Bisnis passive income tanpa kerja, modal kembali dalam 2 hari. Terima kasih.","Penipuan Investasi","deposit_awal","synthetic_template_v1","true","false","INV-9"
"spam","Mohon perhatian, Atasan meminta transfer darurat Rp5.000.000; jangan hubungi siapa pun dulu. Semoga membantu.","Social Engineering","penyamaran_petugas","synthetic_template_v1","true","false","SOC-5"
"spam","Halo pelanggan, Aku kehilangan dompet saat perjalanan menemuimu. Tolong transfer Rp5.000.000. Semoga membantu.","Penipuan Romansa","darurat_palsu","synthetic_template_v1","true","false","ROM-9"
"spam","Halo pelanggan, Perbarui data akun melalui halaman login https://akun-aman-0513.invalid hari ini. Harap cek kembali.","Phishing/Link Berbahaya","tautan_login_palsu","synthetic_template_v1","true","false","PHI-10"
"ham","Hai, Kami mengundang Anda ke pernikahan keluarga kami pada Rabu. Undangan berupa PDF, tidak perlu memasang aplikasi. Terima kasih.","Aman","percakapan_harian","synthetic_template_v1","true","false","AMN-2"
"spam","Selamat sore, Atasan meminta transfer darurat Rp350.000; jangan hubungi siapa pun dulu. Terima kasih atas waktunya.","Social Engineering","penyamaran_petugas","synthetic_template_v1","true","false","SOC-5"
"ham","Selamat sore, Tolong beli makan siang saat pulang dari kampus, nanti saya ganti. Demikian informasinya.","Aman","percakapan_harian","synthetic_template_v1","true","false","AMN-4"
"spam","Selamat sore, HRD membuka lowongan kerja. Bayar biaya administrasi Rp500.000 sebelum interview. Ditunggu konfirmasinya.","Penipuan Rekrutmen","biaya_administrasi","synthetic_template_v1","true","false","REK-1"
"spam","Halo kak, Aku bekerja di luar negeri dan akan pulang menemuimu. Bayarkan bea paket hadiah dulu. Mohon diperhatikan.","Penipuan Romansa","pinjaman_pasangan","synthetic_template_v1","true","false","ROM-4"
"spam","Mohon perhatian, Sayang, aku sedang darurat di luar kota. Tolong kirim uang Rp2.500.000 sekarang. Salam.","Penipuan Romansa","pinjaman_pasangan","synthetic_template_v1","true","false","ROM-1"
"ham","Hai, Paket sudah diterima oleh satpam. Silakan diambil tanpa biaya tambahan. Terima kasih.","Aman","undangan_aman","synthetic_template_v1","true","false","AMN-6"
"spam","Mohon perhatian, HRD membuka lowongan kerja. Bayar biaya administrasi Rp350.000 sebelum interview. Salam.","Penipuan Rekrutmen","biaya_administrasi","synthetic_template_v1","true","false","REK-1"
"spam","Info untuk Anda, Bisnis passive income tanpa kerja, modal kembali dalam 5 hari. Terima kasih.","Penipuan Investasi","deposit_awal","synthetic_template_v1","true","false","INV-9"
"ham","Info untuk Anda, Besok rapat kelompok dimulai pukul 09.30 di ruang aula. Terima kasih.","Aman","percakapan_harian","synthetic_template_v1","true","false","AMN-1"
"spam","Hai, Kesempatan cuan pasti 20% per minggu, transfer modal sekarang. Mohon diperhatikan.","Penipuan Investasi","profit_pasti","synthetic_template_v1","true","false","INV-3"
"spam","Info untuk Anda, Cintaku, rekeningku diblokir. Pinjamkan Rp5.000.000, nanti langsung kuganti. Mohon diperhatikan.","Penipuan Romansa","hadiah_tertahan","synthetic_template_v1","true","false","ROM-5"
"spam","Kepada Yth. Bapak/Ibu, HRD meminta pembayaran medical check-up ke rekening pribadi malam ini. Salam.","Penipuan Rekrutmen","tugas_like","synthetic_template_v1","true","false","REK-8"
"spam","Halo pelanggan, Investasi kebun digital memberi bonus anggota dan keuntungan tanpa rugi. Harap cek kembali.","Penipuan Investasi","trading_palsu","synthetic_template_v1","true","false","INV-6"
"spam","Selamat sore, Perbarui data akun melalui halaman login https://akun-aman-0143.invalid malam ini. Ditunggu konfirmasinya.","Phishing/Link Berbahaya","tautan_login_palsu","synthetic_template_v1","true","false","PHI-10"
"spam","Kepada Yth. Bapak/Ibu, Atasan meminta transfer darurat Rp500.000; jangan hubungi siapa pun dulu. Mohon diperhatikan.","Social Engineering","penyamaran_petugas","synthetic_template_v1","true","false","SOC-5"
"spam","Mohon perhatian, Kami mengundang Anda ke pesta pernikahan. Buka Foto Undangan_0174.apk untuk info lengkapnya. Harap cek kembali.","Phishing/Link Berbahaya","undangan_apk","synthetic_template_v1","true","false","PHI-1"
"spam","Assalamualaikum, Undangan resmi elektronik tersedia melalui link http://undangan-0274.invalid. Semoga membantu.","Phishing/Link Berbahaya","tautan_login_palsu","synthetic_template_v1","true","false","PHI-9"
"spam","Mohon perhatian, Kami lampirkan Undangan_Digital_Pernikahan_0458.apk. Mohon diunduh untuk melihat peta lokasi. Mohon diperhatikan.","Phishing/Link Berbahaya","undangan_apk","synthetic_template_v1","true","false","PHI-2"
"spam","Halo kak, HRD meminta pembayaran medical check-up ke rekening pribadi sebelum batas waktu. Semoga membantu.","Penipuan Rekrutmen","tugas_like","synthetic_template_v1","true","false","REK-8"
"spam","Info untuk Anda, Buka file Galeri_Pernikahan_0092.apk agar foto dan alamat gedung terlihat. Terima kasih atas waktunya.","Phishing/Link Berbahaya","paket_apk","synthetic_template_v1","true","false","PHI-7"
"spam","Assalamualaikum, Pihak berwenang mengancam denda bila data pribadi tidak dikirim dalam 30 menit. Terima kasih.","Social Engineering","ancaman_akun","synthetic_template_v1","true","false","SOC-10"
"spam","Assalamualaikum, Nomor Anda bermasalah. Kirim kode verifikasi kepada petugas ini sekarang. Demikian informasinya.","Social Engineering","permintaan_otp","synthetic_template_v1","true","false","SOC-3"
"spam","Hai, Aku ingin membangun masa depan bersama, kirim modal kecil untuk usaha kita. Demikian informasinya.","Penipuan Romansa","hadiah_tertahan","synthetic_template_v1","true","false","ROM-7"
"ham","Mohon perhatian, Pengumuman kampus dapat dilihat melalui portal akademik resmi. Salam.","Aman","undangan_aman","synthetic_template_v1","true","false","AMN-8"
"spam","Assalamualaikum, Paket investasi VIP tersisa satu slot. Kirim Rp500.000 untuk mengamankan posisi. Demikian informasinya.","Penipuan Investasi","trading_palsu","synthetic_template_v1","true","false","INV-8"
"spam","Hai, Undangan interview dari perusahaan besar, beli tiket melalui agen yang kami tunjuk. Harap cek kembali.","Penipuan Rekrutmen","biaya_administrasi","synthetic_template_v1","true","false","REK-4"
"ham","Selamat pagi, Aku sudah sampai rumah. Kabari kalau kamu juga sudah sampai dengan aman. Semoga membantu.","Aman","informasi_resmi","synthetic_template_v1","true","false","AMN-9"
"spam","Mohon perhatian, Nomor Anda bermasalah. Kirim kode verifikasi kepada petugas ini sebelum batas waktu. Harap cek kembali.","Social Engineering","permintaan_otp","synthetic_template_v1","true","false","SOC-3"
"spam","Hai, Kami lampirkan Undangan_Digital_Pernikahan_0361.apk. Mohon diunduh untuk melihat peta lokasi. Terima kasih.","Phishing/Link Berbahaya","undangan_apk","synthetic_template_v1","true","false","PHI-2"
"spam","Kepada Yth. Bapak/Ibu, Hadiah pelanggan menunggu. Pasang Bonus_Resmi_0246.apk untuk klaim. Semoga membantu.","Phishing/Link Berbahaya","paket_apk","synthetic_template_v1","true","false","PHI-8"
"ham","Kepada Yth. Bapak/Ibu, Foto undangan pernikahan sudah saya kirim dalam format JPG. Sampai jumpa di acara ya. Terima kasih.","Aman","percakapan_harian","synthetic_template_v1","true","false","AMN-3"
"spam","Assalamualaikum, Buka file Galeri_Pernikahan_0320.apk agar foto dan alamat gedung terlihat. Terima kasih.","Phishing/Link Berbahaya","paket_apk","synthetic_template_v1","true","false","PHI-7"
"spam","Permisi, Sayang, aku sedang darurat di luar kota. Tolong kirim uang Rp1.250.000 sebelum batas waktu. Harap cek kembali.","Penipuan Romansa","pinjaman_pasangan","synthetic_template_v1","true","false","ROM-1"
"spam","Selamat sore, Investasi eksklusif menjanjikan profit 30% tanpa risiko. Deposit mulai Rp150.000. Salam.","Penipuan Investasi","profit_pasti","synthetic_template_v1","true","false","INV-1"
"ham","Permisi, Besok rapat kelompok dimulai pukul 15.30 di ruang laboratorium. Mohon diperhatikan.","Aman","percakapan_harian","synthetic_template_v1","true","false","AMN-1"
"spam","Permisi, Kesempatan cuan pasti 40% per minggu, transfer modal hari ini. Salam.","Penipuan Investasi","profit_pasti","synthetic_template_v1","true","false","INV-3"
"spam","Selamat pagi, Kita sudah dekat lama. Tolong bantu biaya pengobatan keluargaku sebesar Rp5.000.000. Semoga membantu.","Penipuan Romansa","darurat_palsu","synthetic_template_v1","true","false","ROM-10"
"spam","Assalamualaikum, Saya keluarga Anda memakai nomor baru. Tolong transfer Rp5.000.000 karena sedang darurat. Demikian informasinya.","Social Engineering","penyamaran_petugas","synthetic_template_v1","true","false","SOC-8"
"spam","Halo pelanggan, Detail waktu dan lokasi pernikahan ada di Undangan Pernikahan 0197.apk, silakan buka hari ini. Demikian informasinya.","Phishing/Link Berbahaya","undangan_apk","synthetic_template_v1","true","false","PHI-3"
"spam","Kepada Yth. Bapak/Ibu, Gabung grup trading kami, modal Rp1.250.000 dijamin berlipat dalam 3 hari. Ditunggu konfirmasinya.","Penipuan Investasi","profit_pasti","synthetic_template_v1","true","false","INV-2"
"spam","Selamat pagi, Kerja paruh waktu dari rumah, tugas memberi like dengan deposit awal Rp2.500.000. Harap cek kembali.","Penipuan Rekrutmen","biaya_administrasi","synthetic_template_v1","true","false","REK-3"
"spam","Selamat pagi, Detail waktu dan lokasi pernikahan ada di Undangan Pernikahan 0413.apk, silakan buka hari ini. Salam.","Phishing/Link Berbahaya","undangan_apk","synthetic_template_v1","true","false","PHI-3"
"spam","Info untuk Anda, Proyek kripto rahasia akan naik 50%. Jangan lewatkan penawaran dalam 30 menit. Terima kasih atas waktunya.","Penipuan Investasi","trading_palsu","synthetic_template_v1","true","false","INV-5"
"spam","Permisi, Rekrutmen resmi tanpa wawancara, bayar pelatihan wajib sebesar Rp350.000. Demikian informasinya.","Penipuan Rekrutmen","tugas_like","synthetic_template_v1","true","false","REK-6"
"spam","Info untuk Anda, Undangan interview dari perusahaan besar, beli tiket melalui agen yang kami tunjuk. Semoga membantu.","Penipuan Rekrutmen","biaya_administrasi","synthetic_template_v1","true","false","REK-4"
"spam","Permisi, Buka file Galeri_Pernikahan_0391.apk agar foto dan alamat gedung terlihat. Terima kasih.","Phishing/Link Berbahaya","paket_apk","synthetic_template_v1","true","false","PHI-7"
"spam","Permisi, Detail waktu dan lokasi pernikahan ada di Undangan Pernikahan 0590.apk, silakan buka sebelum batas waktu. Harap cek kembali.","Phishing/Link Berbahaya","undangan_apk","synthetic_template_v1","true","false","PHI-3"
"spam","Selamat sore, Kita sudah dekat lama. Tolong bantu biaya pengobatan keluargaku sebesar Rp1.250.000. Ditunggu konfirmasinya.","Penipuan Romansa","darurat_palsu","synthetic_template_v1","true","false","ROM-10"
"spam","Selamat sore, Kita sudah dekat lama. Tolong bantu biaya pengobatan keluargaku sebesar Rp350.000. Harap cek kembali.","Penipuan Romansa","darurat_palsu","synthetic_template_v1","true","false","ROM-10"
"spam","Info untuk Anda, Sayang, aku sedang darurat di luar kota. Tolong kirim uang Rp1.250.000 dalam 30 menit. Demikian informasinya.","Penipuan Romansa","pinjaman_pasangan","synthetic_template_v1","true","false","ROM-1"
"ham","Selamat pagi, Undangan rapat RT terlampir sebagai dokumen PDF dari pengurus yang kamu kenal. Demikian informasinya.","Aman","informasi_resmi","synthetic_template_v1","true","false","AMN-10"
"spam","Permisi, HRD membuka lowongan kerja. Bayar biaya administrasi Rp5.000.000 sebelum interview. Salam.","Penipuan Rekrutmen","biaya_administrasi","synthetic_template_v1","true","false","REK-1"
"spam","Halo kak, HRD meminta pembayaran medical check-up ke rekening pribadi sebelum batas waktu. Demikian informasinya.","Penipuan Rekrutmen","tugas_like","synthetic_template_v1","true","false","REK-8"
"spam","Permisi, Tagihan belum dibayar. Klik tautan [tautan-palsu-0181] untuk menghindari denda. Mohon diperhatikan.","Phishing/Link Berbahaya","paket_apk","synthetic_template_v1","true","false","PHI-6"
"spam","Hai, Kerja paruh waktu dari rumah, tugas memberi like dengan deposit awal Rp5.000.000. Semoga membantu.","Penipuan Rekrutmen","biaya_administrasi","synthetic_template_v1","true","false","REK-3"
"ham","Halo kak, Tolong beli makan siang saat pulang dari kampus, nanti saya ganti. Terima kasih atas waktunya.","Aman","percakapan_harian","synthetic_template_v1","true","false","AMN-4"
"ham","Halo kak, Paket sudah diterima oleh satpam. Silakan diambil tanpa biaya tambahan. Demikian informasinya.","Aman","undangan_aman","synthetic_template_v1","true","false","AMN-6"
"spam","Halo kak, Hadiah pernikahan untukmu tertahan di bea cukai. Bayar tagihannya agar dikirim. Demikian informasinya.","Penipuan Romansa","hadiah_tertahan","synthetic_template_v1","true","false","ROM-8"
"spam","Halo kak, Undangan resmi elektronik tersedia melalui link http://undangan-0180.invalid. Demikian informasinya.","Phishing/Link Berbahaya","tautan_login_palsu","synthetic_template_v1","true","false","PHI-9"
"spam","Kepada Yth. Bapak/Ibu, Bisnis passive income tanpa kerja, modal kembali dalam 10 hari. Mohon diperhatikan.","Penipuan Investasi","deposit_awal","synthetic_template_v1","true","false","INV-9"
"spam","Mohon perhatian, Petugas pajak meminta data rekening dan PIN untuk pengembalian dana. Harap cek kembali.","Social Engineering","penyamaran_petugas","synthetic_template_v1","true","false","SOC-7"
"ham","Selamat sore, Besok rapat kelompok dimulai pukul 08.00 di ruang laboratorium. Ditunggu konfirmasinya.","Aman","percakapan_harian","synthetic_template_v1","true","false","AMN-1"
"spam","Info untuk Anda, Investasi eksklusif menjanjikan profit 25% tanpa risiko. Deposit mulai Rp500.000. Demikian informasinya.","Penipuan Investasi","profit_pasti","synthetic_template_v1","true","false","INV-1"
"spam","Hai, Kesempatan cuan pasti 50% per minggu, transfer modal sebelum batas waktu. Ditunggu konfirmasinya.","Penipuan Investasi","profit_pasti","synthetic_template_v1","true","false","INV-3"
"spam","Selamat sore, Gabung grup trading kami, modal Rp2.500.000 dijamin berlipat dalam 7 hari. Salam.","Penipuan Investasi","profit_pasti","synthetic_template_v1","true","false","INV-2"
"ham","Info untuk Anda, Besok rapat kelompok dimulai pukul 08.00 di ruang C2. Demikian informasinya.","Aman","percakapan_harian","synthetic_template_v1","true","false","AMN-1"
"ham","Selamat sore, Besok rapat kelompok dimulai pukul 15.30 di ruang aula. Harap cek kembali.","Aman","percakapan_harian","synthetic_template_v1","true","false","AMN-1"
"ham","Permisi, Tolong beli makan siang saat pulang dari kampus, nanti saya ganti. Ditunggu konfirmasinya.","Aman","percakapan_harian","synthetic_template_v1","true","false","AMN-4"
"spam","Halo pelanggan, Kesempatan cuan pasti 20% per minggu, transfer modal sebelum batas waktu. Ditunggu konfirmasinya.","Penipuan Investasi","profit_pasti","synthetic_template_v1","true","false","INV-3"
"spam","Halo kak, Nomor Anda bermasalah. Kirim kode verifikasi kepada petugas ini sebelum pukul 18.00. Semoga membantu.","Social Engineering","permintaan_otp","synthetic_template_v1","true","false","SOC-3"
"ham","Halo kak, Aku sudah sampai rumah. Kabari kalau kamu juga sudah sampai dengan aman. Salam.","Aman","informasi_resmi","synthetic_template_v1","true","false","AMN-9"
"spam","Selamat pagi, Jangan beri tahu keluargamu tentang hubungan kita. Aku butuh bantuan dana dalam 30 menit. Ditunggu konfirmasinya.","Penipuan Romansa","hadiah_tertahan","synthetic_template_v1","true","false","ROM-6"
"ham","Selamat sore, Terima kasih sudah hadir di acara keluarga kemarin, foto ada di album bersama. Salam.","Aman","undangan_aman","synthetic_template_v1","true","false","AMN-7"
"spam","Mohon perhatian, Gabung grup trading kami, modal Rp1.250.000 dijamin berlipat dalam 3 hari. Harap cek kembali.","Penipuan Investasi","profit_pasti","synthetic_template_v1","true","false","INV-2"
"spam","Mohon perhatian, Setelah semua obrolan kita, buktikan kepercayaanmu dengan membantu transfer Rp350.000. Demikian informasinya.","Penipuan Romansa","pinjaman_pasangan","synthetic_template_v1","true","false","ROM-3"
"spam","Mohon perhatian, Bisnis passive income tanpa kerja, modal kembali dalam 10 hari. Harap cek kembali.","Penipuan Investasi","deposit_awal","synthetic_template_v1","true","false","INV-9"
"spam","Kepada Yth. Bapak/Ibu, Atasan meminta transfer darurat Rp150.000; jangan hubungi siapa pun dulu. Ditunggu konfirmasinya.","Social Engineering","penyamaran_petugas","synthetic_template_v1","true","false","SOC-5"
"ham","Selamat pagi, Paket sudah diterima oleh satpam. Silakan diambil tanpa biaya tambahan. Terima kasih.","Aman","undangan_aman","synthetic_template_v1","true","false","AMN-6"
"spam","Halo pelanggan, Buka file Galeri_Pernikahan_0122.apk agar foto dan alamat gedung terlihat. Harap cek kembali.","Phishing/Link Berbahaya","paket_apk","synthetic_template_v1","true","false","PHI-7"
"spam","Mohon perhatian, Gabung grup trading kami, modal Rp1.250.000 dijamin berlipat dalam 3 hari. Demikian informasinya.","Penipuan Investasi","profit_pasti","synthetic_template_v1","true","false","INV-2"
"spam","Selamat pagi, Customer service meminta foto kartu dan kode rahasia untuk membuka blokir. Harap cek kembali.","Social Engineering","ancaman_akun","synthetic_template_v1","true","false","SOC-9"
"spam","Hai, Sayang, aku sedang darurat di luar kota. Tolong kirim uang Rp350.000 dalam 30 menit. Salam.","Penipuan Romansa","pinjaman_pasangan","synthetic_template_v1","true","false","ROM-1"
"spam","Selamat sore, Setelah semua obrolan kita, buktikan kepercayaanmu dengan membantu transfer Rp1.250.000. Harap cek kembali.","Penipuan Romansa","pinjaman_pasangan","synthetic_template_v1","true","false","ROM-3"
"spam","Halo pelanggan, Buka file Galeri_Pernikahan_0154.apk agar foto dan alamat gedung terlihat. Demikian informasinya.","Phishing/Link Berbahaya","paket_apk","synthetic_template_v1","true","false","PHI-7"
"spam","Selamat pagi, Posisi terbatas, amankan kursi kerja dengan transfer Rp150.000. Demikian informasinya.","Penipuan Rekrutmen","hrd_palsu","synthetic_template_v1","true","false","REK-9"
"spam","Halo pelanggan, Perbarui data akun melalui halaman login https://akun-aman-0194.invalid sebelum pukul 18.00. Terima kasih.","Phishing/Link Berbahaya","tautan_login_palsu","synthetic_template_v1","true","false","PHI-10"
"ham","Kepada Yth. Bapak/Ibu, Tolong beli makan siang saat pulang dari kampus, nanti saya ganti. Demikian informasinya.","Aman","percakapan_harian","synthetic_template_v1","true","false","AMN-4"
"spam","Halo pelanggan, Kami mengundang Anda ke pesta pernikahan. Buka Foto Undangan_0102.apk untuk info lengkapnya. Salam.","Phishing/Link Berbahaya","undangan_apk","synthetic_template_v1","true","false","PHI-1"
"spam","Halo pelanggan, Rekrutmen resmi tanpa wawancara, bayar pelatihan wajib sebesar Rp5.000.000. Semoga membantu.","Penipuan Rekrutmen","tugas_like","synthetic_template_v1","true","false","REK-6"
"spam","Info untuk Anda, Paket Anda tertahan. Download aplikasi Cek_Resi_0215.apk untuk memilih jadwal antar. Mohon diperhatikan.","Phishing/Link Berbahaya","undangan_apk","synthetic_template_v1","true","false","PHI-4"
"spam","Mohon perhatian, Saya petugas bank. Sebutkan OTP yang baru masuk agar rekening tidak diblokir malam ini. Salam.","Social Engineering","permintaan_otp","synthetic_template_v1","true","false","SOC-1"
"ham","Kepada Yth. Bapak/Ibu, Terima kasih sudah hadir di acara keluarga kemarin, foto ada di album bersama. Mohon diperhatikan.","Aman","undangan_aman","synthetic_template_v1","true","false","AMN-7"
"spam","Halo kak, Kami mengundang Anda ke pesta pernikahan. Buka Foto Undangan_0227.apk untuk info lengkapnya. Terima kasih atas waktunya.","Phishing/Link Berbahaya","undangan_apk","synthetic_template_v1","true","false","PHI-1"
"spam","Hai, Akun akan dinonaktifkan bila Anda tidak membalas dengan OTP dalam 30 menit. Ditunggu konfirmasinya.","Social Engineering","penyamaran_petugas","synthetic_template_v1","true","false","SOC-6"
"spam","Halo pelanggan, Atasan meminta transfer darurat Rp5.000.000; jangan hubungi siapa pun dulu. Mohon diperhatikan.","Social Engineering","penyamaran_petugas","synthetic_template_v1","true","false","SOC-5"
"spam","Hai, HRD membuka lowongan kerja. Bayar biaya administrasi Rp5.000.000 sebelum interview. Terima kasih.","Penipuan Rekrutmen","biaya_administrasi","synthetic_template_v1","true","false","REK-1"
"spam","Assalamualaikum, HRD membuka lowongan kerja. Bayar biaya administrasi Rp1.250.000 sebelum interview. Harap cek kembali.","Penipuan Rekrutmen","biaya_administrasi","synthetic_template_v1","true","false","REK-1"
"spam","Selamat pagi, Sayang, aku sedang darurat di luar kota. Tolong kirim uang Rp1.250.000 sebelum pukul 18.00. Semoga membantu.","Penipuan Romansa","pinjaman_pasangan","synthetic_template_v1","true","false","ROM-1"
"spam","Permisi, Penerimaan pegawai kilat. Rahasiakan proses dan lunasi biaya dokumen. Ditunggu konfirmasinya.","Penipuan Rekrutmen","hrd_palsu","synthetic_template_v1","true","false","REK-10"
"spam","Halo kak, Cintaku, rekeningku diblokir. Pinjamkan Rp1.250.000, nanti langsung kuganti. Terima kasih atas waktunya.","Penipuan Romansa","hadiah_tertahan","synthetic_template_v1","true","false","ROM-5"
"spam","Halo pelanggan, Paket Anda tertahan. Download aplikasi Cek_Resi_0412.apk untuk memilih jadwal antar. Terima kasih.","Phishing/Link Berbahaya","undangan_apk","synthetic_template_v1","true","false","PHI-4"
"spam","Permisi, Aku serius ingin menikah denganmu, tetapi paket hadiahku tertahan dan perlu biaya Rp150.000. Semoga membantu.","Penipuan Romansa","pinjaman_pasangan","synthetic_template_v1","true","false","ROM-2"
"spam","Permisi, Proyek kripto rahasia akan naik 50%. Jangan lewatkan penawaran malam ini. Terima kasih.","Penipuan Investasi","trading_palsu","synthetic_template_v1","true","false","INV-5"
"spam","Halo kak, Rekrutmen resmi tanpa wawancara, bayar pelatihan wajib sebesar Rp150.000. Terima kasih.","Penipuan Rekrutmen","tugas_like","synthetic_template_v1","true","false","REK-6"
"spam","Hai, Bisnis passive income tanpa kerja, modal kembali dalam 5 hari. Semoga membantu.","Penipuan Investasi","deposit_awal","synthetic_template_v1","true","false","INV-9"
"spam","Info untuk Anda, Pihak berwenang mengancam denda bila data pribadi tidak dikirim malam ini. Terima kasih atas waktunya.","Social Engineering","ancaman_akun","synthetic_template_v1","true","false","SOC-10"
"spam","Selamat pagi, Customer service meminta foto kartu dan kode rahasia untuk membuka blokir. Terima kasih.","Social Engineering","ancaman_akun","synthetic_template_v1","true","false","SOC-9"
"spam","Selamat pagi, Admin layanan membutuhkan PIN Anda untuk membatalkan transaksi Rp500.000. Terima kasih atas waktunya.","Social Engineering","permintaan_otp","synthetic_template_v1","true","false","SOC-2"
"spam","Info untuk Anda, Atasan meminta transfer darurat Rp1.250.000; jangan hubungi siapa pun dulu. Harap cek kembali.","Social Engineering","penyamaran_petugas","synthetic_template_v1","true","false","SOC-5"
"ham","Hai, Besok rapat kelompok dimulai pukul 15.30 di ruang B3. Mohon diperhatikan.","Aman","percakapan_harian","synthetic_template_v1","true","false","AMN-1"
"spam","Permisi, Kami lampirkan Undangan_Digital_Pernikahan_0376.apk. Mohon diunduh untuk melihat peta lokasi. Ditunggu konfirmasinya.","Phishing/Link Berbahaya","undangan_apk","synthetic_template_v1","true","false","PHI-2"
"spam","Selamat sore, Nomor Anda bermasalah. Kirim kode verifikasi kepada petugas ini sekarang. Terima kasih atas waktunya.","Social Engineering","permintaan_otp","synthetic_template_v1","true","false","SOC-3"
"ham","Hai, Jadwal konsultasi dipindah ke Senin pukul 13.00 melalui ruang kelas resmi. Terima kasih.","Aman","undangan_aman","synthetic_template_v1","true","false","AMN-5"
"spam","Hai, Aku ingin membangun masa depan bersama, kirim modal kecil untuk usaha kita. Salam.","Penipuan Romansa","hadiah_tertahan","synthetic_template_v1","true","false","ROM-7"
"ham","Selamat pagi, Kami mengundang Anda ke pernikahan keluarga kami pada minggu depan. Undangan berupa PDF, tidak perlu memasang aplikasi. Mohon diperhatikan.","Aman","percakapan_harian","synthetic_template_v1","true","false","AMN-2"
"ham","Selamat sore, Jadwal konsultasi dipindah ke Sabtu pukul 08.00 melalui ruang kelas resmi. Salam.","Aman","undangan_aman","synthetic_template_v1","true","false","AMN-5"
"spam","Mohon perhatian, Sayang, aku sedang darurat di luar kota. Tolong kirim uang Rp350.000 sebelum pukul 18.00. Ditunggu konfirmasinya.","Penipuan Romansa","pinjaman_pasangan","synthetic_template_v1","true","false","ROM-1"
"spam","Selamat pagi, Paket Anda tertahan. Download aplikasi Cek_Resi_0457.apk untuk memilih jadwal antar. Terima kasih.","Phishing/Link Berbahaya","undangan_apk","synthetic_template_v1","true","false","PHI-4"
"spam","Selamat sore, Akun bank akan dinonaktifkan. Verifikasi melalui https://bank-verifikasi-0573.invalid. Salam.","Phishing/Link Berbahaya","paket_apk","synthetic_template_v1","true","false","PHI-5"
"spam","Info untuk Anda, Rekrutmen resmi tanpa wawancara, bayar pelatihan wajib sebesar Rp2.500.000. Harap cek kembali.","Penipuan Rekrutmen","tugas_like","synthetic_template_v1","true","false","REK-6"
"spam","Hai, Kita sudah dekat lama. Tolong bantu biaya pengobatan keluargaku sebesar Rp500.000. Salam.","Penipuan Romansa","darurat_palsu","synthetic_template_v1","true","false","ROM-10"
"ham","Mohon perhatian, Aku sudah sampai rumah. Kabari kalau kamu juga sudah sampai dengan aman. Salam.","Aman","informasi_resmi","synthetic_template_v1","true","false","AMN-9"
"spam","Mohon perhatian, Investasi eksklusif menjanjikan profit 75% tanpa risiko. Deposit mulai Rp2.500.000. Mohon diperhatikan.","Penipuan Investasi","profit_pasti","synthetic_template_v1","true","false","INV-1"
"spam","Selamat sore, Hadiah pernikahan untukmu tertahan di bea cukai. Bayar tagihannya agar dikirim. Mohon diperhatikan.","Penipuan Romansa","hadiah_tertahan","synthetic_template_v1","true","false","ROM-8"
"spam","Hai, Perbarui data akun melalui halaman login https://akun-aman-0346.invalid sekarang. Mohon diperhatikan.","Phishing/Link Berbahaya","tautan_login_palsu","synthetic_template_v1","true","false","PHI-10"
"spam","Assalamualaikum, Undangan resmi elektronik tersedia melalui link http://undangan-0568.invalid. Terima kasih atas waktunya.","Phishing/Link Berbahaya","tautan_login_palsu","synthetic_template_v1","true","false","PHI-9"
"spam","Halo pelanggan, Kesempatan cuan pasti 40% per minggu, transfer modal sebelum pukul 18.00. Mohon diperhatikan.","Penipuan Investasi","profit_pasti","synthetic_template_v1","true","false","INV-3"
"spam","Kepada Yth. Bapak/Ibu, Bisnis passive income tanpa kerja, modal kembali dalam 10 hari. Terima kasih.","Penipuan Investasi","deposit_awal","synthetic_template_v1","true","false","INV-9"
"spam","Hai, Hadiah pernikahan untukmu tertahan di bea cukai. Bayar tagihannya agar dikirim. Salam.","Penipuan Romansa","hadiah_tertahan","synthetic_template_v1","true","false","ROM-8"
"spam","Halo pelanggan, Kerja paruh waktu dari rumah, tugas memberi like dengan deposit awal Rp150.000. Salam.","Penipuan Rekrutmen","biaya_administrasi","synthetic_template_v1","true","false","REK-3"
"spam","Halo pelanggan, Investasi eksklusif menjanjikan profit 20% tanpa risiko. Deposit mulai Rp350.000. Demikian informasinya.","Penipuan Investasi","profit_pasti","synthetic_template_v1","true","false","INV-1"
"ham","Selamat pagi, Aku sudah sampai rumah. Kabari kalau kamu juga sudah sampai dengan aman. Terima kasih atas waktunya.","Aman","informasi_resmi","synthetic_template_v1","true","false","AMN-9"
"ham","Selamat sore, Jadwal konsultasi dipindah ke minggu depan pukul 09.30 melalui ruang kelas resmi. Ditunggu konfirmasinya.","Aman","undangan_aman","synthetic_template_v1","true","false","AMN-5"
"ham","Kepada Yth. Bapak/Ibu, Terima kasih sudah hadir di acara keluarga kemarin, foto ada di album bersama. Terima kasih atas waktunya.","Aman","undangan_aman","synthetic_template_v1","true","false","AMN-7"
"spam","Kepada Yth. Bapak/Ibu, Akun akan dinonaktifkan bila Anda tidak membalas dengan OTP dalam 30 menit. Harap cek kembali.","Social Engineering","penyamaran_petugas","synthetic_template_v1","true","false","SOC-6"
"spam","Permisi, Buka file Galeri_Pernikahan_0485.apk agar foto dan alamat gedung terlihat. Ditunggu konfirmasinya.","Phishing/Link Berbahaya","paket_apk","synthetic_template_v1","true","false","PHI-7"
"ham","Hai, Jadwal konsultasi dipindah ke Sabtu pukul 09.30 melalui ruang kelas resmi. Semoga membantu.","Aman","undangan_aman","synthetic_template_v1","true","false","AMN-5"
"spam","Info untuk Anda, Rekrutmen resmi tanpa wawancara, bayar pelatihan wajib sebesar Rp150.000. Demikian informasinya.","Penipuan Rekrutmen","tugas_like","synthetic_template_v1","true","false","REK-6"
"spam","Selamat pagi, Sayang, aku sedang darurat di luar kota. Tolong kirim uang Rp150.000 dalam 30 menit. Demikian informasinya.","Penipuan Romansa","pinjaman_pasangan","synthetic_template_v1","true","false","ROM-1"
"spam","Halo kak, Undangan resmi elektronik tersedia melalui link http://undangan-0230.invalid. Semoga membantu.","Phishing/Link Berbahaya","tautan_login_palsu","synthetic_template_v1","true","false","PHI-9"
"spam","Mohon perhatian, Hadiah pernikahan untukmu tertahan di bea cukai. Bayar tagihannya agar dikirim. Demikian informasinya.","Penipuan Romansa","hadiah_tertahan","synthetic_template_v1","true","false","ROM-8"
"spam","Halo kak, Detail waktu dan lokasi pernikahan ada di Undangan Pernikahan 0158.apk, silakan buka dalam 30 menit. Ditunggu konfirmasinya.","Phishing/Link Berbahaya","undangan_apk","synthetic_template_v1","true","false","PHI-3"
"spam","Permisi, Pihak berwenang mengancam denda bila data pribadi tidak dikirim hari ini. Semoga membantu.","Social Engineering","ancaman_akun","synthetic_template_v1","true","false","SOC-10"
"spam","Hai, Kerja paruh waktu dari rumah, tugas memberi like dengan deposit awal Rp1.250.000. Semoga membantu.","Penipuan Rekrutmen","biaya_administrasi","synthetic_template_v1","true","false","REK-3"
"spam","Info untuk Anda, Petugas pajak meminta data rekening dan PIN untuk pengembalian dana. Demikian informasinya.","Social Engineering","penyamaran_petugas","synthetic_template_v1","true","false","SOC-7"
"spam","Kepada Yth. Bapak/Ibu, Hadiah pelanggan menunggu. Pasang Bonus_Resmi_0469.apk untuk klaim. Terima kasih atas waktunya.","Phishing/Link Berbahaya","paket_apk","synthetic_template_v1","true","false","PHI-8"
"spam","Info untuk Anda, Customer service meminta foto kartu dan kode rahasia untuk membuka blokir. Terima kasih atas waktunya.","Social Engineering","ancaman_akun","synthetic_template_v1","true","false","SOC-9"
"spam","Selamat sore, Undangan resmi elektronik tersedia melalui link http://undangan-0313.invalid. Terima kasih.","Phishing/Link Berbahaya","tautan_login_palsu","synthetic_template_v1","true","false","PHI-9"
"spam","Hai, Pihak berwenang mengancam denda bila data pribadi tidak dikirim dalam 30 menit. Mohon diperhatikan.","Social Engineering","ancaman_akun","synthetic_template_v1","true","false","SOC-10"
"spam","Selamat sore, Aku ingin membangun masa depan bersama, kirim modal kecil untuk usaha kita. Terima kasih atas waktunya.","Penipuan Romansa","hadiah_tertahan","synthetic_template_v1","true","false","ROM-7"
"spam","Info untuk Anda, Kerja paruh waktu dari rumah, tugas memberi like dengan deposit awal Rp500.000. Terima kasih.","Penipuan Rekrutmen","biaya_administrasi","synthetic_template_v1","true","false","REK-3"
"spam","Halo kak, Saya petugas bank. Sebutkan OTP yang baru masuk agar rekening tidak diblokir sebelum batas waktu. Terima kasih atas waktunya.","Social Engineering","permintaan_otp","synthetic_template_v1","true","false","SOC-1"
"spam","Selamat pagi, Saya dari kantor pusat, mohon konfirmasi password untuk pemeriksaan keamanan. Salam.","Social Engineering","permintaan_otp","synthetic_template_v1","true","false","SOC-4"
"ham","Info untuk Anda, Foto undangan pernikahan sudah saya kirim dalam format JPG. Sampai jumpa di acara ya. Mohon diperhatikan.","Aman","percakapan_harian","synthetic_template_v1","true","false","AMN-3"
"spam","Selamat pagi, Atasan meminta transfer darurat Rp350.000; jangan hubungi siapa pun dulu. Ditunggu konfirmasinya.","Social Engineering","penyamaran_petugas","synthetic_template_v1","true","false","SOC-5"
"ham","Hai, Besok rapat kelompok dimulai pukul 19.00 di ruang B3. Harap cek kembali.","Aman","percakapan_harian","synthetic_template_v1","true","false","AMN-1"
"spam","Hai, Sayang, aku sedang darurat di luar kota. Tolong kirim uang Rp350.000 sekarang. Salam.","Penipuan Romansa","pinjaman_pasangan","synthetic_template_v1","true","false","ROM-1"
"spam","Permisi, Aku bekerja di luar negeri dan akan pulang menemuimu. Bayarkan bea paket hadiah dulu. Terima kasih.","Penipuan Romansa","pinjaman_pasangan","synthetic_template_v1","true","false","ROM-4"
"spam","Kepada Yth. Bapak/Ibu, Detail waktu dan lokasi pernikahan ada di Undangan Pernikahan 0501.apk, silakan buka malam ini. Terima kasih.","Phishing/Link Berbahaya","undangan_apk","synthetic_template_v1","true","false","PHI-3"
"spam","Assalamualaikum, Posisi terbatas, amankan kursi kerja dengan transfer Rp2.500.000. Ditunggu konfirmasinya.","Penipuan Rekrutmen","hrd_palsu","synthetic_template_v1","true","false","REK-9"
"spam","Halo pelanggan, Kerja paruh waktu dari rumah, tugas memberi like dengan deposit awal Rp1.250.000. Harap cek kembali.","Penipuan Rekrutmen","biaya_administrasi","synthetic_template_v1","true","false","REK-3"
"spam","Selamat pagi, Akun akan dinonaktifkan bila Anda tidak membalas dengan OTP malam ini. Salam.","Social Engineering","penyamaran_petugas","synthetic_template_v1","true","false","SOC-6"
"spam","Selamat pagi, Aku bekerja di luar negeri dan akan pulang menemuimu. Bayarkan bea paket hadiah dulu. Semoga membantu.","Penipuan Romansa","pinjaman_pasangan","synthetic_template_v1","true","false","ROM-4"
"spam","Info untuk Anda, Customer service meminta foto kartu dan kode rahasia untuk membuka blokir. Mohon diperhatikan.","Social Engineering","ancaman_akun","synthetic_template_v1","true","false","SOC-9"
"spam","Kepada Yth. Bapak/Ibu, HRD meminta pembayaran medical check-up ke rekening pribadi sebelum batas waktu. Mohon diperhatikan.","Penipuan Rekrutmen","tugas_like","synthetic_template_v1","true","false","REK-8"
"ham","Permisi, Besok rapat kelompok dimulai pukul 19.00 di ruang A1. Terima kasih atas waktunya.","Aman","percakapan_harian","synthetic_template_v1","true","false","AMN-1"
"spam","Selamat pagi, Jangan beri tahu keluargamu tentang hubungan kita. Aku butuh bantuan dana sebelum pukul 18.00. Mohon diperhatikan.","Penipuan Romansa","hadiah_tertahan","synthetic_template_v1","true","false","ROM-6"
"spam","Hai, Aku bekerja di luar negeri dan akan pulang menemuimu. Bayarkan bea paket hadiah dulu. Mohon diperhatikan.","Penipuan Romansa","pinjaman_pasangan","synthetic_template_v1","true","false","ROM-4"
"ham","Info untuk Anda, Kami mengundang Anda ke pernikahan keluarga kami pada Sabtu. Undangan berupa PDF, tidak perlu memasang aplikasi. Terima kasih.","Aman","percakapan_harian","synthetic_template_v1","true","false","AMN-2"
"spam","Halo pelanggan, Pihak berwenang mengancam denda bila data pribadi tidak dikirim sekarang. Terima kasih atas waktunya.","Social Engineering","ancaman_akun","synthetic_template_v1","true","false","SOC-10"
"spam","Assalamualaikum, Kesempatan cuan pasti 50% per minggu, transfer modal hari ini. Salam.","Penipuan Investasi","profit_pasti","synthetic_template_v1","true","false","INV-3"
"spam","Info untuk Anda, Tugas online mudah menghasilkan komisi. Top up saldo agar tugas berikutnya terbuka. Salam.","Penipuan Rekrutmen","tugas_like","synthetic_template_v1","true","false","REK-7"
"spam","Selamat pagi, Rekrutmen resmi tanpa wawancara, bayar pelatihan wajib sebesar Rp500.000. Salam.","Penipuan Rekrutmen","tugas_like","synthetic_template_v1","true","false","REK-6"
"spam","Halo pelanggan, Aku ingin membangun masa depan bersama, kirim modal kecil untuk usaha kita. Semoga membantu.","Penipuan Romansa","hadiah_tertahan","synthetic_template_v1","true","false","ROM-7"
"spam","Halo pelanggan, HRD membuka lowongan kerja. Bayar biaya administrasi Rp2.500.000 sebelum interview. Ditunggu konfirmasinya.","Penipuan Rekrutmen","biaya_administrasi","synthetic_template_v1","true","false","REK-1"
"spam","Assalamualaikum, Rekrutmen resmi tanpa wawancara, bayar pelatihan wajib sebesar Rp350.000. Ditunggu konfirmasinya.","Penipuan Rekrutmen","tugas_like","synthetic_template_v1","true","false","REK-6"
"ham","Permisi, Jadwal konsultasi dipindah ke Senin pukul 08.00 melalui ruang kelas resmi. Harap cek kembali.","Aman","undangan_aman","synthetic_template_v1","true","false","AMN-5"
"spam","Hai, Setelah semua obrolan kita, buktikan kepercayaanmu dengan membantu transfer Rp2.500.000. Semoga membantu.","Penipuan Romansa","pinjaman_pasangan","synthetic_template_v1","true","false","ROM-3"
"spam","Mohon perhatian, Atasan meminta transfer darurat Rp500.000; jangan hubungi siapa pun dulu. Semoga membantu.","Social Engineering","penyamaran_petugas","synthetic_template_v1","true","false","SOC-5"
"spam","Halo pelanggan, Cintaku, rekeningku diblokir. Pinjamkan Rp500.000, nanti langsung kuganti. Ditunggu konfirmasinya.","Penipuan Romansa","hadiah_tertahan","synthetic_template_v1","true","false","ROM-5"
"spam","Selamat sore, HRD meminta pembayaran medical check-up ke rekening pribadi sebelum batas waktu. Ditunggu konfirmasinya.","Penipuan Rekrutmen","tugas_like","synthetic_template_v1","true","false","REK-8"
"spam","Hai, Kerja paruh waktu dari rumah, tugas memberi like dengan deposit awal Rp1.250.000. Ditunggu konfirmasinya.","Penipuan Rekrutmen","biaya_administrasi","synthetic_template_v1","true","false","REK-3"
"spam","Permisi, Paket investasi VIP tersisa satu slot. Kirim Rp1.250.000 untuk mengamankan posisi. Semoga membantu.","Penipuan Investasi","trading_palsu","synthetic_template_v1","true","false","INV-8"
"spam","Halo kak, Proyek kripto rahasia akan naik 30%. Jangan lewatkan penawaran sekarang. Terima kasih.","Penipuan Investasi","trading_palsu","synthetic_template_v1","true","false","INV-5"
"spam","Assalamualaikum, Pihak berwenang mengancam denda bila data pribadi tidak dikirim hari ini. Terima kasih.","Social Engineering","ancaman_akun","synthetic_template_v1","true","false","SOC-10"
"ham","Info untuk Anda, Pengumuman kampus dapat dilihat melalui portal akademik resmi. Terima kasih.","Aman","undangan_aman","synthetic_template_v1","true","false","AMN-8"
"spam","Hai, Detail waktu dan lokasi pernikahan ada di Undangan Pernikahan 0532.apk, silakan buka sebelum pukul 18.00. Terima kasih atas waktunya.","Phishing/Link Berbahaya","undangan_apk","synthetic_template_v1","true","false","PHI-3"
"spam","Halo kak, Jangan beri tahu keluargamu tentang hubungan kita. Aku butuh bantuan dana hari ini. Salam.","Penipuan Romansa","hadiah_tertahan","synthetic_template_v1","true","false","ROM-6"
"spam","Hai, Aku bekerja di luar negeri dan akan pulang menemuimu. Bayarkan bea paket hadiah dulu. Terima kasih atas waktunya.","Penipuan Romansa","pinjaman_pasangan","synthetic_template_v1","true","false","ROM-4"
"spam","Halo kak, Akun akan dinonaktifkan bila Anda tidak membalas dengan OTP sekarang. Demikian informasinya.","Social Engineering","penyamaran_petugas","synthetic_template_v1","true","false","SOC-6"
"spam","Assalamualaikum, HRD meminta pembayaran medical check-up ke rekening pribadi sebelum batas waktu. Salam.","Penipuan Rekrutmen","tugas_like","synthetic_template_v1","true","false","REK-8"
"spam","Mohon perhatian, Saya petugas bank. Sebutkan OTP yang baru masuk agar rekening tidak diblokir hari ini. Demikian informasinya.","Social Engineering","permintaan_otp","synthetic_template_v1","true","false","SOC-1"
"spam","Kepada Yth. Bapak/Ibu, Investasi kebun digital memberi bonus anggota dan keuntungan tanpa rugi. Harap cek kembali.","Penipuan Investasi","trading_palsu","synthetic_template_v1","true","false","INV-6"
"spam","Assalamualaikum, Undangan interview dari perusahaan besar, beli tiket melalui agen yang kami tunjuk. Ditunggu konfirmasinya.","Penipuan Rekrutmen","biaya_administrasi","synthetic_template_v1","true","false","REK-4"
"spam","Info untuk Anda, Dana Anda akan dikelola profesional dengan hasil pasti 50% per bulan. Mohon diperhatikan.","Penipuan Investasi","trading_palsu","synthetic_template_v1","true","false","INV-7"
"ham","Info untuk Anda, Besok rapat kelompok dimulai pukul 08.00 di ruang laboratorium. Semoga membantu.","Aman","percakapan_harian","synthetic_template_v1","true","false","AMN-1"
"ham","Permisi, Foto undangan pernikahan sudah saya kirim dalam format JPG. Sampai jumpa di acara ya. Semoga membantu.","Aman","percakapan_harian","synthetic_template_v1","true","false","AMN-3"
"spam","Selamat sore, Undangan resmi elektronik tersedia melalui link http://undangan-0535.invalid. Salam.","Phishing/Link Berbahaya","tautan_login_palsu","synthetic_template_v1","true","false","PHI-9"
"spam","Halo pelanggan, Jangan beri tahu keluargamu tentang hubungan kita. Aku butuh bantuan dana malam ini. Semoga membantu.","Penipuan Romansa","hadiah_tertahan","synthetic_template_v1","true","false","ROM-6"
"spam","Assalamualaikum, Kami lampirkan Undangan_Digital_Pernikahan_0123.apk. Mohon diunduh untuk melihat peta lokasi. Terima kasih atas waktunya.","Phishing/Link Berbahaya","undangan_apk","synthetic_template_v1","true","false","PHI-2"
"spam","Selamat sore, HRD meminta pembayaran medical check-up ke rekening pribadi sebelum pukul 18.00. Demikian informasinya.","Penipuan Rekrutmen","tugas_like","synthetic_template_v1","true","false","REK-8"
"spam","Selamat pagi, Penerimaan pegawai kilat. Rahasiakan proses dan lunasi biaya dokumen. Demikian informasinya.","Penipuan Rekrutmen","hrd_palsu","synthetic_template_v1","true","false","REK-10"
"spam","Permisi, Rekrutmen resmi tanpa wawancara, bayar pelatihan wajib sebesar Rp1.250.000. Semoga membantu.","Penipuan Rekrutmen","tugas_like","synthetic_template_v1","true","false","REK-6"
"spam","Selamat sore, Akun akan dinonaktifkan bila Anda tidak membalas dengan OTP sekarang. Demikian informasinya.","Social Engineering","penyamaran_petugas","synthetic_template_v1","true","false","SOC-6"
"ham","Mohon perhatian, Foto undangan pernikahan sudah saya kirim dalam format JPG. Sampai jumpa di acara ya. Salam.","Aman","percakapan_harian","synthetic_template_v1","true","false","AMN-3"
"spam","Permisi, Admin layanan membutuhkan PIN Anda untuk membatalkan transaksi Rp2.500.000. Demikian informasinya.","Social Engineering","permintaan_otp","synthetic_template_v1","true","false","SOC-2"
"ham","Hai, Besok rapat kelompok dimulai pukul 15.30 di ruang A1. Harap cek kembali.","Aman","percakapan_harian","synthetic_template_v1","true","false","AMN-1"
"spam","Selamat pagi, Investasi eksklusif menjanjikan profit 20% tanpa risiko. Deposit mulai Rp500.000. Terima kasih.","Penipuan Investasi","profit_pasti","synthetic_template_v1","true","false","INV-1"
"spam","Halo pelanggan, Petugas pajak meminta data rekening dan PIN untuk pengembalian dana. Terima kasih.","Social Engineering","penyamaran_petugas","synthetic_template_v1","true","false","SOC-7"
"spam","Selamat sore, Kerja paruh waktu dari rumah, tugas memberi like dengan deposit awal Rp350.000. Salam.","Penipuan Rekrutmen","biaya_administrasi","synthetic_template_v1","true","false","REK-3"
"spam","Mohon perhatian, Gabung grup trading kami, modal Rp500.000 dijamin berlipat dalam 7 hari. Harap cek kembali.","Penipuan Investasi","profit_pasti","synthetic_template_v1","true","false","INV-2"
"spam","Selamat pagi, Akun akan dinonaktifkan bila Anda tidak membalas dengan OTP dalam 30 menit. Semoga membantu.","Social Engineering","penyamaran_petugas","synthetic_template_v1","true","false","SOC-6"
"spam","Selamat pagi, Jangan beri tahu keluargamu tentang hubungan kita. Aku butuh bantuan dana hari ini. Harap cek kembali.","Penipuan Romansa","hadiah_tertahan","synthetic_template_v1","true","false","ROM-6"
"spam","Kepada Yth. Bapak/Ibu, Paket investasi VIP tersisa satu slot. Kirim Rp150.000 untuk mengamankan posisi. Terima kasih atas waktunya.","Penipuan Investasi","trading_palsu","synthetic_template_v1","true","false","INV-8"
"spam","Halo pelanggan, Bukti profit sudah banyak. Transfer dana awal agar akun investasi diaktifkan. Demikian informasinya.","Penipuan Investasi","deposit_awal","synthetic_template_v1","true","false","INV-10"
"spam","Selamat sore, Robot trading legal menjamin return tetap. Buka akun dengan setoran Rp2.500.000. Mohon diperhatikan.","Penipuan Investasi","profit_pasti","synthetic_template_v1","true","false","INV-4"
"spam","Hai, Paket Anda tertahan. Download aplikasi Cek_Resi_0069.apk untuk memilih jadwal antar. Salam.","Phishing/Link Berbahaya","undangan_apk","synthetic_template_v1","true","false","PHI-4"
"spam","Selamat pagi, Pihak berwenang mengancam denda bila data pribadi tidak dikirim dalam 30 menit. Terima kasih atas waktunya.","Social Engineering","ancaman_akun","synthetic_template_v1","true","false","SOC-10"
"spam","Selamat pagi, Paket investasi VIP tersisa satu slot. Kirim Rp350.000 untuk mengamankan posisi. Semoga membantu.","Penipuan Investasi","trading_palsu","synthetic_template_v1","true","false","INV-8"
"spam","Permisi, Perbarui data akun melalui halaman login https://akun-aman-0463.invalid malam ini. Semoga membantu.","Phishing/Link Berbahaya","tautan_login_palsu","synthetic_template_v1","true","false","PHI-10"
"spam","Selamat pagi, Petugas pajak meminta data rekening dan PIN untuk pengembalian dana. Salam.","Social Engineering","penyamaran_petugas","synthetic_template_v1","true","false","SOC-7"
"spam","Halo kak, Customer service meminta foto kartu dan kode rahasia untuk membuka blokir. Terima kasih.","Social Engineering","ancaman_akun","synthetic_template_v1","true","false","SOC-9"
"spam","Halo kak, Bukti profit sudah banyak. Transfer dana awal agar akun investasi diaktifkan. Semoga membantu.","Penipuan Investasi","deposit_awal","synthetic_template_v1","true","false","INV-10"
"spam","Kepada Yth. Bapak/Ibu, Aku serius ingin menikah denganmu, tetapi paket hadiahku tertahan dan perlu biaya Rp5.000.000. Harap cek kembali.","Penipuan Romansa","pinjaman_pasangan","synthetic_template_v1","true","false","ROM-2"
"spam","Halo pelanggan, Gabung grup trading kami, modal Rp5.000.000 dijamin berlipat dalam 2 hari. Salam.","Penipuan Investasi","profit_pasti","synthetic_template_v1","true","false","INV-2"
"spam","Halo kak, Paket Anda tertahan. Download aplikasi Cek_Resi_0203.apk untuk memilih jadwal antar. Salam.","Phishing/Link Berbahaya","undangan_apk","synthetic_template_v1","true","false","PHI-4"
"spam","Permisi, Akun akan dinonaktifkan bila Anda tidak membalas dengan OTP sebelum pukul 18.00. Terima kasih.","Social Engineering","penyamaran_petugas","synthetic_template_v1","true","false","SOC-6"
"spam","Info untuk Anda, Dana Anda akan dikelola profesional dengan hasil pasti 50% per bulan. Semoga membantu.","Penipuan Investasi","trading_palsu","synthetic_template_v1","true","false","INV-7"
"spam","Hai, Saya dari kantor pusat, mohon konfirmasi password untuk pemeriksaan keamanan. Semoga membantu.","Social Engineering","permintaan_otp","synthetic_template_v1","true","false","SOC-4"
"spam","Halo pelanggan, Rekrutmen resmi tanpa wawancara, bayar pelatihan wajib sebesar Rp350.000. Semoga membantu.","Penipuan Rekrutmen","tugas_like","synthetic_template_v1","true","false","REK-6"
"spam","Permisi, Saya keluarga Anda memakai nomor baru. Tolong transfer Rp500.000 karena sedang darurat. Demikian informasinya.","Social Engineering","penyamaran_petugas","synthetic_template_v1","true","false","SOC-8"
"spam","Permisi, Paket Anda tertahan. Download aplikasi Cek_Resi_0432.apk untuk memilih jadwal antar. Demikian informasinya.","Phishing/Link Berbahaya","undangan_apk","synthetic_template_v1","true","false","PHI-4"
"ham","Halo pelanggan, Kami mengundang Anda ke pernikahan keluarga kami pada Rabu. Undangan berupa PDF, tidak perlu memasang aplikasi. Ditunggu konfirmasinya.","Aman","percakapan_harian","synthetic_template_v1","true","false","AMN-2"
"ham","undangannya berupa gambar JPG, bukan aplikasi","Aman","contemporary_hard_case","synthetic_contemporary_v2","true","false","AMN-H18"
"spam","Hai, Saya keluarga Anda memakai nomor baru. Tolong transfer Rp150.000 karena sedang darurat. Ditunggu konfirmasinya.","Social Engineering","penyamaran_petugas","synthetic_template_v1","true","false","SOC-8"
"spam","Selamat sore, Dana Anda akan dikelola profesional dengan hasil pasti 75% per bulan. Mohon diperhatikan.","Penipuan Investasi","trading_palsu","synthetic_template_v1","true","false","INV-7"
"spam","Halo pelanggan, Jangan beri tahu keluargamu tentang hubungan kita. Aku butuh bantuan dana malam ini. Salam.","Penipuan Romansa","hadiah_tertahan","synthetic_template_v1","true","false","ROM-6"
"spam","Selamat sore, Aku serius ingin menikah denganmu, tetapi paket hadiahku tertahan dan perlu biaya Rp150.000. Harap cek kembali.","Penipuan Romansa","pinjaman_pasangan","synthetic_template_v1","true","false","ROM-2"
"spam","Permisi, Kesempatan cuan pasti 50% per minggu, transfer modal sebelum batas waktu. Harap cek kembali.","Penipuan Investasi","profit_pasti","synthetic_template_v1","true","false","INV-3"
"spam","Selamat sore, Kami mengundang Anda ke pesta pernikahan. Buka Foto Undangan_0569.apk untuk info lengkapnya. Semoga membantu.","Phishing/Link Berbahaya","undangan_apk","synthetic_template_v1","true","false","PHI-1"
"spam","Selamat pagi, HRD meminta pembayaran medical check-up ke rekening pribadi sebelum pukul 18.00. Demikian informasinya.","Penipuan Rekrutmen","tugas_like","synthetic_template_v1","true","false","REK-8"
"spam","Halo kak, Posisi terbatas, amankan kursi kerja dengan transfer Rp350.000. Demikian informasinya.","Penipuan Rekrutmen","hrd_palsu","synthetic_template_v1","true","false","REK-9"
"spam","Kepada Yth. Bapak/Ibu, Perbarui data akun melalui halaman login https://akun-aman-0480.invalid sebelum batas waktu. Salam.","Phishing/Link Berbahaya","tautan_login_palsu","synthetic_template_v1","true","false","PHI-10"
"ham","Halo pelanggan, Kami mengundang Anda ke pernikahan keluarga kami pada Senin. Undangan berupa PDF, tidak perlu memasang aplikasi. Terima kasih atas waktunya.","Aman","percakapan_harian","synthetic_template_v1","true","false","AMN-2"
"spam","Selamat sore, Hadiah pelanggan menunggu. Pasang Bonus_Resmi_0086.apk untuk klaim. Semoga membantu.","Phishing/Link Berbahaya","paket_apk","synthetic_template_v1","true","false","PHI-8"
"spam","Selamat pagi, Gabung grup trading kami, modal Rp1.250.000 dijamin berlipat dalam 10 hari. Terima kasih atas waktunya.","Penipuan Investasi","profit_pasti","synthetic_template_v1","true","false","INV-2"
"spam","Selamat sore, Nomor Anda bermasalah. Kirim kode verifikasi kepada petugas ini dalam 30 menit. Mohon diperhatikan.","Social Engineering","permintaan_otp","synthetic_template_v1","true","false","SOC-3"
"spam","Selamat sore, Atasan meminta transfer darurat Rp1.250.000; jangan hubungi siapa pun dulu. Terima kasih.","Social Engineering","penyamaran_petugas","synthetic_template_v1","true","false","SOC-5"
"spam","Kepada Yth. Bapak/Ibu, Hadiah pernikahan untukmu tertahan di bea cukai. Bayar tagihannya agar dikirim. Semoga membantu.","Penipuan Romansa","hadiah_tertahan","synthetic_template_v1","true","false","ROM-8"
"spam","Permisi, Cintaku, rekeningku diblokir. Pinjamkan Rp350.000, nanti langsung kuganti. Demikian informasinya.","Penipuan Romansa","hadiah_tertahan","synthetic_template_v1","true","false","ROM-5"
"ham","Kepada Yth. Bapak/Ibu, Pengumuman kampus dapat dilihat melalui portal akademik resmi. Semoga membantu.","Aman","undangan_aman","synthetic_template_v1","true","false","AMN-8"
"spam","Permisi, Kesempatan cuan pasti 40% per minggu, transfer modal hari ini. Terima kasih atas waktunya.","Penipuan Investasi","profit_pasti","synthetic_template_v1","true","false","INV-3"
"spam","Permisi, Paket Anda tertahan. Download aplikasi Cek_Resi_0504.apk untuk memilih jadwal antar. Mohon diperhatikan.","Phishing/Link Berbahaya","undangan_apk","synthetic_template_v1","true","false","PHI-4"
"spam","Halo kak, Admin layanan membutuhkan PIN Anda untuk membatalkan transaksi Rp2.500.000. Salam.","Social Engineering","permintaan_otp","synthetic_template_v1","true","false","SOC-2"
"ham","Info untuk Anda, Foto undangan pernikahan sudah saya kirim dalam format JPG. Sampai jumpa di acara ya. Salam.","Aman","percakapan_harian","synthetic_template_v1","true","false","AMN-3"
"spam","Selamat sore, Hadiah pelanggan menunggu. Pasang Bonus_Resmi_0040.apk untuk klaim. Demikian informasinya.","Phishing/Link Berbahaya","paket_apk","synthetic_template_v1","true","false","PHI-8"
"spam","Halo pelanggan, Bisnis passive income tanpa kerja, modal kembali dalam 10 hari. Terima kasih atas waktunya.","Penipuan Investasi","deposit_awal","synthetic_template_v1","true","false","INV-9"
"spam","Selamat sore, Anda diterima tanpa tes. Transfer biaya seragam Rp350.000 dalam 30 menit. Semoga membantu.","Penipuan Rekrutmen","biaya_administrasi","synthetic_template_v1","true","false","REK-2"
"ham","Kepada Yth. Bapak/Ibu, Kami mengundang Anda ke pernikahan keluarga kami pada Senin. Undangan berupa PDF, tidak perlu memasang aplikasi. Salam.","Aman","percakapan_harian","synthetic_template_v1","true","false","AMN-2"
"spam","Info untuk Anda, Tagihan belum dibayar. Klik tautan [tautan-palsu-0517] untuk menghindari denda. Terima kasih atas waktunya.","Phishing/Link Berbahaya","paket_apk","synthetic_template_v1","true","false","PHI-6"
"ham","Selamat pagi, Foto undangan pernikahan sudah saya kirim dalam format JPG. Sampai jumpa di acara ya. Harap cek kembali.","Aman","percakapan_harian","synthetic_template_v1","true","false","AMN-3"
"spam","Info untuk Anda, Penerimaan pegawai kilat. Rahasiakan proses dan lunasi biaya dokumen. Demikian informasinya.","Penipuan Rekrutmen","hrd_palsu","synthetic_template_v1","true","false","REK-10"
"spam","Selamat sore, Sayang, aku sedang darurat di luar kota. Tolong kirim uang Rp500.000 hari ini. Terima kasih atas waktunya.","Penipuan Romansa","pinjaman_pasangan","synthetic_template_v1","true","false","ROM-1"
"spam","Assalamualaikum, Jangan beri tahu keluargamu tentang hubungan kita. Aku butuh bantuan dana sebelum pukul 18.00. Salam.","Penipuan Romansa","hadiah_tertahan","synthetic_template_v1","true","false","ROM-6"
"spam","Selamat pagi, Hadiah pelanggan menunggu. Pasang Bonus_Resmi_0276.apk untuk klaim. Mohon diperhatikan.","Phishing/Link Berbahaya","paket_apk","synthetic_template_v1","true","false","PHI-8"
"spam","Halo kak, Bisnis passive income tanpa kerja, modal kembali dalam 5 hari. Terima kasih atas waktunya.","Penipuan Investasi","deposit_awal","synthetic_template_v1","true","false","INV-9"
"spam","Selamat sore, Anda diterima tanpa tes. Transfer biaya seragam Rp2.500.000 sebelum pukul 18.00. Mohon diperhatikan.","Penipuan Rekrutmen","biaya_administrasi","synthetic_template_v1","true","false","REK-2"
"spam","Hai, Proyek kripto rahasia akan naik 30%. Jangan lewatkan penawaran hari ini. Terima kasih atas waktunya.","Penipuan Investasi","trading_palsu","synthetic_template_v1","true","false","INV-5"
"spam","Selamat sore, Hadiah pelanggan menunggu. Pasang Bonus_Resmi_0591.apk untuk klaim. Terima kasih.","Phishing/Link Berbahaya","paket_apk","synthetic_template_v1","true","false","PHI-8"
"spam","Halo kak, Tagihan belum dibayar. Klik tautan [tautan-palsu-0081] untuk menghindari denda. Mohon diperhatikan.","Phishing/Link Berbahaya","paket_apk","synthetic_template_v1","true","false","PHI-6"
"ham","Hai, Foto undangan pernikahan sudah saya kirim dalam format JPG. Sampai jumpa di acara ya. Salam.","Aman","percakapan_harian","synthetic_template_v1","true","false","AMN-3"
"spam","Selamat pagi, Posisi terbatas, amankan kursi kerja dengan transfer Rp2.500.000. Semoga membantu.","Penipuan Rekrutmen","hrd_palsu","synthetic_template_v1","true","false","REK-9"
"spam","Permisi, HRD meminta pembayaran medical check-up ke rekening pribadi sebelum pukul 18.00. Mohon diperhatikan.","Penipuan Rekrutmen","tugas_like","synthetic_template_v1","true","false","REK-8"
"ham","Halo kak, Jadwal konsultasi dipindah ke minggu depan pukul 08.00 melalui ruang kelas resmi. Mohon diperhatikan.","Aman","undangan_aman","synthetic_template_v1","true","false","AMN-5"
"spam","Kepada Yth. Bapak/Ibu, Kami mengundang Anda ke pesta pernikahan. Buka Foto Undangan_0536.apk untuk info lengkapnya. Terima kasih atas waktunya.","Phishing/Link Berbahaya","undangan_apk","synthetic_template_v1","true","false","PHI-1"
"spam","Permisi, Perbarui data akun melalui halaman login https://akun-aman-0560.invalid malam ini. Salam.","Phishing/Link Berbahaya","tautan_login_palsu","synthetic_template_v1","true","false","PHI-10"
"spam","Halo pelanggan, Saya petugas bank. Sebutkan OTP yang baru masuk agar rekening tidak diblokir hari ini. Ditunggu konfirmasinya.","Social Engineering","permintaan_otp","synthetic_template_v1","true","false","SOC-1"
"spam","Mohon perhatian, HRD meminta pembayaran medical check-up ke rekening pribadi hari ini. Harap cek kembali.","Penipuan Rekrutmen","tugas_like","synthetic_template_v1","true","false","REK-8"
"spam","Kepada Yth. Bapak/Ibu, Bukti profit sudah banyak. Transfer dana awal agar akun investasi diaktifkan. Harap cek kembali.","Penipuan Investasi","deposit_awal","synthetic_template_v1","true","false","INV-10"
"spam","Selamat pagi, Paket Anda tertahan. Download aplikasi Cek_Resi_0290.apk untuk memilih jadwal antar. Demikian informasinya.","Phishing/Link Berbahaya","undangan_apk","synthetic_template_v1","true","false","PHI-4"
"spam","Kepada Yth. Bapak/Ibu, Rekrutmen resmi tanpa wawancara, bayar pelatihan wajib sebesar Rp1.250.000. Terima kasih.","Penipuan Rekrutmen","tugas_like","synthetic_template_v1","true","false","REK-6"
"spam","Kepada Yth. Bapak/Ibu, Buka file Galeri_Pernikahan_0306.apk agar foto dan alamat gedung terlihat. Ditunggu konfirmasinya.","Phishing/Link Berbahaya","paket_apk","synthetic_template_v1","true","false","PHI-7"
"spam","Kepada Yth. Bapak/Ibu, Pihak berwenang mengancam denda bila data pribadi tidak dikirim malam ini. Ditunggu konfirmasinya.","Social Engineering","ancaman_akun","synthetic_template_v1","true","false","SOC-10"
"spam","Permisi, Investasi eksklusif menjanjikan profit 40% tanpa risiko. Deposit mulai Rp150.000. Ditunggu konfirmasinya.","Penipuan Investasi","profit_pasti","synthetic_template_v1","true","false","INV-1"
"spam","Hai, Kesempatan cuan pasti 25% per minggu, transfer modal hari ini. Semoga membantu.","Penipuan Investasi","profit_pasti","synthetic_template_v1","true","false","INV-3"
"spam","Kepada Yth. Bapak/Ibu, Cintaku, rekeningku diblokir. Pinjamkan Rp2.500.000, nanti langsung kuganti. Terima kasih.","Penipuan Romansa","hadiah_tertahan","synthetic_template_v1","true","false","ROM-5"
"ham","boleh minta foto catatan kuliah?","Aman","contemporary_hard_case","synthetic_contemporary_v2","true","false","AMN-H11"
"spam","Halo kak, Proyek kripto rahasia akan naik 40%. Jangan lewatkan penawaran sebelum batas waktu. Salam.","Penipuan Investasi","trading_palsu","synthetic_template_v1","true","false","INV-5"
"spam","Selamat pagi, HRD meminta pembayaran medical check-up ke rekening pribadi dalam 30 menit. Harap cek kembali.","Penipuan Rekrutmen","tugas_like","synthetic_template_v1","true","false","REK-8"
"spam","Info untuk Anda, HRD membuka lowongan kerja. Bayar biaya administrasi Rp5.000.000 sebelum interview. Harap cek kembali.","Penipuan Rekrutmen","biaya_administrasi","synthetic_template_v1","true","false","REK-1"
"spam","Assalamualaikum, Paket investasi VIP tersisa satu slot. Kirim Rp2.500.000 untuk mengamankan posisi. Terima kasih.","Penipuan Investasi","trading_palsu","synthetic_template_v1","true","false","INV-8"
"spam","Mohon perhatian, Buka file Galeri_Pernikahan_0036.apk agar foto dan alamat gedung terlihat. Terima kasih.","Phishing/Link Berbahaya","paket_apk","synthetic_template_v1","true","false","PHI-7"
"spam","Halo pelanggan, Petugas pajak meminta data rekening dan PIN untuk pengembalian dana. Terima kasih atas waktunya.","Social Engineering","penyamaran_petugas","synthetic_template_v1","true","false","SOC-7"
"spam","Mohon perhatian, Aku ingin membangun masa depan bersama, kirim modal kecil untuk usaha kita. Terima kasih atas waktunya.","Penipuan Romansa","hadiah_tertahan","synthetic_template_v1","true","false","ROM-7"
"spam","Saya polisi, angkat video call ini agar perkara Anda tidak diproses.","Social Engineering","contemporary_hard_case","synthetic_contemporary_v2","true","false","SOC-H3"
"spam","Selamat pagi, Aku ingin membangun masa depan bersama, kirim modal kecil untuk usaha kita. Harap cek kembali.","Penipuan Romansa","hadiah_tertahan","synthetic_template_v1","true","false","ROM-7"
"spam","Assalamualaikum, Saya dari kantor pusat, mohon konfirmasi password untuk pemeriksaan keamanan. Terima kasih atas waktunya.","Social Engineering","permintaan_otp","synthetic_template_v1","true","false","SOC-4"
"spam","Halo kak, Kerja paruh waktu dari rumah, tugas memberi like dengan deposit awal Rp5.000.000. Ditunggu konfirmasinya.","Penipuan Rekrutmen","biaya_administrasi","synthetic_template_v1","true","false","REK-3"
"spam","Info untuk Anda, Kita sudah dekat lama. Tolong bantu biaya pengobatan keluargaku sebesar Rp500.000. Harap cek kembali.","Penipuan Romansa","darurat_palsu","synthetic_template_v1","true","false","ROM-10"
"spam","Assalamualaikum, Jangan beri tahu keluargamu tentang hubungan kita. Aku butuh bantuan dana sebelum pukul 18.00. Demikian informasinya.","Penipuan Romansa","hadiah_tertahan","synthetic_template_v1","true","false","ROM-6"
"ham","Kepada Yth. Bapak/Ibu, Besok rapat kelompok dimulai pukul 08.00 di ruang B3. Semoga membantu.","Aman","percakapan_harian","synthetic_template_v1","true","false","AMN-1"
"ham","Kepada Yth. Bapak/Ibu, Tolong beli makan siang saat pulang dari kampus, nanti saya ganti. Terima kasih.","Aman","percakapan_harian","synthetic_template_v1","true","false","AMN-4"
"spam","Info untuk Anda, Anda diterima tanpa tes. Transfer biaya seragam Rp2.500.000 sekarang. Salam.","Penipuan Rekrutmen","biaya_administrasi","synthetic_template_v1","true","false","REK-2"
"ham","Assalamualaikum, Foto undangan pernikahan sudah saya kirim dalam format JPG. Sampai jumpa di acara ya. Harap cek kembali.","Aman","percakapan_harian","synthetic_template_v1","true","false","AMN-3"
"spam","Mohon perhatian, Rekrutmen resmi tanpa wawancara, bayar pelatihan wajib sebesar Rp5.000.000. Terima kasih atas waktunya.","Penipuan Rekrutmen","tugas_like","synthetic_template_v1","true","false","REK-6"
"spam","Surat PHK terbaru ada di lampiran Surat_Pusat.apk, buka sekarang.","Phishing/Link Berbahaya","contemporary_hard_case","synthetic_contemporary_v2","true","false","PHI-H1"
"spam","Halo kak, Undangan interview dari perusahaan besar, beli tiket melalui agen yang kami tunjuk. Salam.","Penipuan Rekrutmen","biaya_administrasi","synthetic_template_v1","true","false","REK-4"
"spam","Kepada Yth. Bapak/Ibu, Cintaku, rekeningku diblokir. Pinjamkan Rp1.250.000, nanti langsung kuganti. Demikian informasinya.","Penipuan Romansa","hadiah_tertahan","synthetic_template_v1","true","false","ROM-5"
"spam","Selamat sore, Bisnis passive income tanpa kerja, modal kembali dalam 3 hari. Demikian informasinya.","Penipuan Investasi","deposit_awal","synthetic_template_v1","true","false","INV-9"
"spam","Selamat sore, Sayang, aku sedang darurat di luar kota. Tolong kirim uang Rp350.000 sebelum pukul 18.00. Harap cek kembali.","Penipuan Romansa","pinjaman_pasangan","synthetic_template_v1","true","false","ROM-1"
"spam","Assalamualaikum, Hadiah pelanggan menunggu. Pasang Bonus_Resmi_0570.apk untuk klaim. Demikian informasinya.","Phishing/Link Berbahaya","paket_apk","synthetic_template_v1","true","false","PHI-8"
"spam","Info untuk Anda, Proyek kripto rahasia akan naik 40%. Jangan lewatkan penawaran sekarang. Semoga membantu.","Penipuan Investasi","trading_palsu","synthetic_template_v1","true","false","INV-5"
"spam","Halo kak, Robot trading legal menjamin return tetap. Buka akun dengan setoran Rp2.500.000. Mohon diperhatikan.","Penipuan Investasi","profit_pasti","synthetic_template_v1","true","false","INV-4"
"ham","Hai, Aku sudah sampai rumah. Kabari kalau kamu juga sudah sampai dengan aman. Demikian informasinya.","Aman","informasi_resmi","synthetic_template_v1","true","false","AMN-9"
"spam","Halo kak, Dana Anda akan dikelola profesional dengan hasil pasti 40% per bulan. Harap cek kembali.","Penipuan Investasi","trading_palsu","synthetic_template_v1","true","false","INV-7"
"ham","Selamat sore, Kami mengundang Anda ke pernikahan keluarga kami pada Senin. Undangan berupa PDF, tidak perlu memasang aplikasi. Semoga membantu.","Aman","percakapan_harian","synthetic_template_v1","true","false","AMN-2"
"spam","Assalamualaikum, Saya keluarga Anda memakai nomor baru. Tolong transfer Rp350.000 karena sedang darurat. Demikian informasinya.","Social Engineering","penyamaran_petugas","synthetic_template_v1","true","false","SOC-8"
"spam","Selamat sore, Gabung grup trading kami, modal Rp350.000 dijamin berlipat dalam 7 hari. Harap cek kembali.","Penipuan Investasi","profit_pasti","synthetic_template_v1","true","false","INV-2"
"spam","Permisi, Kesempatan cuan pasti 25% per minggu, transfer modal hari ini. Semoga membantu.","Penipuan Investasi","profit_pasti","synthetic_template_v1","true","false","INV-3"
"spam","Permisi, Saya keluarga Anda memakai nomor baru. Tolong transfer Rp2.500.000 karena sedang darurat. Demikian informasinya.","Social Engineering","penyamaran_petugas","synthetic_template_v1","true","false","SOC-8"
"spam","Halo pelanggan, Saya petugas bank. Sebutkan OTP yang baru masuk agar rekening tidak diblokir dalam 30 menit. Salam.","Social Engineering","permintaan_otp","synthetic_template_v1","true","false","SOC-1"
"spam","Selamat sore, Hadiah pernikahan untukmu tertahan di bea cukai. Bayar tagihannya agar dikirim. Harap cek kembali.","Penipuan Romansa","hadiah_tertahan","synthetic_template_v1","true","false","ROM-8"
"spam","Kepada Yth. Bapak/Ibu, Bisnis passive income tanpa kerja, modal kembali dalam 5 hari. Terima kasih atas waktunya.","Penipuan Investasi","deposit_awal","synthetic_template_v1","true","false","INV-9"
"spam","Mohon perhatian, Setelah semua obrolan kita, buktikan kepercayaanmu dengan membantu transfer Rp2.500.000. Semoga membantu.","Penipuan Romansa","pinjaman_pasangan","synthetic_template_v1","true","false","ROM-3"
"spam","Permisi, Posisi terbatas, amankan kursi kerja dengan transfer Rp2.500.000. Terima kasih atas waktunya.","Penipuan Rekrutmen","hrd_palsu","synthetic_template_v1","true","false","REK-9"
"spam","Kepada Yth. Bapak/Ibu, Buka file Galeri_Pernikahan_0340.apk agar foto dan alamat gedung terlihat. Semoga membantu.","Phishing/Link Berbahaya","paket_apk","synthetic_template_v1","true","false","PHI-7"
"spam","Hai, HRD membuka lowongan kerja. Bayar biaya administrasi Rp350.000 sebelum interview. Salam.","Penipuan Rekrutmen","biaya_administrasi","synthetic_template_v1","true","false","REK-1"
"spam","Halo pelanggan, Perbarui data akun melalui halaman login https://akun-aman-0557.invalid hari ini. Ditunggu konfirmasinya.","Phishing/Link Berbahaya","tautan_login_palsu","synthetic_template_v1","true","false","PHI-10"
"spam","Mohon perhatian, Admin layanan membutuhkan PIN Anda untuk membatalkan transaksi Rp350.000. Mohon diperhatikan.","Social Engineering","permintaan_otp","synthetic_template_v1","true","false","SOC-2"
"spam","Hai, Akun akan dinonaktifkan bila Anda tidak membalas dengan OTP dalam 30 menit. Salam.","Social Engineering","penyamaran_petugas","synthetic_template_v1","true","false","SOC-6"
"spam","Permisi, Hadiah pernikahan untukmu tertahan di bea cukai. Bayar tagihannya agar dikirim. Semoga membantu.","Penipuan Romansa","hadiah_tertahan","synthetic_template_v1","true","false","ROM-8"
"spam","Info untuk Anda, Gabung grup trading kami, modal Rp500.000 dijamin berlipat dalam 10 hari. Mohon diperhatikan.","Penipuan Investasi","profit_pasti","synthetic_template_v1","true","false","INV-2"
"ham","Halo pelanggan, Paket sudah diterima oleh satpam. Silakan diambil tanpa biaya tambahan. Harap cek kembali.","Aman","undangan_aman","synthetic_template_v1","true","false","AMN-6"
"spam","Permisi, Dana Anda akan dikelola profesional dengan hasil pasti 25% per bulan. Semoga membantu.","Penipuan Investasi","trading_palsu","synthetic_template_v1","true","false","INV-7"
"ham","Assalamualaikum, Tolong beli makan siang saat pulang dari kampus, nanti saya ganti. Ditunggu konfirmasinya.","Aman","percakapan_harian","synthetic_template_v1","true","false","AMN-4"
"spam","Kepada Yth. Bapak/Ibu, Aku serius ingin menikah denganmu, tetapi paket hadiahku tertahan dan perlu biaya Rp5.000.000. Mohon diperhatikan.","Penipuan Romansa","pinjaman_pasangan","synthetic_template_v1","true","false","ROM-2"
"spam","Assalamualaikum, Penerimaan pegawai kilat. Rahasiakan proses dan lunasi biaya dokumen. Harap cek kembali.","Penipuan Rekrutmen","hrd_palsu","synthetic_template_v1","true","false","REK-10"
"spam","Info untuk Anda, Akun bank akan dinonaktifkan. Verifikasi melalui https://bank-verifikasi-0047.invalid. Demikian informasinya.","Phishing/Link Berbahaya","paket_apk","synthetic_template_v1","true","false","PHI-5"
"spam","Selamat pagi, Hadiah pelanggan menunggu. Pasang Bonus_Resmi_0324.apk untuk klaim. Mohon diperhatikan.","Phishing/Link Berbahaya","paket_apk","synthetic_template_v1","true","false","PHI-8"
"ham","Selamat pagi, Pengumuman kampus dapat dilihat melalui portal akademik resmi. Ditunggu konfirmasinya.","Aman","undangan_aman","synthetic_template_v1","true","false","AMN-8"
"spam","Mohon perhatian, Investasi eksklusif menjanjikan profit 25% tanpa risiko. Deposit mulai Rp1.250.000. Terima kasih.","Penipuan Investasi","profit_pasti","synthetic_template_v1","true","false","INV-1"
"spam","Hai, Atasan meminta transfer darurat Rp350.000; jangan hubungi siapa pun dulu. Ditunggu konfirmasinya.","Social Engineering","penyamaran_petugas","synthetic_template_v1","true","false","SOC-5"
"spam","Info untuk Anda, Kerja paruh waktu dari rumah, tugas memberi like dengan deposit awal Rp500.000. Terima kasih atas waktunya.","Penipuan Rekrutmen","biaya_administrasi","synthetic_template_v1","true","false","REK-3"
"spam","Permisi, Tagihan belum dibayar. Klik tautan [tautan-palsu-0551] untuk menghindari denda. Mohon diperhatikan.","Phishing/Link Berbahaya","paket_apk","synthetic_template_v1","true","false","PHI-6"
"spam","Selamat sore, Investasi kebun digital memberi bonus anggota dan keuntungan tanpa rugi. Terima kasih atas waktunya.","Penipuan Investasi","trading_palsu","synthetic_template_v1","true","false","INV-6"
"spam","Assalamualaikum, Petugas pajak meminta data rekening dan PIN untuk pengembalian dana. Mohon diperhatikan.","Social Engineering","penyamaran_petugas","synthetic_template_v1","true","false","SOC-7"
"spam","Halo pelanggan, Setelah semua obrolan kita, buktikan kepercayaanmu dengan membantu transfer Rp150.000. Mohon diperhatikan.","Penipuan Romansa","pinjaman_pasangan","synthetic_template_v1","true","false","ROM-3"
"ham","Permisi, Undangan rapat RT terlampir sebagai dokumen PDF dari pengurus yang kamu kenal. Semoga membantu.","Aman","informasi_resmi","synthetic_template_v1","true","false","AMN-10"
"spam","Permisi, Aku kehilangan dompet saat perjalanan menemuimu. Tolong transfer Rp5.000.000. Semoga membantu.","Penipuan Romansa","darurat_palsu","synthetic_template_v1","true","false","ROM-9"
"spam","Selamat pagi, Akun bank akan dinonaktifkan. Verifikasi melalui https://bank-verifikasi-0385.invalid. Terima kasih atas waktunya.","Phishing/Link Berbahaya","paket_apk","synthetic_template_v1","true","false","PHI-5"
"spam","Selamat pagi, Anda diterima tanpa tes. Transfer biaya seragam Rp1.250.000 sekarang. Harap cek kembali.","Penipuan Rekrutmen","biaya_administrasi","synthetic_template_v1","true","false","REK-2"
"spam","Mohon perhatian, Kita sudah dekat lama. Tolong bantu biaya pengobatan keluargaku sebesar Rp5.000.000. Salam.","Penipuan Romansa","darurat_palsu","synthetic_template_v1","true","false","ROM-10"
"spam","Mohon perhatian, Lowongan staf administrasi bergaji tinggi. Kirim PIN dan data rekening untuk payroll. Salam.","Penipuan Rekrutmen","tugas_like","synthetic_template_v1","true","false","REK-5"
"spam","Halo pelanggan, HRD meminta pembayaran medical check-up ke rekening pribadi hari ini. Demikian informasinya.","Penipuan Rekrutmen","tugas_like","synthetic_template_v1","true","false","REK-8"
"spam","Halo kak, Setelah semua obrolan kita, buktikan kepercayaanmu dengan membantu transfer Rp5.000.000. Semoga membantu.","Penipuan Romansa","pinjaman_pasangan","synthetic_template_v1","true","false","ROM-3"
"spam","Halo pelanggan, Akun bank akan dinonaktifkan. Verifikasi melalui https://bank-verifikasi-0409.invalid. Terima kasih atas waktunya.","Phishing/Link Berbahaya","paket_apk","synthetic_template_v1","true","false","PHI-5"
"spam","Halo kak, Akun bank akan dinonaktifkan. Verifikasi melalui https://bank-verifikasi-0595.invalid. Ditunggu konfirmasinya.","Phishing/Link Berbahaya","paket_apk","synthetic_template_v1","true","false","PHI-5"
"spam","Mohon perhatian, Kerja paruh waktu dari rumah, tugas memberi like dengan deposit awal Rp1.250.000. Terima kasih atas waktunya.","Penipuan Rekrutmen","biaya_administrasi","synthetic_template_v1","true","false","REK-3"
"ham","Halo pelanggan, Aku sudah sampai rumah. Kabari kalau kamu juga sudah sampai dengan aman. Ditunggu konfirmasinya.","Aman","informasi_resmi","synthetic_template_v1","true","false","AMN-9"
"spam","Permisi, Proyek kripto rahasia akan naik 25%. Jangan lewatkan penawaran sebelum batas waktu. Mohon diperhatikan.","Penipuan Investasi","trading_palsu","synthetic_template_v1","true","false","INV-5"
"spam","Selamat pagi, Hadiah pelanggan menunggu. Pasang Bonus_Resmi_0238.apk untuk klaim. Mohon diperhatikan.","Phishing/Link Berbahaya","paket_apk","synthetic_template_v1","true","false","PHI-8"
"spam","Mohon perhatian, Posisi terbatas, amankan kursi kerja dengan transfer Rp150.000. Semoga membantu.","Penipuan Rekrutmen","hrd_palsu","synthetic_template_v1","true","false","REK-9"
"spam","Info untuk Anda, Akun bank akan dinonaktifkan. Verifikasi melalui https://bank-verifikasi-0046.invalid. Demikian informasinya.","Phishing/Link Berbahaya","paket_apk","synthetic_template_v1","true","false","PHI-5"
"spam","Selamat sore, Saya petugas bank. Sebutkan OTP yang baru masuk agar rekening tidak diblokir malam ini. Semoga membantu.","Social Engineering","permintaan_otp","synthetic_template_v1","true","false","SOC-1"
"ham","Halo kak, Besok rapat kelompok dimulai pukul 15.30 di ruang B3. Harap cek kembali.","Aman","percakapan_harian","synthetic_template_v1","true","false","AMN-1"
"spam","Kepada Yth. Bapak/Ibu, Paket Anda tertahan. Download aplikasi Cek_Resi_0446.apk untuk memilih jadwal antar. Terima kasih.","Phishing/Link Berbahaya","undangan_apk","synthetic_template_v1","true","false","PHI-4"
"spam","Halo kak, Aku serius ingin menikah denganmu, tetapi paket hadiahku tertahan dan perlu biaya Rp1.250.000. Ditunggu konfirmasinya.","Penipuan Romansa","pinjaman_pasangan","synthetic_template_v1","true","false","ROM-2"
"spam","Selamat pagi, HRD membuka lowongan kerja. Bayar biaya administrasi Rp2.500.000 sebelum interview. Semoga membantu.","Penipuan Rekrutmen","biaya_administrasi","synthetic_template_v1","true","false","REK-1"
"spam","Hai, Dana Anda akan dikelola profesional dengan hasil pasti 25% per bulan. Semoga membantu.","Penipuan Investasi","trading_palsu","synthetic_template_v1","true","false","INV-7"
"spam","Mohon perhatian, Pihak berwenang mengancam denda bila data pribadi tidak dikirim sebelum batas waktu. Ditunggu konfirmasinya.","Social Engineering","ancaman_akun","synthetic_template_v1","true","false","SOC-10"
"spam","Selamat sore, Bukti profit sudah banyak. Transfer dana awal agar akun investasi diaktifkan. Demikian informasinya.","Penipuan Investasi","deposit_awal","synthetic_template_v1","true","false","INV-10"
"spam","Halo pelanggan, Sayang, aku sedang darurat di luar kota. Tolong kirim uang Rp350.000 sebelum pukul 18.00. Terima kasih atas waktunya.","Penipuan Romansa","pinjaman_pasangan","synthetic_template_v1","true","false","ROM-1"
"spam","Selamat pagi, Saya dari kantor pusat, mohon konfirmasi password untuk pemeriksaan keamanan. Semoga membantu.","Social Engineering","permintaan_otp","synthetic_template_v1","true","false","SOC-4"
"spam","Permisi, Gabung grup trading kami, modal Rp500.000 dijamin berlipat dalam 3 hari. Terima kasih.","Penipuan Investasi","profit_pasti","synthetic_template_v1","true","false","INV-2"
"spam","Halo kak, Setelah semua obrolan kita, buktikan kepercayaanmu dengan membantu transfer Rp2.500.000. Salam.","Penipuan Romansa","pinjaman_pasangan","synthetic_template_v1","true","false","ROM-3"
"spam","Hai, Dana Anda akan dikelola profesional dengan hasil pasti 50% per bulan. Terima kasih atas waktunya.","Penipuan Investasi","trading_palsu","synthetic_template_v1","true","false","INV-7"
"spam","Halo kak, Cintaku, rekeningku diblokir. Pinjamkan Rp500.000, nanti langsung kuganti. Terima kasih.","Penipuan Romansa","hadiah_tertahan","synthetic_template_v1","true","false","ROM-5"
"spam","Permisi, Aku kehilangan dompet saat perjalanan menemuimu. Tolong transfer Rp150.000. Ditunggu konfirmasinya.","Penipuan Romansa","darurat_palsu","synthetic_template_v1","true","false","ROM-9"
"spam","Mohon perhatian, Paket investasi VIP tersisa satu slot. Kirim Rp350.000 untuk mengamankan posisi. Harap cek kembali.","Penipuan Investasi","trading_palsu","synthetic_template_v1","true","false","INV-8"
"ham","Halo kak, Undangan rapat RT terlampir sebagai dokumen PDF dari pengurus yang kamu kenal. Terima kasih atas waktunya.","Aman","informasi_resmi","synthetic_template_v1","true","false","AMN-10"
"spam","Hai, Tagihan belum dibayar. Klik tautan [tautan-palsu-0539] untuk menghindari denda. Mohon diperhatikan.","Phishing/Link Berbahaya","paket_apk","synthetic_template_v1","true","false","PHI-6"
"spam","Halo pelanggan, Aku kehilangan dompet saat perjalanan menemuimu. Tolong transfer Rp5.000.000. Mohon diperhatikan.","Penipuan Romansa","darurat_palsu","synthetic_template_v1","true","false","ROM-9"
"spam","Assalamualaikum, Kerja paruh waktu dari rumah, tugas memberi like dengan deposit awal Rp350.000. Terima kasih.","Penipuan Rekrutmen","biaya_administrasi","synthetic_template_v1","true","false","REK-3"
"spam","Mohon perhatian, Aku kehilangan dompet saat perjalanan menemuimu. Tolong transfer Rp350.000. Demikian informasinya.","Penipuan Romansa","darurat_palsu","synthetic_template_v1","true","false","ROM-9"
"ham","Halo kak, Besok rapat kelompok dimulai pukul 09.30 di ruang aula. Mohon diperhatikan.","Aman","percakapan_harian","synthetic_template_v1","true","false","AMN-1"
"spam","Selamat sore, Paket Anda tertahan. Download aplikasi Cek_Resi_0368.apk untuk memilih jadwal antar. Semoga membantu.","Phishing/Link Berbahaya","undangan_apk","synthetic_template_v1","true","false","PHI-4"
"spam","Halo kak, Undangan interview dari perusahaan besar, beli tiket melalui agen yang kami tunjuk. Demikian informasinya.","Penipuan Rekrutmen","biaya_administrasi","synthetic_template_v1","true","false","REK-4"
"ham","Hai, Kami mengundang Anda ke pernikahan keluarga kami pada Senin. Undangan berupa PDF, tidak perlu memasang aplikasi. Demikian informasinya.","Aman","percakapan_harian","synthetic_template_v1","true","false","AMN-2"
"ham","Kepada Yth. Bapak/Ibu, Besok rapat kelompok dimulai pukul 08.00 di ruang laboratorium. Ditunggu konfirmasinya.","Aman","percakapan_harian","synthetic_template_v1","true","false","AMN-1"
"ham","Assalamualaikum, Pengumuman kampus dapat dilihat melalui portal akademik resmi. Terima kasih atas waktunya.","Aman","undangan_aman","synthetic_template_v1","true","false","AMN-8"
"spam","Halo kak, Tugas online mudah menghasilkan komisi. Top up saldo agar tugas berikutnya terbuka. Terima kasih atas waktunya.","Penipuan Rekrutmen","tugas_like","synthetic_template_v1","true","false","REK-7"
"spam","Mohon perhatian, Aku serius ingin menikah denganmu, tetapi paket hadiahku tertahan dan perlu biaya Rp150.000. Ditunggu konfirmasinya.","Penipuan Romansa","pinjaman_pasangan","synthetic_template_v1","true","false","ROM-2"
"spam","Mohon perhatian, Tugas online mudah menghasilkan komisi. Top up saldo agar tugas berikutnya terbuka. Terima kasih atas waktunya.","Penipuan Rekrutmen","tugas_like","synthetic_template_v1","true","false","REK-7"
"ham","Kepada Yth. Bapak/Ibu, Foto undangan pernikahan sudah saya kirim dalam format JPG. Sampai jumpa di acara ya. Mohon diperhatikan.","Aman","percakapan_harian","synthetic_template_v1","true","false","AMN-3"
"spam","Halo kak, Hadiah pelanggan menunggu. Pasang Bonus_Resmi_0584.apk untuk klaim. Mohon diperhatikan.","Phishing/Link Berbahaya","paket_apk","synthetic_template_v1","true","false","PHI-8"
"ham","Hai, Kami mengundang Anda ke pernikahan keluarga kami pada Sabtu. Undangan berupa PDF, tidak perlu memasang aplikasi. Demikian informasinya.","Aman","percakapan_harian","synthetic_template_v1","true","false","AMN-2"
"spam","Info untuk Anda, Admin layanan membutuhkan PIN Anda untuk membatalkan transaksi Rp2.500.000. Harap cek kembali.","Social Engineering","permintaan_otp","synthetic_template_v1","true","false","SOC-2"
"spam","Kepada Yth. Bapak/Ibu, Tugas online mudah menghasilkan komisi. Top up saldo agar tugas berikutnya terbuka. Terima kasih.","Penipuan Rekrutmen","tugas_like","synthetic_template_v1","true","false","REK-7"
"spam","Info untuk Anda, Cintaku, rekeningku diblokir. Pinjamkan Rp150.000, nanti langsung kuganti. Ditunggu konfirmasinya.","Penipuan Romansa","hadiah_tertahan","synthetic_template_v1","true","false","ROM-5"
"ham","Mohon perhatian, Jadwal konsultasi dipindah ke Rabu pukul 08.00 melalui ruang kelas resmi. Demikian informasinya.","Aman","undangan_aman","synthetic_template_v1","true","false","AMN-5"
"spam","Selamat pagi, Admin layanan membutuhkan PIN Anda untuk membatalkan transaksi Rp1.250.000. Ditunggu konfirmasinya.","Social Engineering","permintaan_otp","synthetic_template_v1","true","false","SOC-2"
"spam","Klik https://bansos-verifikasi.invalid untuk pencairan bantuan.","Phishing/Link Berbahaya","contemporary_hard_case","synthetic_contemporary_v2","true","false","PHI-H6"
"spam","Halo kak, Akun akan dinonaktifkan bila Anda tidak membalas dengan OTP sekarang. Terima kasih atas waktunya.","Social Engineering","penyamaran_petugas","synthetic_template_v1","true","false","SOC-6"
"ham","Assalamualaikum, Paket sudah diterima oleh satpam. Silakan diambil tanpa biaya tambahan. Salam.","Aman","undangan_aman","synthetic_template_v1","true","false","AMN-6"
"spam","Kepada Yth. Bapak/Ibu, Kita sudah dekat lama. Tolong bantu biaya pengobatan keluargaku sebesar Rp2.500.000. Ditunggu konfirmasinya.","Penipuan Romansa","darurat_palsu","synthetic_template_v1","true","false","ROM-10"
"spam","Halo kak, Aku bekerja di luar negeri dan akan pulang menemuimu. Bayarkan bea paket hadiah dulu. Salam.","Penipuan Romansa","pinjaman_pasangan","synthetic_template_v1","true","false","ROM-4"
"spam","Mohon perhatian, Atasan meminta transfer darurat Rp1.250.000; jangan hubungi siapa pun dulu. Semoga membantu.","Social Engineering","penyamaran_petugas","synthetic_template_v1","true","false","SOC-5"
"spam","Kepada Yth. Bapak/Ibu, Kita sudah dekat lama. Tolong bantu biaya pengobatan keluargaku sebesar Rp150.000. Ditunggu konfirmasinya.","Penipuan Romansa","darurat_palsu","synthetic_template_v1","true","false","ROM-10"
"spam","Permisi, Aku bekerja di luar negeri dan akan pulang menemuimu. Bayarkan bea paket hadiah dulu. Ditunggu konfirmasinya.","Penipuan Romansa","pinjaman_pasangan","synthetic_template_v1","true","false","ROM-4"
"spam","Halo pelanggan, Tugas online mudah menghasilkan komisi. Top up saldo agar tugas berikutnya terbuka. Demikian informasinya.","Penipuan Rekrutmen","tugas_like","synthetic_template_v1","true","false","REK-7"
"spam","Hai, Anda diterima tanpa tes. Transfer biaya seragam Rp2.500.000 sebelum batas waktu. Terima kasih atas waktunya.","Penipuan Rekrutmen","biaya_administrasi","synthetic_template_v1","true","false","REK-2"
"spam","Info untuk Anda, Paket Anda tertahan. Download aplikasi Cek_Resi_0205.apk untuk memilih jadwal antar. Terima kasih.","Phishing/Link Berbahaya","undangan_apk","synthetic_template_v1","true","false","PHI-4"
"ham","Permisi, Kami mengundang Anda ke pernikahan keluarga kami pada Senin. Undangan berupa PDF, tidak perlu memasang aplikasi. Terima kasih atas waktunya.","Aman","percakapan_harian","synthetic_template_v1","true","false","AMN-2"
"spam","Info untuk Anda, Kesempatan cuan pasti 50% per minggu, transfer modal malam ini. Mohon diperhatikan.","Penipuan Investasi","profit_pasti","synthetic_template_v1","true","false","INV-3"
"spam","Selamat sore, Customer service meminta foto kartu dan kode rahasia untuk membuka blokir. Harap cek kembali.","Social Engineering","ancaman_akun","synthetic_template_v1","true","false","SOC-9"
"spam","Kepada Yth. Bapak/Ibu, Jangan beri tahu keluargamu tentang hubungan kita. Aku butuh bantuan dana malam ini. Ditunggu konfirmasinya.","Penipuan Romansa","hadiah_tertahan","synthetic_template_v1","true","false","ROM-6"
"spam","Hai, Investasi kebun digital memberi bonus anggota dan keuntungan tanpa rugi. Terima kasih atas waktunya.","Penipuan Investasi","trading_palsu","synthetic_template_v1","true","false","INV-6"
"spam","Hai, Kesempatan cuan pasti 25% per minggu, transfer modal hari ini. Terima kasih atas waktunya.","Penipuan Investasi","profit_pasti","synthetic_template_v1","true","false","INV-3"
"spam","Kepada Yth. Bapak/Ibu, Dana Anda akan dikelola profesional dengan hasil pasti 50% per bulan. Salam.","Penipuan Investasi","trading_palsu","synthetic_template_v1","true","false","INV-7"
"spam","Halo kak, Rekrutmen resmi tanpa wawancara, bayar pelatihan wajib sebesar Rp1.250.000. Ditunggu konfirmasinya.","Penipuan Rekrutmen","tugas_like","synthetic_template_v1","true","false","REK-6"
"spam","Selamat sore, Gabung grup trading kami, modal Rp150.000 dijamin berlipat dalam 10 hari. Terima kasih atas waktunya.","Penipuan Investasi","profit_pasti","synthetic_template_v1","true","false","INV-2"
"spam","Selamat sore, Rekrutmen resmi tanpa wawancara, bayar pelatihan wajib sebesar Rp500.000. Ditunggu konfirmasinya.","Penipuan Rekrutmen","tugas_like","synthetic_template_v1","true","false","REK-6"
"spam","Info untuk Anda, Petugas pajak meminta data rekening dan PIN untuk pengembalian dana. Ditunggu konfirmasinya.","Social Engineering","penyamaran_petugas","synthetic_template_v1","true","false","SOC-7"
"spam","Selamat sore, Saya dari kantor pusat, mohon konfirmasi password untuk pemeriksaan keamanan. Semoga membantu.","Social Engineering","permintaan_otp","synthetic_template_v1","true","false","SOC-4"
"spam","Hai, Lowongan staf administrasi bergaji tinggi. Kirim PIN dan data rekening untuk payroll. Mohon diperhatikan.","Penipuan Rekrutmen","tugas_like","synthetic_template_v1","true","false","REK-5"
"spam","Selamat pagi, Saya petugas bank. Sebutkan OTP yang baru masuk agar rekening tidak diblokir hari ini. Salam.","Social Engineering","permintaan_otp","synthetic_template_v1","true","false","SOC-1"
"spam","Mohon perhatian, Paket Anda tertahan. Download aplikasi Cek_Resi_0460.apk untuk memilih jadwal antar. Semoga membantu.","Phishing/Link Berbahaya","undangan_apk","synthetic_template_v1","true","false","PHI-4"
"spam","Selamat pagi, Anda diterima tanpa tes. Transfer biaya seragam Rp5.000.000 malam ini. Harap cek kembali.","Penipuan Rekrutmen","biaya_administrasi","synthetic_template_v1","true","false","REK-2"
"spam","Hai, Petugas pajak meminta data rekening dan PIN untuk pengembalian dana. Semoga membantu.","Social Engineering","penyamaran_petugas","synthetic_template_v1","true","false","SOC-7"
"spam","Halo pelanggan, Aku serius ingin menikah denganmu, tetapi paket hadiahku tertahan dan perlu biaya Rp150.000. Ditunggu konfirmasinya.","Penipuan Romansa","pinjaman_pasangan","synthetic_template_v1","true","false","ROM-2"
"spam","Selamat sore, Nomor Anda bermasalah. Kirim kode verifikasi kepada petugas ini sekarang. Salam.","Social Engineering","permintaan_otp","synthetic_template_v1","true","false","SOC-3"
"spam","Kepada Yth. Bapak/Ibu, Tugas online mudah menghasilkan komisi. Top up saldo agar tugas berikutnya terbuka. Salam.","Penipuan Rekrutmen","tugas_like","synthetic_template_v1","true","false","REK-7"
"spam","Halo kak, Hadiah pelanggan menunggu. Pasang Bonus_Resmi_0403.apk untuk klaim. Demikian informasinya.","Phishing/Link Berbahaya","paket_apk","synthetic_template_v1","true","false","PHI-8"
"ham","Hai, Paket sudah diterima oleh satpam. Silakan diambil tanpa biaya tambahan. Salam.","Aman","undangan_aman","synthetic_template_v1","true","false","AMN-6"
"spam","Selamat pagi, Undangan resmi elektronik tersedia melalui link http://undangan-0037.invalid. Terima kasih.","Phishing/Link Berbahaya","tautan_login_palsu","synthetic_template_v1","true","false","PHI-9"
"spam","Permisi, Petugas pajak meminta data rekening dan PIN untuk pengembalian dana. Demikian informasinya.","Social Engineering","penyamaran_petugas","synthetic_template_v1","true","false","SOC-7"
"spam","Halo kak, Customer service meminta foto kartu dan kode rahasia untuk membuka blokir. Demikian informasinya.","Social Engineering","ancaman_akun","synthetic_template_v1","true","false","SOC-9"
"ham","Halo pelanggan, Kami mengundang Anda ke pernikahan keluarga kami pada minggu depan. Undangan berupa PDF, tidak perlu memasang aplikasi. Mohon diperhatikan.","Aman","percakapan_harian","synthetic_template_v1","true","false","AMN-2"
"spam","Selamat sore, Aku kehilangan dompet saat perjalanan menemuimu. Tolong transfer Rp150.000. Salam.","Penipuan Romansa","darurat_palsu","synthetic_template_v1","true","false","ROM-9"
"spam","Selamat sore, Gabung grup trading kami, modal Rp500.000 dijamin berlipat dalam 7 hari. Ditunggu konfirmasinya.","Penipuan Investasi","profit_pasti","synthetic_template_v1","true","false","INV-2"
"spam","Selamat pagi, Tagihan belum dibayar. Klik tautan [tautan-palsu-0587] untuk menghindari denda. Demikian informasinya.","Phishing/Link Berbahaya","paket_apk","synthetic_template_v1","true","false","PHI-6"
"spam","Assalamualaikum, Hadiah pernikahan untukmu tertahan di bea cukai. Bayar tagihannya agar dikirim. Terima kasih atas waktunya.","Penipuan Romansa","hadiah_tertahan","synthetic_template_v1","true","false","ROM-8"
"spam","Selamat pagi, Petugas pajak meminta data rekening dan PIN untuk pengembalian dana. Semoga membantu.","Social Engineering","penyamaran_petugas","synthetic_template_v1","true","false","SOC-7"
"spam","Assalamualaikum, Aku kehilangan dompet saat perjalanan menemuimu. Tolong transfer Rp5.000.000. Ditunggu konfirmasinya.","Penipuan Romansa","darurat_palsu","synthetic_template_v1","true","false","ROM-9"
"spam","Assalamualaikum, Saya keluarga Anda memakai nomor baru. Tolong transfer Rp2.500.000 karena sedang darurat. Salam.","Social Engineering","penyamaran_petugas","synthetic_template_v1","true","false","SOC-8"
"spam","Halo kak, Jangan beri tahu keluargamu tentang hubungan kita. Aku butuh bantuan dana sebelum batas waktu. Terima kasih.","Penipuan Romansa","hadiah_tertahan","synthetic_template_v1","true","false","ROM-6"
"spam","Halo kak, Aku kehilangan dompet saat perjalanan menemuimu. Tolong transfer Rp150.000. Terima kasih.","Penipuan Romansa","darurat_palsu","synthetic_template_v1","true","false","ROM-9"
"spam","Halo pelanggan, Aku ingin membangun masa depan bersama, kirim modal kecil untuk usaha kita. Mohon diperhatikan.","Penipuan Romansa","hadiah_tertahan","synthetic_template_v1","true","false","ROM-7"
"ham","Mohon perhatian, Tolong beli makan siang saat pulang dari kampus, nanti saya ganti. Salam.","Aman","percakapan_harian","synthetic_template_v1","true","false","AMN-4"
"spam","Kepada Yth. Bapak/Ibu, Tagihan belum dibayar. Klik tautan [tautan-palsu-0254] untuk menghindari denda. Salam.","Phishing/Link Berbahaya","paket_apk","synthetic_template_v1","true","false","PHI-6"
"spam","Selamat pagi, Tugas online mudah menghasilkan komisi. Top up saldo agar tugas berikutnya terbuka. Salam.","Penipuan Rekrutmen","tugas_like","synthetic_template_v1","true","false","REK-7"
"spam","Assalamualaikum, Aku serius ingin menikah denganmu, tetapi paket hadiahku tertahan dan perlu biaya Rp500.000. Salam.","Penipuan Romansa","pinjaman_pasangan","synthetic_template_v1","true","false","ROM-2"
"spam","Permisi, Kami mengundang Anda ke pesta pernikahan. Buka Foto Undangan_0436.apk untuk info lengkapnya. Harap cek kembali.","Phishing/Link Berbahaya","undangan_apk","synthetic_template_v1","true","false","PHI-1"
"spam","Selamat sore, Gabung grup trading kami, modal Rp1.250.000 dijamin berlipat dalam 10 hari. Semoga membantu.","Penipuan Investasi","profit_pasti","synthetic_template_v1","true","false","INV-2"
"spam","Permisi, Akun akan dinonaktifkan bila Anda tidak membalas dengan OTP sebelum pukul 18.00. Ditunggu konfirmasinya.","Social Engineering","penyamaran_petugas","synthetic_template_v1","true","false","SOC-6"
"spam","Selamat pagi, Admin layanan membutuhkan PIN Anda untuk membatalkan transaksi Rp1.250.000. Salam.","Social Engineering","permintaan_otp","synthetic_template_v1","true","false","SOC-2"
"spam","Assalamualaikum, Detail waktu dan lokasi pernikahan ada di Undangan Pernikahan 0354.apk, silakan buka malam ini. Semoga membantu.","Phishing/Link Berbahaya","undangan_apk","synthetic_template_v1","true","false","PHI-3"
"ham","Kepada Yth. Bapak/Ibu, Jadwal konsultasi dipindah ke Senin pukul 08.00 melalui ruang kelas resmi. Ditunggu konfirmasinya.","Aman","undangan_aman","synthetic_template_v1","true","false","AMN-5"
"spam","Halo kak, Investasi eksklusif menjanjikan profit 30% tanpa risiko. Deposit mulai Rp150.000. Semoga membantu.","Penipuan Investasi","profit_pasti","synthetic_template_v1","true","false","INV-1"
"spam","Permisi, Admin layanan membutuhkan PIN Anda untuk membatalkan transaksi Rp1.250.000. Terima kasih atas waktunya.","Social Engineering","permintaan_otp","synthetic_template_v1","true","false","SOC-2"
"spam","Assalamualaikum, Hadiah pelanggan menunggu. Pasang Bonus_Resmi_0211.apk untuk klaim. Terima kasih.","Phishing/Link Berbahaya","paket_apk","synthetic_template_v1","true","false","PHI-8"
"spam","Assalamualaikum, Kami mengundang Anda ke pesta pernikahan. Buka Foto Undangan_0483.apk untuk info lengkapnya. Ditunggu konfirmasinya.","Phishing/Link Berbahaya","undangan_apk","synthetic_template_v1","true","false","PHI-1"
"spam","Selamat pagi, Customer service meminta foto kartu dan kode rahasia untuk membuka blokir. Mohon diperhatikan.","Social Engineering","ancaman_akun","synthetic_template_v1","true","false","SOC-9"
"spam","Kepada Yth. Bapak/Ibu, Nomor Anda bermasalah. Kirim kode verifikasi kepada petugas ini hari ini. Semoga membantu.","Social Engineering","permintaan_otp","synthetic_template_v1","true","false","SOC-3"
"spam","Assalamualaikum, Anda diterima tanpa tes. Transfer biaya seragam Rp2.500.000 hari ini. Terima kasih.","Penipuan Rekrutmen","biaya_administrasi","synthetic_template_v1","true","false","REK-2"
"spam","Info untuk Anda, Sayang, aku sedang darurat di luar kota. Tolong kirim uang Rp1.250.000 dalam 30 menit. Semoga membantu.","Penipuan Romansa","pinjaman_pasangan","synthetic_template_v1","true","false","ROM-1"
"spam","Info untuk Anda, Anda diterima tanpa tes. Transfer biaya seragam Rp150.000 hari ini. Ditunggu konfirmasinya.","Penipuan Rekrutmen","biaya_administrasi","synthetic_template_v1","true","false","REK-2"
"spam","Selamat sore, Kesempatan cuan pasti 75% per minggu, transfer modal hari ini. Terima kasih.","Penipuan Investasi","profit_pasti","synthetic_template_v1","true","false","INV-3"
"spam","Info untuk Anda, Robot trading legal menjamin return tetap. Buka akun dengan setoran Rp150.000. Semoga membantu.","Penipuan Investasi","profit_pasti","synthetic_template_v1","true","false","INV-4"
"spam","Selamat sore, Detail waktu dan lokasi pernikahan ada di Undangan Pernikahan 0199.apk, silakan buka sekarang. Demikian informasinya.","Phishing/Link Berbahaya","undangan_apk","synthetic_template_v1","true","false","PHI-3"
"spam","Selamat pagi, Investasi eksklusif menjanjikan profit 75% tanpa risiko. Deposit mulai Rp1.250.000. Salam.","Penipuan Investasi","profit_pasti","synthetic_template_v1","true","false","INV-1"
"spam","Assalamualaikum, Investasi eksklusif menjanjikan profit 30% tanpa risiko. Deposit mulai Rp1.250.000. Salam.","Penipuan Investasi","profit_pasti","synthetic_template_v1","true","false","INV-1"
"spam","Permisi, Customer service meminta foto kartu dan kode rahasia untuk membuka blokir. Demikian informasinya.","Social Engineering","ancaman_akun","synthetic_template_v1","true","false","SOC-9"
"spam","Interview hanya lewat Telegram dan peserta wajib membeli tiket dari agen kami.","Penipuan Rekrutmen","contemporary_hard_case","synthetic_contemporary_v2","true","false","REK-H5"
"ham","Info untuk Anda, Undangan rapat RT terlampir sebagai dokumen PDF dari pengurus yang kamu kenal. Terima kasih.","Aman","informasi_resmi","synthetic_template_v1","true","false","AMN-10"
"spam","Selamat sore, Saya keluarga Anda memakai nomor baru. Tolong transfer Rp350.000 karena sedang darurat. Salam.","Social Engineering","penyamaran_petugas","synthetic_template_v1","true","false","SOC-8"
"ham","Hai, Undangan rapat RT terlampir sebagai dokumen PDF dari pengurus yang kamu kenal. Mohon diperhatikan.","Aman","informasi_resmi","synthetic_template_v1","true","false","AMN-10"
"spam","Halo kak, Kesempatan cuan pasti 20% per minggu, transfer modal sebelum pukul 18.00. Ditunggu konfirmasinya.","Penipuan Investasi","profit_pasti","synthetic_template_v1","true","false","INV-3"
"spam","Info untuk Anda, Aku ingin membangun masa depan bersama, kirim modal kecil untuk usaha kita. Salam.","Penipuan Romansa","hadiah_tertahan","synthetic_template_v1","true","false","ROM-7"
"ham","Selamat pagi, Terima kasih sudah hadir di acara keluarga kemarin, foto ada di album bersama. Semoga membantu.","Aman","undangan_aman","synthetic_template_v1","true","false","AMN-7"
"ham","Mohon perhatian, Besok rapat kelompok dimulai pukul 08.00 di ruang A1. Semoga membantu.","Aman","percakapan_harian","synthetic_template_v1","true","false","AMN-1"
"spam","Permisi, Akun bank akan dinonaktifkan. Verifikasi melalui https://bank-verifikasi-0262.invalid. Harap cek kembali.","Phishing/Link Berbahaya","paket_apk","synthetic_template_v1","true","false","PHI-5"
"ham","Mohon perhatian, Pengumuman kampus dapat dilihat melalui portal akademik resmi. Terima kasih atas waktunya.","Aman","undangan_aman","synthetic_template_v1","true","false","AMN-8"
"spam","Mohon perhatian, Cintaku, rekeningku diblokir. Pinjamkan Rp350.000, nanti langsung kuganti. Terima kasih atas waktunya.","Penipuan Romansa","hadiah_tertahan","synthetic_template_v1","true","false","ROM-5"
"ham","Kepada Yth. Bapak/Ibu, Paket sudah diterima oleh satpam. Silakan diambil tanpa biaya tambahan. Semoga membantu.","Aman","undangan_aman","synthetic_template_v1","true","false","AMN-6"
"spam","Permisi, Kesempatan cuan pasti 25% per minggu, transfer modal sekarang. Semoga membantu.","Penipuan Investasi","profit_pasti","synthetic_template_v1","true","false","INV-3"
"ham","oke","Aman","contemporary_hard_case","synthetic_contemporary_v2","true","false","AMN-H2"
"spam","Permisi, Setelah semua obrolan kita, buktikan kepercayaanmu dengan membantu transfer Rp1.250.000. Semoga membantu.","Penipuan Romansa","pinjaman_pasangan","synthetic_template_v1","true","false","ROM-3"
"spam","Hai, Admin layanan membutuhkan PIN Anda untuk membatalkan transaksi Rp1.250.000. Mohon diperhatikan.","Social Engineering","permintaan_otp","synthetic_template_v1","true","false","SOC-2"
"ham","paketku sudah sampai tanpa biaya tambahan","Aman","contemporary_hard_case","synthetic_contemporary_v2","true","false","AMN-H13"
"spam","Selamat pagi, Aku bekerja di luar negeri dan akan pulang menemuimu. Bayarkan bea paket hadiah dulu. Mohon diperhatikan.","Penipuan Romansa","pinjaman_pasangan","synthetic_template_v1","true","false","ROM-4"
"spam","Assalamualaikum, Bisnis passive income tanpa kerja, modal kembali dalam 3 hari. Demikian informasinya.","Penipuan Investasi","deposit_awal","synthetic_template_v1","true","false","INV-9"
"spam","Permisi, Kesempatan cuan pasti 50% per minggu, transfer modal hari ini. Semoga membantu.","Penipuan Investasi","profit_pasti","synthetic_template_v1","true","false","INV-3"
"spam","Selamat pagi, Gabung grup trading kami, modal Rp2.500.000 dijamin berlipat dalam 10 hari. Terima kasih.","Penipuan Investasi","profit_pasti","synthetic_template_v1","true","false","INV-2"
"ham","Halo pelanggan, Paket sudah diterima oleh satpam. Silakan diambil tanpa biaya tambahan. Salam.","Aman","undangan_aman","synthetic_template_v1","true","false","AMN-6"
"spam","Halo kak, Atasan meminta transfer darurat Rp350.000; jangan hubungi siapa pun dulu. Terima kasih atas waktunya.","Social Engineering","penyamaran_petugas","synthetic_template_v1","true","false","SOC-5"
"ham","Halo pelanggan, Kami mengundang Anda ke pernikahan keluarga kami pada Rabu. Undangan berupa PDF, tidak perlu memasang aplikasi. Salam.","Aman","percakapan_harian","synthetic_template_v1","true","false","AMN-2"
"spam","Selamat sore, Posisi terbatas, amankan kursi kerja dengan transfer Rp1.250.000. Mohon diperhatikan.","Penipuan Rekrutmen","hrd_palsu","synthetic_template_v1","true","false","REK-9"
"spam","Selamat pagi, Posisi terbatas, amankan kursi kerja dengan transfer Rp2.500.000. Terima kasih.","Penipuan Rekrutmen","hrd_palsu","synthetic_template_v1","true","false","REK-9"
"spam","Assalamualaikum, Saya petugas bank. Sebutkan OTP yang baru masuk agar rekening tidak diblokir sebelum pukul 18.00. Terima kasih.","Social Engineering","permintaan_otp","synthetic_template_v1","true","false","SOC-1"
"spam","Mohon perhatian, Anda diterima tanpa tes. Transfer biaya seragam Rp2.500.000 malam ini. Semoga membantu.","Penipuan Rekrutmen","biaya_administrasi","synthetic_template_v1","true","false","REK-2"
"spam","Halo pelanggan, Cintaku, rekeningku diblokir. Pinjamkan Rp2.500.000, nanti langsung kuganti. Harap cek kembali.","Penipuan Romansa","hadiah_tertahan","synthetic_template_v1","true","false","ROM-5"
"ham","Assalamualaikum, Jadwal konsultasi dipindah ke Rabu pukul 09.30 melalui ruang kelas resmi. Ditunggu konfirmasinya.","Aman","undangan_aman","synthetic_template_v1","true","false","AMN-5"
"spam","Halo kak, Admin layanan membutuhkan PIN Anda untuk membatalkan transaksi Rp150.000. Semoga membantu.","Social Engineering","permintaan_otp","synthetic_template_v1","true","false","SOC-2"
"spam","Info untuk Anda, Jangan beri tahu keluargamu tentang hubungan kita. Aku butuh bantuan dana sekarang. Demikian informasinya.","Penipuan Romansa","hadiah_tertahan","synthetic_template_v1","true","false","ROM-6"
"ham","Kepada Yth. Bapak/Ibu, Tolong beli makan siang saat pulang dari kampus, nanti saya ganti. Terima kasih atas waktunya.","Aman","percakapan_harian","synthetic_template_v1","true","false","AMN-4"
"spam","Halo kak, Hadiah pelanggan menunggu. Pasang Bonus_Resmi_0071.apk untuk klaim. Terima kasih atas waktunya.","Phishing/Link Berbahaya","paket_apk","synthetic_template_v1","true","false","PHI-8"
"spam","Kepada Yth. Bapak/Ibu, Undangan interview dari perusahaan besar, beli tiket melalui agen yang kami tunjuk. Terima kasih.","Penipuan Rekrutmen","biaya_administrasi","synthetic_template_v1","true","false","REK-4"
"spam","Selamat sore, Lowongan staf administrasi bergaji tinggi. Kirim PIN dan data rekening untuk payroll. Mohon diperhatikan.","Penipuan Rekrutmen","tugas_like","synthetic_template_v1","true","false","REK-5"
"spam","Mohon perhatian, Pihak berwenang mengancam denda bila data pribadi tidak dikirim dalam 30 menit. Ditunggu konfirmasinya.","Social Engineering","ancaman_akun","synthetic_template_v1","true","false","SOC-10"
"spam","Halo pelanggan, Detail waktu dan lokasi pernikahan ada di Undangan Pernikahan 0518.apk, silakan buka sebelum batas waktu. Terima kasih.","Phishing/Link Berbahaya","undangan_apk","synthetic_template_v1","true","false","PHI-3"
"spam","Kepada Yth. Bapak/Ibu, Hadiah pelanggan menunggu. Pasang Bonus_Resmi_0034.apk untuk klaim. Harap cek kembali.","Phishing/Link Berbahaya","paket_apk","synthetic_template_v1","true","false","PHI-8"
"spam","Permisi, Atasan meminta transfer darurat Rp2.500.000; jangan hubungi siapa pun dulu. Ditunggu konfirmasinya.","Social Engineering","penyamaran_petugas","synthetic_template_v1","true","false","SOC-5"
"spam","Hai, Kami mengundang Anda ke pesta pernikahan. Buka Foto Undangan_0550.apk untuk info lengkapnya. Salam.","Phishing/Link Berbahaya","undangan_apk","synthetic_template_v1","true","false","PHI-1"
"spam","Kepada Yth. Bapak/Ibu, Hadiah pelanggan menunggu. Pasang Bonus_Resmi_0509.apk untuk klaim. Terima kasih atas waktunya.","Phishing/Link Berbahaya","paket_apk","synthetic_template_v1","true","false","PHI-8"
"spam","Selamat pagi, Kita sudah dekat lama. Tolong bantu biaya pengobatan keluargaku sebesar Rp150.000. Salam.","Penipuan Romansa","darurat_palsu","synthetic_template_v1","true","false","ROM-10"
"spam","Hai, Paket Anda tertahan. Download aplikasi Cek_Resi_0461.apk untuk memilih jadwal antar. Demikian informasinya.","Phishing/Link Berbahaya","undangan_apk","synthetic_template_v1","true","false","PHI-4"
"spam","Kepada Yth. Bapak/Ibu, Investasi eksklusif menjanjikan profit 25% tanpa risiko. Deposit mulai Rp1.250.000. Harap cek kembali.","Penipuan Investasi","profit_pasti","synthetic_template_v1","true","false","INV-1"
"spam","Assalamualaikum, Akun akan dinonaktifkan bila Anda tidak membalas dengan OTP sebelum batas waktu. Harap cek kembali.","Social Engineering","penyamaran_petugas","synthetic_template_v1","true","false","SOC-6"
"spam","Halo pelanggan, Pihak berwenang mengancam denda bila data pribadi tidak dikirim dalam 30 menit. Mohon diperhatikan.","Social Engineering","ancaman_akun","synthetic_template_v1","true","false","SOC-10"
"spam","Halo kak, Buka file Galeri_Pernikahan_0126.apk agar foto dan alamat gedung terlihat. Mohon diperhatikan.","Phishing/Link Berbahaya","paket_apk","synthetic_template_v1","true","false","PHI-7"
"spam","Halo pelanggan, Perbarui data akun melalui halaman login https://akun-aman-0477.invalid malam ini. Mohon diperhatikan.","Phishing/Link Berbahaya","tautan_login_palsu","synthetic_template_v1","true","false","PHI-10"
"spam","Mohon perhatian, Gabung grup trading kami, modal Rp500.000 dijamin berlipat dalam 3 hari. Terima kasih.","Penipuan Investasi","profit_pasti","synthetic_template_v1","true","false","INV-2"
"ham","Assalamualaikum, Terima kasih sudah hadir di acara keluarga kemarin, foto ada di album bersama. Terima kasih.","Aman","undangan_aman","synthetic_template_v1","true","false","AMN-7"
"spam","Assalamualaikum, Saya dari kantor pusat, mohon konfirmasi password untuk pemeriksaan keamanan. Harap cek kembali.","Social Engineering","permintaan_otp","synthetic_template_v1","true","false","SOC-4"
"spam","Selamat pagi, Tagihan belum dibayar. Klik tautan [tautan-palsu-0112] untuk menghindari denda. Mohon diperhatikan.","Phishing/Link Berbahaya","paket_apk","synthetic_template_v1","true","false","PHI-6"
"spam","Mohon perhatian, Perbarui data akun melalui halaman login https://akun-aman-0395.invalid sebelum batas waktu. Terima kasih.","Phishing/Link Berbahaya","tautan_login_palsu","synthetic_template_v1","true","false","PHI-10"
"ham","Info untuk Anda, Terima kasih sudah hadir di acara keluarga kemarin, foto ada di album bersama. Terima kasih atas waktunya.","Aman","undangan_aman","synthetic_template_v1","true","false","AMN-7"
"spam","Mohon perhatian, Saya keluarga Anda memakai nomor baru. Tolong transfer Rp5.000.000 karena sedang darurat. Ditunggu konfirmasinya.","Social Engineering","penyamaran_petugas","synthetic_template_v1","true","false","SOC-8"
"spam","Assalamualaikum, Kami lampirkan Undangan_Digital_Pernikahan_0421.apk. Mohon diunduh untuk melihat peta lokasi. Salam.","Phishing/Link Berbahaya","undangan_apk","synthetic_template_v1","true","false","PHI-2"
"spam","Halo pelanggan, Aku bekerja di luar negeri dan akan pulang menemuimu. Bayarkan bea paket hadiah dulu. Semoga membantu.","Penipuan Romansa","pinjaman_pasangan","synthetic_template_v1","true","false","ROM-4"
"spam","Selamat pagi, Saya petugas bank. Sebutkan OTP yang baru masuk agar rekening tidak diblokir hari ini. Terima kasih.","Social Engineering","permintaan_otp","synthetic_template_v1","true","false","SOC-1"
"spam","Selamat pagi, Aku bekerja di luar negeri dan akan pulang menemuimu. Bayarkan bea paket hadiah dulu. Terima kasih.","Penipuan Romansa","pinjaman_pasangan","synthetic_template_v1","true","false","ROM-4"
"spam","Info untuk Anda, Saya keluarga Anda memakai nomor baru. Tolong transfer Rp1.250.000 karena sedang darurat. Terima kasih.","Social Engineering","penyamaran_petugas","synthetic_template_v1","true","false","SOC-8"
"ham","Selamat pagi, Undangan rapat RT terlampir sebagai dokumen PDF dari pengurus yang kamu kenal. Salam.","Aman","informasi_resmi","synthetic_template_v1","true","false","AMN-10"
"spam","Selamat pagi, Aku serius ingin menikah denganmu, tetapi paket hadiahku tertahan dan perlu biaya Rp2.500.000. Demikian informasinya.","Penipuan Romansa","pinjaman_pasangan","synthetic_template_v1","true","false","ROM-2"
"ham","Info untuk Anda, Aku sudah sampai rumah. Kabari kalau kamu juga sudah sampai dengan aman. Terima kasih atas waktunya.","Aman","informasi_resmi","synthetic_template_v1","true","false","AMN-9"
"spam","Mohon perhatian, Rekrutmen resmi tanpa wawancara, bayar pelatihan wajib sebesar Rp350.000. Salam.","Penipuan Rekrutmen","tugas_like","synthetic_template_v1","true","false","REK-6"
"spam","Hai, Saya dari kantor pusat, mohon konfirmasi password untuk pemeriksaan keamanan. Harap cek kembali.","Social Engineering","permintaan_otp","synthetic_template_v1","true","false","SOC-4"
"spam","Assalamualaikum, Kerja paruh waktu dari rumah, tugas memberi like dengan deposit awal Rp5.000.000. Terima kasih.","Penipuan Rekrutmen","biaya_administrasi","synthetic_template_v1","true","false","REK-3"
"spam","Halo kak, Aku kehilangan dompet saat perjalanan menemuimu. Tolong transfer Rp150.000. Salam.","Penipuan Romansa","darurat_palsu","synthetic_template_v1","true","false","ROM-9"
"ham","Halo pelanggan, Undangan rapat RT terlampir sebagai dokumen PDF dari pengurus yang kamu kenal. Terima kasih atas waktunya.","Aman","informasi_resmi","synthetic_template_v1","true","false","AMN-10"
"spam","Info untuk Anda, Undangan resmi elektronik tersedia melalui link http://undangan-0322.invalid. Ditunggu konfirmasinya.","Phishing/Link Berbahaya","tautan_login_palsu","synthetic_template_v1","true","false","PHI-9"
"ham","Permisi, Terima kasih sudah hadir di acara keluarga kemarin, foto ada di album bersama. Salam.","Aman","undangan_aman","synthetic_template_v1","true","false","AMN-7"
"spam","Info untuk Anda, Saya petugas bank. Sebutkan OTP yang baru masuk agar rekening tidak diblokir sekarang. Terima kasih.","Social Engineering","permintaan_otp","synthetic_template_v1","true","false","SOC-1"
"spam","Hai, Akun bank akan dinonaktifkan. Verifikasi melalui https://bank-verifikasi-0359.invalid. Semoga membantu.","Phishing/Link Berbahaya","paket_apk","synthetic_template_v1","true","false","PHI-5"
"spam","Mohon perhatian, Proyek kripto rahasia akan naik 40%. Jangan lewatkan penawaran malam ini. Salam.","Penipuan Investasi","trading_palsu","synthetic_template_v1","true","false","INV-5"
"spam","Selamat sore, Robot trading legal menjamin return tetap. Buka akun dengan setoran Rp5.000.000. Mohon diperhatikan.","Penipuan Investasi","profit_pasti","synthetic_template_v1","true","false","INV-4"
"ham","rapatnya pindah ke ruang B2","Aman","contemporary_hard_case","synthetic_contemporary_v2","true","false","AMN-H12"
"spam","Selamat pagi, Buka file Galeri_Pernikahan_0453.apk agar foto dan alamat gedung terlihat. Semoga membantu.","Phishing/Link Berbahaya","paket_apk","synthetic_template_v1","true","false","PHI-7"
"ham","Permisi, Pengumuman kampus dapat dilihat melalui portal akademik resmi. Salam.","Aman","undangan_aman","synthetic_template_v1","true","false","AMN-8"
"spam","Info untuk Anda, Aku serius ingin menikah denganmu, tetapi paket hadiahku tertahan dan perlu biaya Rp500.000. Terima kasih atas waktunya.","Penipuan Romansa","pinjaman_pasangan","synthetic_template_v1","true","false","ROM-2"
"spam","Assalamualaikum, Jangan beri tahu keluargamu tentang hubungan kita. Aku butuh bantuan dana sebelum batas waktu. Salam.","Penipuan Romansa","hadiah_tertahan","synthetic_template_v1","true","false","ROM-6"
"spam","Selamat sore, Bukti profit sudah banyak. Transfer dana awal agar akun investasi diaktifkan. Salam.","Penipuan Investasi","deposit_awal","synthetic_template_v1","true","false","INV-10"
"spam","Halo kak, Paket Anda tertahan. Download aplikasi Cek_Resi_0050.apk untuk memilih jadwal antar. Salam.","Phishing/Link Berbahaya","undangan_apk","synthetic_template_v1","true","false","PHI-4"
"spam","Permisi, Investasi eksklusif menjanjikan profit 25% tanpa risiko. Deposit mulai Rp5.000.000. Ditunggu konfirmasinya.","Penipuan Investasi","profit_pasti","synthetic_template_v1","true","false","INV-1"
"spam","Halo pelanggan, Cintaku, rekeningku diblokir. Pinjamkan Rp5.000.000, nanti langsung kuganti. Ditunggu konfirmasinya.","Penipuan Romansa","hadiah_tertahan","synthetic_template_v1","true","false","ROM-5"
"spam","Permisi, Buka file Galeri_Pernikahan_0048.apk agar foto dan alamat gedung terlihat. Harap cek kembali.","Phishing/Link Berbahaya","paket_apk","synthetic_template_v1","true","false","PHI-7"
"spam","Permisi, Aku ingin membangun masa depan bersama, kirim modal kecil untuk usaha kita. Semoga membantu.","Penipuan Romansa","hadiah_tertahan","synthetic_template_v1","true","false","ROM-7"
"spam","Halo kak, Paket Anda tertahan. Download aplikasi Cek_Resi_0440.apk untuk memilih jadwal antar. Salam.","Phishing/Link Berbahaya","undangan_apk","synthetic_template_v1","true","false","PHI-4"
"spam","Hai, Akun bank akan dinonaktifkan. Verifikasi melalui https://bank-verifikasi-0029.invalid. Terima kasih.","Phishing/Link Berbahaya","paket_apk","synthetic_template_v1","true","false","PHI-5"
"spam","Permisi, Undangan resmi elektronik tersedia melalui link http://undangan-0389.invalid. Terima kasih.","Phishing/Link Berbahaya","tautan_login_palsu","synthetic_template_v1","true","false","PHI-9"
"spam","Assalamualaikum, Proyek kripto rahasia akan naik 40%. Jangan lewatkan penawaran dalam 30 menit. Harap cek kembali.","Penipuan Investasi","trading_palsu","synthetic_template_v1","true","false","INV-5"
"spam","Halo kak, HRD meminta pembayaran medical check-up ke rekening pribadi sebelum pukul 18.00. Salam.","Penipuan Rekrutmen","tugas_like","synthetic_template_v1","true","false","REK-8"
"spam","Hai, Paket Anda tertahan. Download aplikasi Cek_Resi_0157.apk untuk memilih jadwal antar. Mohon diperhatikan.","Phishing/Link Berbahaya","undangan_apk","synthetic_template_v1","true","false","PHI-4"
"ham","Info untuk Anda, Tolong beli makan siang saat pulang dari kampus, nanti saya ganti. Demikian informasinya.","Aman","percakapan_harian","synthetic_template_v1","true","false","AMN-4"
"ham","Selamat sore, Kami mengundang Anda ke pernikahan keluarga kami pada Rabu. Undangan berupa PDF, tidak perlu memasang aplikasi. Harap cek kembali.","Aman","percakapan_harian","synthetic_template_v1","true","false","AMN-2"
"spam","Hai, Undangan resmi elektronik tersedia melalui link http://undangan-0297.invalid. Mohon diperhatikan.","Phishing/Link Berbahaya","tautan_login_palsu","synthetic_template_v1","true","false","PHI-9"
"spam","Kepada Yth. Bapak/Ibu, Akun bank akan dinonaktifkan. Verifikasi melalui https://bank-verifikasi-0544.invalid. Salam.","Phishing/Link Berbahaya","paket_apk","synthetic_template_v1","true","false","PHI-5"
"spam","Selamat sore, Detail waktu dan lokasi pernikahan ada di Undangan Pernikahan 0542.apk, silakan buka hari ini. Harap cek kembali.","Phishing/Link Berbahaya","undangan_apk","synthetic_template_v1","true","false","PHI-3"
"spam","Hai, Posisi terbatas, amankan kursi kerja dengan transfer Rp150.000. Harap cek kembali.","Penipuan Rekrutmen","hrd_palsu","synthetic_template_v1","true","false","REK-9"
"spam","Permisi, Aku serius ingin menikah denganmu, tetapi paket hadiahku tertahan dan perlu biaya Rp2.500.000. Demikian informasinya.","Penipuan Romansa","pinjaman_pasangan","synthetic_template_v1","true","false","ROM-2"
"spam","Kepada Yth. Bapak/Ibu, Admin layanan membutuhkan PIN Anda untuk membatalkan transaksi Rp150.000. Ditunggu konfirmasinya.","Social Engineering","permintaan_otp","synthetic_template_v1","true","false","SOC-2"
"spam","Selamat pagi, Bukti profit sudah banyak. Transfer dana awal agar akun investasi diaktifkan. Ditunggu konfirmasinya.","Penipuan Investasi","deposit_awal","synthetic_template_v1","true","false","INV-10"
"spam","Assalamualaikum, Kerja paruh waktu dari rumah, tugas memberi like dengan deposit awal Rp5.000.000. Semoga membantu.","Penipuan Rekrutmen","biaya_administrasi","synthetic_template_v1","true","false","REK-3"
"spam","Kepada Yth. Bapak/Ibu, Kesempatan cuan pasti 75% per minggu, transfer modal sebelum pukul 18.00. Salam.","Penipuan Investasi","profit_pasti","synthetic_template_v1","true","false","INV-3"
"spam","Halo kak, Robot trading legal menjamin return tetap. Buka akun dengan setoran Rp350.000. Semoga membantu.","Penipuan Investasi","profit_pasti","synthetic_template_v1","true","false","INV-4"
"spam","Halo pelanggan, Setelah semua obrolan kita, buktikan kepercayaanmu dengan membantu transfer Rp1.250.000. Semoga membantu.","Penipuan Romansa","pinjaman_pasangan","synthetic_template_v1","true","false","ROM-3"
"spam","Hai, Kerja paruh waktu dari rumah, tugas memberi like dengan deposit awal Rp5.000.000. Ditunggu konfirmasinya.","Penipuan Rekrutmen","biaya_administrasi","synthetic_template_v1","true","false","REK-3"
"spam","Assalamualaikum, Hadiah pelanggan menunggu. Pasang Bonus_Resmi_0321.apk untuk klaim. Mohon diperhatikan.","Phishing/Link Berbahaya","paket_apk","synthetic_template_v1","true","false","PHI-8"
"spam","Selamat sore, Robot trading legal menjamin return tetap. Buka akun dengan setoran Rp5.000.000. Ditunggu konfirmasinya.","Penipuan Investasi","profit_pasti","synthetic_template_v1","true","false","INV-4"
"spam","Permisi, Investasi eksklusif menjanjikan profit 30% tanpa risiko. Deposit mulai Rp5.000.000. Harap cek kembali.","Penipuan Investasi","profit_pasti","synthetic_template_v1","true","false","INV-1"
"spam","Hai, Rekrutmen resmi tanpa wawancara, bayar pelatihan wajib sebesar Rp1.250.000. Terima kasih atas waktunya.","Penipuan Rekrutmen","tugas_like","synthetic_template_v1","true","false","REK-6"
"spam","Selamat sore, Setelah semua obrolan kita, buktikan kepercayaanmu dengan membantu transfer Rp150.000. Terima kasih atas waktunya.","Penipuan Romansa","pinjaman_pasangan","synthetic_template_v1","true","false","ROM-3"
"spam","Halo kak, Posisi terbatas, amankan kursi kerja dengan transfer Rp350.000. Harap cek kembali.","Penipuan Rekrutmen","hrd_palsu","synthetic_template_v1","true","false","REK-9"
"ham","Hai, Pengumuman kampus dapat dilihat melalui portal akademik resmi. Terima kasih.","Aman","undangan_aman","synthetic_template_v1","true","false","AMN-8"
"spam","Selamat sore, Cintaku, rekeningku diblokir. Pinjamkan Rp350.000, nanti langsung kuganti. Terima kasih.","Penipuan Romansa","hadiah_tertahan","synthetic_template_v1","true","false","ROM-5"
"spam","Info untuk Anda, Paket Anda tertahan. Download aplikasi Cek_Resi_0292.apk untuk memilih jadwal antar. Mohon diperhatikan.","Phishing/Link Berbahaya","undangan_apk","synthetic_template_v1","true","false","PHI-4"
"spam","Selamat sore, Kami lampirkan Undangan_Digital_Pernikahan_0329.apk. Mohon diunduh untuk melihat peta lokasi. Terima kasih.","Phishing/Link Berbahaya","undangan_apk","synthetic_template_v1","true","false","PHI-2"
"spam","Halo pelanggan, Undangan interview dari perusahaan besar, beli tiket melalui agen yang kami tunjuk. Ditunggu konfirmasinya.","Penipuan Rekrutmen","biaya_administrasi","synthetic_template_v1","true","false","REK-4"
"spam","Mohon perhatian, Paket investasi VIP tersisa satu slot. Kirim Rp350.000 untuk mengamankan posisi. Demikian informasinya.","Penipuan Investasi","trading_palsu","synthetic_template_v1","true","false","INV-8"
"ham","Selamat pagi, Besok rapat kelompok dimulai pukul 13.00 di ruang aula. Salam.","Aman","percakapan_harian","synthetic_template_v1","true","false","AMN-1"
"spam","Permisi, Lowongan staf administrasi bergaji tinggi. Kirim PIN dan data rekening untuk payroll. Demikian informasinya.","Penipuan Rekrutmen","tugas_like","synthetic_template_v1","true","false","REK-5"
"ham","file PDF-nya sudah kukirim","Aman","contemporary_hard_case","synthetic_contemporary_v2","true","false","AMN-H7"
"spam","Paket hadiah dari luar negeri tertahan bea cukai, bayarkan tagihannya ya sayang.","Penipuan Romansa","contemporary_hard_case","synthetic_contemporary_v2","true","false","ROM-H2"
"spam","Permisi, Bukti profit sudah banyak. Transfer dana awal agar akun investasi diaktifkan. Terima kasih atas waktunya.","Penipuan Investasi","deposit_awal","synthetic_template_v1","true","false","INV-10"
"spam","Mohon perhatian, Aku bekerja di luar negeri dan akan pulang menemuimu. Bayarkan bea paket hadiah dulu. Semoga membantu.","Penipuan Romansa","pinjaman_pasangan","synthetic_template_v1","true","false","ROM-4"
"spam","Kepada Yth. Bapak/Ibu, Investasi eksklusif menjanjikan profit 40% tanpa risiko. Deposit mulai Rp5.000.000. Ditunggu konfirmasinya.","Penipuan Investasi","profit_pasti","synthetic_template_v1","true","false","INV-1"
"spam","Info untuk Anda, Tagihan belum dibayar. Klik tautan [tautan-palsu-0145] untuk menghindari denda. Semoga membantu.","Phishing/Link Berbahaya","paket_apk","synthetic_template_v1","true","false","PHI-6"
"spam","Hai, HRD meminta pembayaran medical check-up ke rekening pribadi malam ini. Salam.","Penipuan Rekrutmen","tugas_like","synthetic_template_v1","true","false","REK-8"
"ham","Selamat sore, Foto undangan pernikahan sudah saya kirim dalam format JPG. Sampai jumpa di acara ya. Terima kasih atas waktunya.","Aman","percakapan_harian","synthetic_template_v1","true","false","AMN-3"
"spam","Info untuk Anda, Undangan resmi elektronik tersedia melalui link http://undangan-0311.invalid. Salam.","Phishing/Link Berbahaya","tautan_login_palsu","synthetic_template_v1","true","false","PHI-9"
"spam","Permisi, Sayang, aku sedang darurat di luar kota. Tolong kirim uang Rp150.000 sebelum batas waktu. Mohon diperhatikan.","Penipuan Romansa","pinjaman_pasangan","synthetic_template_v1","true","false","ROM-1"
"spam","Halo pelanggan, Tagihan belum dibayar. Klik tautan [tautan-palsu-0164] untuk menghindari denda. Demikian informasinya.","Phishing/Link Berbahaya","paket_apk","synthetic_template_v1","true","false","PHI-6"
"spam","Permisi, Setelah semua obrolan kita, buktikan kepercayaanmu dengan membantu transfer Rp1.250.000. Terima kasih.","Penipuan Romansa","pinjaman_pasangan","synthetic_template_v1","true","false","ROM-3"
"spam","Info untuk Anda, Rekrutmen resmi tanpa wawancara, bayar pelatihan wajib sebesar Rp350.000. Salam.","Penipuan Rekrutmen","tugas_like","synthetic_template_v1","true","false","REK-6"
"spam","Info untuk Anda, Saya dari kantor pusat, mohon konfirmasi password untuk pemeriksaan keamanan. Terima kasih atas waktunya.","Social Engineering","permintaan_otp","synthetic_template_v1","true","false","SOC-4"
"spam","Selamat pagi, Undangan resmi elektronik tersedia melalui link http://undangan-0459.invalid. Semoga membantu.","Phishing/Link Berbahaya","tautan_login_palsu","synthetic_template_v1","true","false","PHI-9"
"spam","Info untuk Anda, Aku serius ingin menikah denganmu, tetapi paket hadiahku tertahan dan perlu biaya Rp350.000. Ditunggu konfirmasinya.","Penipuan Romansa","pinjaman_pasangan","synthetic_template_v1","true","false","ROM-2"
"ham","Selamat sore, Tolong beli makan siang saat pulang dari kampus, nanti saya ganti. Terima kasih atas waktunya.","Aman","percakapan_harian","synthetic_template_v1","true","false","AMN-4"
"ham","Assalamualaikum, Tolong beli makan siang saat pulang dari kampus, nanti saya ganti. Semoga membantu.","Aman","percakapan_harian","synthetic_template_v1","true","false","AMN-4"
"spam","Selamat pagi, Nomor Anda bermasalah. Kirim kode verifikasi kepada petugas ini sebelum pukul 18.00. Demikian informasinya.","Social Engineering","permintaan_otp","synthetic_template_v1","true","false","SOC-3"
"spam","Halo kak, Akun bank akan dinonaktifkan. Verifikasi melalui https://bank-verifikasi-0489.invalid. Terima kasih atas waktunya.","Phishing/Link Berbahaya","paket_apk","synthetic_template_v1","true","false","PHI-5"
"spam","Selamat pagi, Kerja paruh waktu dari rumah, tugas memberi like dengan deposit awal Rp500.000. Terima kasih atas waktunya.","Penipuan Rekrutmen","biaya_administrasi","synthetic_template_v1","true","false","REK-3"
"spam","Halo kak, Undangan interview dari perusahaan besar, beli tiket melalui agen yang kami tunjuk. Semoga membantu.","Penipuan Rekrutmen","biaya_administrasi","synthetic_template_v1","true","false","REK-4"
"ham","Halo pelanggan, Pengumuman kampus dapat dilihat melalui portal akademik resmi. Mohon diperhatikan.","Aman","undangan_aman","synthetic_template_v1","true","false","AMN-8"
"spam","Selamat pagi, Kami lampirkan Undangan_Digital_Pernikahan_0556.apk. Mohon diunduh untuk melihat peta lokasi. Harap cek kembali.","Phishing/Link Berbahaya","undangan_apk","synthetic_template_v1","true","false","PHI-2"
"spam","Selamat pagi, Aku kehilangan dompet saat perjalanan menemuimu. Tolong transfer Rp150.000. Ditunggu konfirmasinya.","Penipuan Romansa","darurat_palsu","synthetic_template_v1","true","false","ROM-9"
"spam","Permisi, Jangan beri tahu keluargamu tentang hubungan kita. Aku butuh bantuan dana hari ini. Demikian informasinya.","Penipuan Romansa","hadiah_tertahan","synthetic_template_v1","true","false","ROM-6"
"ham","Kepada Yth. Bapak/Ibu, Paket sudah diterima oleh satpam. Silakan diambil tanpa biaya tambahan. Mohon diperhatikan.","Aman","undangan_aman","synthetic_template_v1","true","false","AMN-6"
"spam","Selamat sore, Robot trading legal menjamin return tetap. Buka akun dengan setoran Rp150.000. Terima kasih.","Penipuan Investasi","profit_pasti","synthetic_template_v1","true","false","INV-4"
"spam","Assalamualaikum, Perbarui data akun melalui halaman login https://akun-aman-0061.invalid sebelum pukul 18.00. Terima kasih atas waktunya.","Phishing/Link Berbahaya","tautan_login_palsu","synthetic_template_v1","true","false","PHI-10"
"spam","Kepada Yth. Bapak/Ibu, Customer service meminta foto kartu dan kode rahasia untuk membuka blokir. Terima kasih atas waktunya.","Social Engineering","ancaman_akun","synthetic_template_v1","true","false","SOC-9"
"spam","Permisi, Kita sudah dekat lama. Tolong bantu biaya pengobatan keluargaku sebesar Rp2.500.000. Ditunggu konfirmasinya.","Penipuan Romansa","darurat_palsu","synthetic_template_v1","true","false","ROM-10"
"ham","Selamat pagi, Jadwal konsultasi dipindah ke minggu depan pukul 13.00 melalui ruang kelas resmi. Mohon diperhatikan.","Aman","undangan_aman","synthetic_template_v1","true","false","AMN-5"
"spam","Info untuk Anda, Kerja paruh waktu dari rumah, tugas memberi like dengan deposit awal Rp2.500.000. Harap cek kembali.","Penipuan Rekrutmen","biaya_administrasi","synthetic_template_v1","true","false","REK-3"
"spam","Mohon perhatian, Saya dari kantor pusat, mohon konfirmasi password untuk pemeriksaan keamanan. Demikian informasinya.","Social Engineering","permintaan_otp","synthetic_template_v1","true","false","SOC-4"
"spam","Selamat pagi, Jangan beri tahu keluargamu tentang hubungan kita. Aku butuh bantuan dana sebelum pukul 18.00. Semoga membantu.","Penipuan Romansa","hadiah_tertahan","synthetic_template_v1","true","false","ROM-6"
"spam","Kepada Yth. Bapak/Ibu, Proyek kripto rahasia akan naik 50%. Jangan lewatkan penawaran sekarang. Terima kasih.","Penipuan Investasi","trading_palsu","synthetic_template_v1","true","false","INV-5"
"spam","Assalamualaikum, Akun bank akan dinonaktifkan. Verifikasi melalui https://bank-verifikasi-0137.invalid. Ditunggu konfirmasinya.","Phishing/Link Berbahaya","paket_apk","synthetic_template_v1","true","false","PHI-5"
"spam","Selamat sore, Petugas pajak meminta data rekening dan PIN untuk pengembalian dana. Ditunggu konfirmasinya.","Social Engineering","penyamaran_petugas","synthetic_template_v1","true","false","SOC-7"
"spam","Mohon perhatian, Akun akan dinonaktifkan bila Anda tidak membalas dengan OTP sebelum batas waktu. Terima kasih.","Social Engineering","penyamaran_petugas","synthetic_template_v1","true","false","SOC-6"
"spam","Selamat sore, Hadiah pelanggan menunggu. Pasang Bonus_Resmi_0088.apk untuk klaim. Harap cek kembali.","Phishing/Link Berbahaya","paket_apk","synthetic_template_v1","true","false","PHI-8"
"spam","Halo pelanggan, Akun akan dinonaktifkan bila Anda tidak membalas dengan OTP malam ini. Terima kasih atas waktunya.","Social Engineering","penyamaran_petugas","synthetic_template_v1","true","false","SOC-6"
"spam","Hai, Akun bank akan dinonaktifkan. Verifikasi melalui https://bank-verifikasi-0021.invalid. Harap cek kembali.","Phishing/Link Berbahaya","paket_apk","synthetic_template_v1","true","false","PHI-5"
"spam","Permisi, Hadiah pelanggan menunggu. Pasang Bonus_Resmi_0366.apk untuk klaim. Terima kasih atas waktunya.","Phishing/Link Berbahaya","paket_apk","synthetic_template_v1","true","false","PHI-8"
"spam","Info untuk Anda, Sayang, aku sedang darurat di luar kota. Tolong kirim uang Rp350.000 hari ini. Demikian informasinya.","Penipuan Romansa","pinjaman_pasangan","synthetic_template_v1","true","false","ROM-1"
"spam","Selamat sore, Rekrutmen resmi tanpa wawancara, bayar pelatihan wajib sebesar Rp1.250.000. Salam.","Penipuan Rekrutmen","tugas_like","synthetic_template_v1","true","false","REK-6"
"spam","Info untuk Anda, Tagihan belum dibayar. Klik tautan [tautan-palsu-0397] untuk menghindari denda. Demikian informasinya.","Phishing/Link Berbahaya","paket_apk","synthetic_template_v1","true","false","PHI-6"
"ham","Permisi, Jadwal konsultasi dipindah ke minggu depan pukul 13.00 melalui ruang kelas resmi. Salam.","Aman","undangan_aman","synthetic_template_v1","true","false","AMN-5"
"ham","Info untuk Anda, Besok rapat kelompok dimulai pukul 08.00 di ruang laboratorium. Harap cek kembali.","Aman","percakapan_harian","synthetic_template_v1","true","false","AMN-1"
"ham","Halo pelanggan, Jadwal konsultasi dipindah ke minggu depan pukul 08.00 melalui ruang kelas resmi. Ditunggu konfirmasinya.","Aman","undangan_aman","synthetic_template_v1","true","false","AMN-5"
"spam","Permisi, Customer service meminta foto kartu dan kode rahasia untuk membuka blokir. Terima kasih.","Social Engineering","ancaman_akun","synthetic_template_v1","true","false","SOC-9"
"spam","Assalamualaikum, Aku ingin membangun masa depan bersama, kirim modal kecil untuk usaha kita. Harap cek kembali.","Penipuan Romansa","hadiah_tertahan","synthetic_template_v1","true","false","ROM-7"
"spam","Halo kak, Kami mengundang Anda ke pesta pernikahan. Buka Foto Undangan_0577.apk untuk info lengkapnya. Mohon diperhatikan.","Phishing/Link Berbahaya","undangan_apk","synthetic_template_v1","true","false","PHI-1"
"spam","Halo pelanggan, Akun akan dinonaktifkan bila Anda tidak membalas dengan OTP malam ini. Semoga membantu.","Social Engineering","penyamaran_petugas","synthetic_template_v1","true","false","SOC-6"
"spam","Selamat sore, Akun akan dinonaktifkan bila Anda tidak membalas dengan OTP sebelum batas waktu. Semoga membantu.","Social Engineering","penyamaran_petugas","synthetic_template_v1","true","false","SOC-6"
"spam","Assalamualaikum, Pihak berwenang mengancam denda bila data pribadi tidak dikirim sebelum batas waktu. Salam.","Social Engineering","ancaman_akun","synthetic_template_v1","true","false","SOC-10"
"spam","Kepada Yth. Bapak/Ibu, Setelah semua obrolan kita, buktikan kepercayaanmu dengan membantu transfer Rp2.500.000. Harap cek kembali.","Penipuan Romansa","pinjaman_pasangan","synthetic_template_v1","true","false","ROM-3"
"spam","Halo pelanggan, Atasan meminta transfer darurat Rp350.000; jangan hubungi siapa pun dulu. Demikian informasinya.","Social Engineering","penyamaran_petugas","synthetic_template_v1","true","false","SOC-5"
"spam","Kepada Yth. Bapak/Ibu, Posisi terbatas, amankan kursi kerja dengan transfer Rp5.000.000. Harap cek kembali.","Penipuan Rekrutmen","hrd_palsu","synthetic_template_v1","true","false","REK-9"
"spam","Permisi, Investasi kebun digital memberi bonus anggota dan keuntungan tanpa rugi. Demikian informasinya.","Penipuan Investasi","trading_palsu","synthetic_template_v1","true","false","INV-6"
"ham","Selamat sore, Foto undangan pernikahan sudah saya kirim dalam format JPG. Sampai jumpa di acara ya. Demikian informasinya.","Aman","percakapan_harian","synthetic_template_v1","true","false","AMN-3"
"spam","Hai, Kesempatan cuan pasti 30% per minggu, transfer modal sebelum pukul 18.00. Demikian informasinya.","Penipuan Investasi","profit_pasti","synthetic_template_v1","true","false","INV-3"
"spam","Info untuk Anda, Kita sudah dekat lama. Tolong bantu biaya pengobatan keluargaku sebesar Rp150.000. Terima kasih atas waktunya.","Penipuan Romansa","darurat_palsu","synthetic_template_v1","true","false","ROM-10"
"spam","Kepada Yth. Bapak/Ibu, Saya petugas bank. Sebutkan OTP yang baru masuk agar rekening tidak diblokir sebelum batas waktu. Terima kasih atas waktunya.","Social Engineering","permintaan_otp","synthetic_template_v1","true","false","SOC-1"
"ham","Halo pelanggan, Besok rapat kelompok dimulai pukul 09.30 di ruang A1. Terima kasih.","Aman","percakapan_harian","synthetic_template_v1","true","false","AMN-1"
"ham","Assalamualaikum, Kami mengundang Anda ke pernikahan keluarga kami pada Sabtu. Undangan berupa PDF, tidak perlu memasang aplikasi. Mohon diperhatikan.","Aman","percakapan_harian","synthetic_template_v1","true","false","AMN-2"
"ham","Permisi, Besok rapat kelompok dimulai pukul 15.30 di ruang aula. Mohon diperhatikan.","Aman","percakapan_harian","synthetic_template_v1","true","false","AMN-1"
"spam","Hai, Paket investasi VIP tersisa satu slot. Kirim Rp350.000 untuk mengamankan posisi. Demikian informasinya.","Penipuan Investasi","trading_palsu","synthetic_template_v1","true","false","INV-8"
"spam","Info untuk Anda, Rekrutmen resmi tanpa wawancara, bayar pelatihan wajib sebesar Rp5.000.000. Mohon diperhatikan.","Penipuan Rekrutmen","tugas_like","synthetic_template_v1","true","false","REK-6"
"spam","Hai, Jangan beri tahu keluargamu tentang hubungan kita. Aku butuh bantuan dana dalam 30 menit. Harap cek kembali.","Penipuan Romansa","hadiah_tertahan","synthetic_template_v1","true","false","ROM-6"
"spam","Selamat sore, Customer service meminta foto kartu dan kode rahasia untuk membuka blokir. Demikian informasinya.","Social Engineering","ancaman_akun","synthetic_template_v1","true","false","SOC-9"
"spam","Assalamualaikum, Kami lampirkan Undangan_Digital_Pernikahan_0275.apk. Mohon diunduh untuk melihat peta lokasi. Ditunggu konfirmasinya.","Phishing/Link Berbahaya","undangan_apk","synthetic_template_v1","true","false","PHI-2"
"ham","Permisi, Aku sudah sampai rumah. Kabari kalau kamu juga sudah sampai dengan aman. Semoga membantu.","Aman","informasi_resmi","synthetic_template_v1","true","false","AMN-9"
"spam","Kepada Yth. Bapak/Ibu, Rekrutmen resmi tanpa wawancara, bayar pelatihan wajib sebesar Rp2.500.000. Mohon diperhatikan.","Penipuan Rekrutmen","tugas_like","synthetic_template_v1","true","false","REK-6"
"spam","Hai, HRD meminta pembayaran medical check-up ke rekening pribadi hari ini. Ditunggu konfirmasinya.","Penipuan Rekrutmen","tugas_like","synthetic_template_v1","true","false","REK-8"
"spam","Hai, Penerimaan pegawai kilat. Rahasiakan proses dan lunasi biaya dokumen. Semoga membantu.","Penipuan Rekrutmen","hrd_palsu","synthetic_template_v1","true","false","REK-10"
"spam","Halo pelanggan, Tugas online mudah menghasilkan komisi. Top up saldo agar tugas berikutnya terbuka. Ditunggu konfirmasinya.","Penipuan Rekrutmen","tugas_like","synthetic_template_v1","true","false","REK-7"
"ham","Selamat sore, Undangan rapat RT terlampir sebagai dokumen PDF dari pengurus yang kamu kenal. Salam.","Aman","informasi_resmi","synthetic_template_v1","true","false","AMN-10"
"spam","Assalamualaikum, Kami lampirkan Undangan_Digital_Pernikahan_0333.apk. Mohon diunduh untuk melihat peta lokasi. Ditunggu konfirmasinya.","Phishing/Link Berbahaya","undangan_apk","synthetic_template_v1","true","false","PHI-2"
"spam","File ZIP foto kegiatan ini harus diekstrak lalu jalankan isinya.","Phishing/Link Berbahaya","contemporary_hard_case","synthetic_contemporary_v2","true","false","PHI-H7"
"ham","Permisi, Jadwal konsultasi dipindah ke minggu depan pukul 19.00 melalui ruang kelas resmi. Semoga membantu.","Aman","undangan_aman","synthetic_template_v1","true","false","AMN-5"
"spam","Mohon perhatian, Paket investasi VIP tersisa satu slot. Kirim Rp1.250.000 untuk mengamankan posisi. Salam.","Penipuan Investasi","trading_palsu","synthetic_template_v1","true","false","INV-8"
"spam","Kepada Yth. Bapak/Ibu, Customer service meminta foto kartu dan kode rahasia untuk membuka blokir. Mohon diperhatikan.","Social Engineering","ancaman_akun","synthetic_template_v1","true","false","SOC-9"
"spam","Selamat sore, Rekrutmen resmi tanpa wawancara, bayar pelatihan wajib sebesar Rp5.000.000. Semoga membantu.","Penipuan Rekrutmen","tugas_like","synthetic_template_v1","true","false","REK-6"
"spam","Selamat pagi, Aku serius ingin menikah denganmu, tetapi paket hadiahku tertahan dan perlu biaya Rp500.000. Salam.","Penipuan Romansa","pinjaman_pasangan","synthetic_template_v1","true","false","ROM-2"
"spam","Kepada Yth. Bapak/Ibu, Saya petugas bank. Sebutkan OTP yang baru masuk agar rekening tidak diblokir malam ini. Salam.","Social Engineering","permintaan_otp","synthetic_template_v1","true","false","SOC-1"
"spam","Selamat sore, Kami lampirkan Undangan_Digital_Pernikahan_0220.apk. Mohon diunduh untuk melihat peta lokasi. Semoga membantu.","Phishing/Link Berbahaya","undangan_apk","synthetic_template_v1","true","false","PHI-2"
"spam","Selamat sore, Undangan interview dari perusahaan besar, beli tiket melalui agen yang kami tunjuk. Terima kasih.","Penipuan Rekrutmen","biaya_administrasi","synthetic_template_v1","true","false","REK-4"
"spam","Selamat sore, Saya dari kantor pusat, mohon konfirmasi password untuk pemeriksaan keamanan. Mohon diperhatikan.","Social Engineering","permintaan_otp","synthetic_template_v1","true","false","SOC-4"
"spam","Halo kak, Dana Anda akan dikelola profesional dengan hasil pasti 20% per bulan. Salam.","Penipuan Investasi","trading_palsu","synthetic_template_v1","true","false","INV-7"
"spam","Selamat pagi, Kerja paruh waktu dari rumah, tugas memberi like dengan deposit awal Rp350.000. Demikian informasinya.","Penipuan Rekrutmen","biaya_administrasi","synthetic_template_v1","true","false","REK-3"
"spam","Halo kak, Jangan beri tahu keluargamu tentang hubungan kita. Aku butuh bantuan dana sekarang. Terima kasih atas waktunya.","Penipuan Romansa","hadiah_tertahan","synthetic_template_v1","true","false","ROM-6"
"spam","Mohon perhatian, Atasan meminta transfer darurat Rp500.000; jangan hubungi siapa pun dulu. Harap cek kembali.","Social Engineering","penyamaran_petugas","synthetic_template_v1","true","false","SOC-5"
"spam","Mohon perhatian, Kesempatan cuan pasti 75% per minggu, transfer modal dalam 30 menit. Harap cek kembali.","Penipuan Investasi","profit_pasti","synthetic_template_v1","true","false","INV-3"
"spam","Hai, Undangan interview dari perusahaan besar, beli tiket melalui agen yang kami tunjuk. Terima kasih.","Penipuan Rekrutmen","biaya_administrasi","synthetic_template_v1","true","false","REK-4"
"spam","Selamat pagi, Cintaku, rekeningku diblokir. Pinjamkan Rp150.000, nanti langsung kuganti. Salam.","Penipuan Romansa","hadiah_tertahan","synthetic_template_v1","true","false","ROM-5"
"ham","Halo kak, Pengumuman kampus dapat dilihat melalui portal akademik resmi. Terima kasih atas waktunya.","Aman","undangan_aman","synthetic_template_v1","true","false","AMN-8"
"spam","Selamat sore, Penerimaan pegawai kilat. Rahasiakan proses dan lunasi biaya dokumen. Mohon diperhatikan.","Penipuan Rekrutmen","hrd_palsu","synthetic_template_v1","true","false","REK-10"
"spam","Selamat pagi, Jangan beri tahu keluargamu tentang hubungan kita. Aku butuh bantuan dana sebelum pukul 18.00. Terima kasih atas waktunya.","Penipuan Romansa","hadiah_tertahan","synthetic_template_v1","true","false","ROM-6"
"spam","Mohon perhatian, Lowongan staf administrasi bergaji tinggi. Kirim PIN dan data rekening untuk payroll. Terima kasih.","Penipuan Rekrutmen","tugas_like","synthetic_template_v1","true","false","REK-5"
"spam","Assalamualaikum, Bukti profit sudah banyak. Transfer dana awal agar akun investasi diaktifkan. Harap cek kembali.","Penipuan Investasi","deposit_awal","synthetic_template_v1","true","false","INV-10"
"spam","Permisi, Kami lampirkan Undangan_Digital_Pernikahan_0533.apk. Mohon diunduh untuk melihat peta lokasi. Ditunggu konfirmasinya.","Phishing/Link Berbahaya","undangan_apk","synthetic_template_v1","true","false","PHI-2"
"spam","Assalamualaikum, Pihak berwenang mengancam denda bila data pribadi tidak dikirim sekarang. Harap cek kembali.","Social Engineering","ancaman_akun","synthetic_template_v1","true","false","SOC-10"
"spam","Selamat sore, Detail waktu dan lokasi pernikahan ada di Undangan Pernikahan 0155.apk, silakan buka dalam 30 menit. Salam.","Phishing/Link Berbahaya","undangan_apk","synthetic_template_v1","true","false","PHI-3"
"spam","Permisi, Gabung grup trading kami, modal Rp150.000 dijamin berlipat dalam 10 hari. Semoga membantu.","Penipuan Investasi","profit_pasti","synthetic_template_v1","true","false","INV-2"
"spam","Halo pelanggan, Paket Anda tertahan. Download aplikasi Cek_Resi_0051.apk untuk memilih jadwal antar. Terima kasih atas waktunya.","Phishing/Link Berbahaya","undangan_apk","synthetic_template_v1","true","false","PHI-4"
"spam","Permisi, Buka file Galeri_Pernikahan_0074.apk agar foto dan alamat gedung terlihat. Harap cek kembali.","Phishing/Link Berbahaya","paket_apk","synthetic_template_v1","true","false","PHI-7"
"spam","Kepada Yth. Bapak/Ibu, Dana Anda akan dikelola profesional dengan hasil pasti 30% per bulan. Mohon diperhatikan.","Penipuan Investasi","trading_palsu","synthetic_template_v1","true","false","INV-7"
"spam","Mohon perhatian, Akun akan dinonaktifkan bila Anda tidak membalas dengan OTP malam ini. Terima kasih.","Social Engineering","penyamaran_petugas","synthetic_template_v1","true","false","SOC-6"
"spam","Info untuk Anda, Saya keluarga Anda memakai nomor baru. Tolong transfer Rp350.000 karena sedang darurat. Ditunggu konfirmasinya.","Social Engineering","penyamaran_petugas","synthetic_template_v1","true","false","SOC-8"
"spam","Assalamualaikum, Aku kehilangan dompet saat perjalanan menemuimu. Tolong transfer Rp1.250.000. Mohon diperhatikan.","Penipuan Romansa","darurat_palsu","synthetic_template_v1","true","false","ROM-9"
"ham","Info untuk Anda, Besok rapat kelompok dimulai pukul 09.30 di ruang B3. Terima kasih atas waktunya.","Aman","percakapan_harian","synthetic_template_v1","true","false","AMN-1"
"spam","Info untuk Anda, Saya petugas bank. Sebutkan OTP yang baru masuk agar rekening tidak diblokir sebelum pukul 18.00. Semoga membantu.","Social Engineering","permintaan_otp","synthetic_template_v1","true","false","SOC-1"
"spam","Halo pelanggan, Sayang, aku sedang darurat di luar kota. Tolong kirim uang Rp500.000 sekarang. Mohon diperhatikan.","Penipuan Romansa","pinjaman_pasangan","synthetic_template_v1","true","false","ROM-1"
"spam","Info untuk Anda, HRD membuka lowongan kerja. Bayar biaya administrasi Rp1.250.000 sebelum interview. Harap cek kembali.","Penipuan Rekrutmen","biaya_administrasi","synthetic_template_v1","true","false","REK-1"
"spam","Permisi, Jangan beri tahu keluargamu tentang hubungan kita. Aku butuh bantuan dana sekarang. Demikian informasinya.","Penipuan Romansa","hadiah_tertahan","synthetic_template_v1","true","false","ROM-6"
"spam","Halo kak, Gabung grup trading kami, modal Rp350.000 dijamin berlipat dalam 7 hari. Ditunggu konfirmasinya.","Penipuan Investasi","profit_pasti","synthetic_template_v1","true","false","INV-2"
"spam","Info untuk Anda, Tugas online mudah menghasilkan komisi. Top up saldo agar tugas berikutnya terbuka. Terima kasih.","Penipuan Rekrutmen","tugas_like","synthetic_template_v1","true","false","REK-7"
"ham","Halo kak, Jadwal konsultasi dipindah ke minggu depan pukul 19.00 melalui ruang kelas resmi. Semoga membantu.","Aman","undangan_aman","synthetic_template_v1","true","false","AMN-5"
"spam","Mohon perhatian, HRD meminta pembayaran medical check-up ke rekening pribadi sebelum batas waktu. Demikian informasinya.","Penipuan Rekrutmen","tugas_like","synthetic_template_v1","true","false","REK-8"
"spam","Info untuk Anda, Aku bekerja di luar negeri dan akan pulang menemuimu. Bayarkan bea paket hadiah dulu. Demikian informasinya.","Penipuan Romansa","pinjaman_pasangan","synthetic_template_v1","true","false","ROM-4"
"spam","Selamat sore, Undangan resmi elektronik tersedia melalui link http://undangan-0597.invalid. Demikian informasinya.","Phishing/Link Berbahaya","tautan_login_palsu","synthetic_template_v1","true","false","PHI-9"
"spam","Selamat sore, Atasan meminta transfer darurat Rp150.000; jangan hubungi siapa pun dulu. Salam.","Social Engineering","penyamaran_petugas","synthetic_template_v1","true","false","SOC-5"
"ham","Halo kak, Kami mengundang Anda ke pernikahan keluarga kami pada Rabu. Undangan berupa PDF, tidak perlu memasang aplikasi. Ditunggu konfirmasinya.","Aman","percakapan_harian","synthetic_template_v1","true","false","AMN-2"
"spam","Halo kak, Anda diterima tanpa tes. Transfer biaya seragam Rp350.000 hari ini. Semoga membantu.","Penipuan Rekrutmen","biaya_administrasi","synthetic_template_v1","true","false","REK-2"
"spam","Permisi, Anda diterima tanpa tes. Transfer biaya seragam Rp5.000.000 sebelum batas waktu. Ditunggu konfirmasinya.","Penipuan Rekrutmen","biaya_administrasi","synthetic_template_v1","true","false","REK-2"
"spam","Halo kak, Aku ingin membangun masa depan bersama, kirim modal kecil untuk usaha kita. Harap cek kembali.","Penipuan Romansa","hadiah_tertahan","synthetic_template_v1","true","false","ROM-7"
"spam","Kepada Yth. Bapak/Ibu, Dana Anda akan dikelola profesional dengan hasil pasti 40% per bulan. Mohon diperhatikan.","Penipuan Investasi","trading_palsu","synthetic_template_v1","true","false","INV-7"
"spam","Permisi, Paket investasi VIP tersisa satu slot. Kirim Rp350.000 untuk mengamankan posisi. Salam.","Penipuan Investasi","trading_palsu","synthetic_template_v1","true","false","INV-8"
"spam","Selamat pagi, Buka file Galeri_Pernikahan_0552.apk agar foto dan alamat gedung terlihat. Semoga membantu.","Phishing/Link Berbahaya","paket_apk","synthetic_template_v1","true","false","PHI-7"
"spam","Permisi, Kami mengundang Anda ke pesta pernikahan. Buka Foto Undangan_0216.apk untuk info lengkapnya. Mohon diperhatikan.","Phishing/Link Berbahaya","undangan_apk","synthetic_template_v1","true","false","PHI-1"
"spam","Selamat sore, Setelah semua obrolan kita, buktikan kepercayaanmu dengan membantu transfer Rp500.000. Terima kasih atas waktunya.","Penipuan Romansa","pinjaman_pasangan","synthetic_template_v1","true","false","ROM-3"
"spam","Assalamualaikum, Cintaku, rekeningku diblokir. Pinjamkan Rp5.000.000, nanti langsung kuganti. Terima kasih atas waktunya.","Penipuan Romansa","hadiah_tertahan","synthetic_template_v1","true","false","ROM-5"
"spam","Permisi, Anda diterima tanpa tes. Transfer biaya seragam Rp150.000 sekarang. Terima kasih.","Penipuan Rekrutmen","biaya_administrasi","synthetic_template_v1","true","false","REK-2"
"spam","Hai, Cintaku, rekeningku diblokir. Pinjamkan Rp350.000, nanti langsung kuganti. Terima kasih.","Penipuan Romansa","hadiah_tertahan","synthetic_template_v1","true","false","ROM-5"
"ham","Halo kak, Foto undangan pernikahan sudah saya kirim dalam format JPG. Sampai jumpa di acara ya. Terima kasih.","Aman","percakapan_harian","synthetic_template_v1","true","false","AMN-3"
"spam","Halo kak, Sayang, aku sedang darurat di luar kota. Tolong kirim uang Rp150.000 sebelum batas waktu. Ditunggu konfirmasinya.","Penipuan Romansa","pinjaman_pasangan","synthetic_template_v1","true","false","ROM-1"
"spam","Halo pelanggan, Sayang, aku sedang darurat di luar kota. Tolong kirim uang Rp350.000 dalam 30 menit. Mohon diperhatikan.","Penipuan Romansa","pinjaman_pasangan","synthetic_template_v1","true","false","ROM-1"
"spam","Info untuk Anda, Nomor Anda bermasalah. Kirim kode verifikasi kepada petugas ini sekarang. Semoga membantu.","Social Engineering","permintaan_otp","synthetic_template_v1","true","false","SOC-3"
"ham","Hai, Tolong beli makan siang saat pulang dari kampus, nanti saya ganti. Salam.","Aman","percakapan_harian","synthetic_template_v1","true","false","AMN-4"
"spam","Selamat pagi, Tugas online mudah menghasilkan komisi. Top up saldo agar tugas berikutnya terbuka. Harap cek kembali.","Penipuan Rekrutmen","tugas_like","synthetic_template_v1","true","false","REK-7"
"spam","Info untuk Anda, Kesempatan cuan pasti 25% per minggu, transfer modal sebelum pukul 18.00. Semoga membantu.","Penipuan Investasi","profit_pasti","synthetic_template_v1","true","false","INV-3"
"spam","Assalamualaikum, Aku ingin membangun masa depan bersama, kirim modal kecil untuk usaha kita. Demikian informasinya.","Penipuan Romansa","hadiah_tertahan","synthetic_template_v1","true","false","ROM-7"
"spam","Halo kak, Saya petugas bank. Sebutkan OTP yang baru masuk agar rekening tidak diblokir hari ini. Ditunggu konfirmasinya.","Social Engineering","permintaan_otp","synthetic_template_v1","true","false","SOC-1"
"ham","Halo kak, Besok rapat kelompok dimulai pukul 13.00 di ruang laboratorium. Demikian informasinya.","Aman","percakapan_harian","synthetic_template_v1","true","false","AMN-1"
"spam","Selamat pagi, Nomor Anda bermasalah. Kirim kode verifikasi kepada petugas ini sebelum pukul 18.00. Semoga membantu.","Social Engineering","permintaan_otp","synthetic_template_v1","true","false","SOC-3"
"spam","Halo kak, Saya dari kantor pusat, mohon konfirmasi password untuk pemeriksaan keamanan. Ditunggu konfirmasinya.","Social Engineering","permintaan_otp","synthetic_template_v1","true","false","SOC-4"
"spam","Mohon perhatian, Rekrutmen resmi tanpa wawancara, bayar pelatihan wajib sebesar Rp5.000.000. Mohon diperhatikan.","Penipuan Rekrutmen","tugas_like","synthetic_template_v1","true","false","REK-6"
"spam","Hai, Investasi eksklusif menjanjikan profit 50% tanpa risiko. Deposit mulai Rp2.500.000. Salam.","Penipuan Investasi","profit_pasti","synthetic_template_v1","true","false","INV-1"
"spam","Selamat sore, Customer service meminta foto kartu dan kode rahasia untuk membuka blokir. Semoga membantu.","Social Engineering","ancaman_akun","synthetic_template_v1","true","false","SOC-9"
"spam","Mohon perhatian, Tugas online mudah menghasilkan komisi. Top up saldo agar tugas berikutnya terbuka. Demikian informasinya.","Penipuan Rekrutmen","tugas_like","synthetic_template_v1","true","false","REK-7"
"spam","Halo pelanggan, Kesempatan cuan pasti 30% per minggu, transfer modal sebelum pukul 18.00. Salam.","Penipuan Investasi","profit_pasti","synthetic_template_v1","true","false","INV-3"
"ham","Halo kak, Jadwal konsultasi dipindah ke Sabtu pukul 09.30 melalui ruang kelas resmi. Mohon diperhatikan.","Aman","undangan_aman","synthetic_template_v1","true","false","AMN-5"
"spam","Mohon perhatian, Kami mengundang Anda ke pesta pernikahan. Buka Foto Undangan_0241.apk untuk info lengkapnya. Terima kasih.","Phishing/Link Berbahaya","undangan_apk","synthetic_template_v1","true","false","PHI-1"
"spam","Kepada Yth. Bapak/Ibu, Saya petugas bank. Sebutkan OTP yang baru masuk agar rekening tidak diblokir malam ini. Terima kasih.","Social Engineering","permintaan_otp","synthetic_template_v1","true","false","SOC-1"
"spam","Petugas Dukcapil meminta foto KTP dan kode OTP untuk pembaruan data.","Social Engineering","contemporary_hard_case","synthetic_contemporary_v2","true","false","SOC-H5"
"spam","Halo kak, Paket Anda tertahan. Download aplikasi Cek_Resi_0379.apk untuk memilih jadwal antar. Harap cek kembali.","Phishing/Link Berbahaya","undangan_apk","synthetic_template_v1","true","false","PHI-4"
"spam","Mohon perhatian, Bisnis passive income tanpa kerja, modal kembali dalam 2 hari. Semoga membantu.","Penipuan Investasi","deposit_awal","synthetic_template_v1","true","false","INV-9"
"spam","Mohon perhatian, Gabung grup trading kami, modal Rp350.000 dijamin berlipat dalam 5 hari. Terima kasih atas waktunya.","Penipuan Investasi","profit_pasti","synthetic_template_v1","true","false","INV-2"
"spam","Selamat pagi, Akun akan dinonaktifkan bila Anda tidak membalas dengan OTP malam ini. Terima kasih.","Social Engineering","penyamaran_petugas","synthetic_template_v1","true","false","SOC-6"
"spam","Selamat sore, Kita sudah dekat lama. Tolong bantu biaya pengobatan keluargaku sebesar Rp2.500.000. Terima kasih atas waktunya.","Penipuan Romansa","darurat_palsu","synthetic_template_v1","true","false","ROM-10"
"spam","Selamat pagi, Investasi eksklusif menjanjikan profit 30% tanpa risiko. Deposit mulai Rp500.000. Terima kasih atas waktunya.","Penipuan Investasi","profit_pasti","synthetic_template_v1","true","false","INV-1"
"spam","Halo pelanggan, Petugas pajak meminta data rekening dan PIN untuk pengembalian dana. Harap cek kembali.","Social Engineering","penyamaran_petugas","synthetic_template_v1","true","false","SOC-7"
"spam","Hai, Undangan interview dari perusahaan besar, beli tiket melalui agen yang kami tunjuk. Mohon diperhatikan.","Penipuan Rekrutmen","biaya_administrasi","synthetic_template_v1","true","false","REK-4"
"spam","Permisi, Bisnis passive income tanpa kerja, modal kembali dalam 7 hari. Demikian informasinya.","Penipuan Investasi","deposit_awal","synthetic_template_v1","true","false","INV-9"
"spam","Permisi, Akun akan dinonaktifkan bila Anda tidak membalas dengan OTP sebelum batas waktu. Mohon diperhatikan.","Social Engineering","penyamaran_petugas","synthetic_template_v1","true","false","SOC-6"
"spam","Permisi, Pihak berwenang mengancam denda bila data pribadi tidak dikirim dalam 30 menit. Mohon diperhatikan.","Social Engineering","ancaman_akun","synthetic_template_v1","true","false","SOC-10"
"spam","Kepada Yth. Bapak/Ibu, Proyek kripto rahasia akan naik 75%. Jangan lewatkan penawaran dalam 30 menit. Terima kasih atas waktunya.","Penipuan Investasi","trading_palsu","synthetic_template_v1","true","false","INV-5"
"spam","Selamat sore, Paket investasi VIP tersisa satu slot. Kirim Rp1.250.000 untuk mengamankan posisi. Semoga membantu.","Penipuan Investasi","trading_palsu","synthetic_template_v1","true","false","INV-8"
"spam","Halo pelanggan, Saya petugas bank. Sebutkan OTP yang baru masuk agar rekening tidak diblokir sebelum batas waktu. Harap cek kembali.","Social Engineering","permintaan_otp","synthetic_template_v1","true","false","SOC-1"
"spam","Hai, Bisnis passive income tanpa kerja, modal kembali dalam 10 hari. Demikian informasinya.","Penipuan Investasi","deposit_awal","synthetic_template_v1","true","false","INV-9"
"spam","Halo pelanggan, Setelah semua obrolan kita, buktikan kepercayaanmu dengan membantu transfer Rp150.000. Demikian informasinya.","Penipuan Romansa","pinjaman_pasangan","synthetic_template_v1","true","false","ROM-3"
"spam","Halo pelanggan, Perbarui data akun melalui halaman login https://akun-aman-0190.invalid sekarang. Terima kasih.","Phishing/Link Berbahaya","tautan_login_palsu","synthetic_template_v1","true","false","PHI-10"
"ham","Assalamualaikum, Pengumuman kampus dapat dilihat melalui portal akademik resmi. Terima kasih.","Aman","undangan_aman","synthetic_template_v1","true","false","AMN-8"
"ham","Halo pelanggan, Jadwal konsultasi dipindah ke minggu depan pukul 08.00 melalui ruang kelas resmi. Terima kasih atas waktunya.","Aman","undangan_aman","synthetic_template_v1","true","false","AMN-5"
"ham","Kepada Yth. Bapak/Ibu, Jadwal konsultasi dipindah ke Rabu pukul 19.00 melalui ruang kelas resmi. Terima kasih.","Aman","undangan_aman","synthetic_template_v1","true","false","AMN-5"
"spam","Selamat pagi, Setelah semua obrolan kita, buktikan kepercayaanmu dengan membantu transfer Rp350.000. Semoga membantu.","Penipuan Romansa","pinjaman_pasangan","synthetic_template_v1","true","false","ROM-3"
"spam","Kepada Yth. Bapak/Ibu, Saya petugas bank. Sebutkan OTP yang baru masuk agar rekening tidak diblokir dalam 30 menit. Terima kasih.","Social Engineering","permintaan_otp","synthetic_template_v1","true","false","SOC-1"
"spam","Halo kak, Akun akan dinonaktifkan bila Anda tidak membalas dengan OTP malam ini. Mohon diperhatikan.","Social Engineering","penyamaran_petugas","synthetic_template_v1","true","false","SOC-6"
"spam","Assalamualaikum, Rekrutmen resmi tanpa wawancara, bayar pelatihan wajib sebesar Rp1.250.000. Ditunggu konfirmasinya.","Penipuan Rekrutmen","tugas_like","synthetic_template_v1","true","false","REK-6"
"spam","Selamat sore, Investasi eksklusif menjanjikan profit 75% tanpa risiko. Deposit mulai Rp1.250.000. Mohon diperhatikan.","Penipuan Investasi","profit_pasti","synthetic_template_v1","true","false","INV-1"
"spam","Selamat sore, Gabung grup trading kami, modal Rp1.250.000 dijamin berlipat dalam 3 hari. Salam.","Penipuan Investasi","profit_pasti","synthetic_template_v1","true","false","INV-2"
"spam","Halo pelanggan, Kesempatan cuan pasti 50% per minggu, transfer modal hari ini. Demikian informasinya.","Penipuan Investasi","profit_pasti","synthetic_template_v1","true","false","INV-3"
"spam","Permisi, Kami mengundang Anda ke pesta pernikahan. Buka Foto Undangan_0229.apk untuk info lengkapnya. Semoga membantu.","Phishing/Link Berbahaya","undangan_apk","synthetic_template_v1","true","false","PHI-1"
"spam","Kepada Yth. Bapak/Ibu, Kami lampirkan Undangan_Digital_Pernikahan_0264.apk. Mohon diunduh untuk melihat peta lokasi. Salam.","Phishing/Link Berbahaya","undangan_apk","synthetic_template_v1","true","false","PHI-2"
"ham","Info untuk Anda, Kami mengundang Anda ke pernikahan keluarga kami pada Senin. Undangan berupa PDF, tidak perlu memasang aplikasi. Terima kasih atas waktunya.","Aman","percakapan_harian","synthetic_template_v1","true","false","AMN-2"
"spam","Selamat pagi, Perbarui data akun melalui halaman login https://akun-aman-0178.invalid malam ini. Mohon diperhatikan.","Phishing/Link Berbahaya","tautan_login_palsu","synthetic_template_v1","true","false","PHI-10"
"spam","Kepada Yth. Bapak/Ibu, Cintaku, rekeningku diblokir. Pinjamkan Rp500.000, nanti langsung kuganti. Semoga membantu.","Penipuan Romansa","hadiah_tertahan","synthetic_template_v1","true","false","ROM-5"
"spam","Hai, Dana Anda akan dikelola profesional dengan hasil pasti 50% per bulan. Salam.","Penipuan Investasi","trading_palsu","synthetic_template_v1","true","false","INV-7"
"spam","Mohon perhatian, Cintaku, rekeningku diblokir. Pinjamkan Rp1.250.000, nanti langsung kuganti. Harap cek kembali.","Penipuan Romansa","hadiah_tertahan","synthetic_template_v1","true","false","ROM-5"
"spam","Hai, Paket investasi VIP tersisa satu slot. Kirim Rp500.000 untuk mengamankan posisi. Terima kasih atas waktunya.","Penipuan Investasi","trading_palsu","synthetic_template_v1","true","false","INV-8"
"spam","Kepada Yth. Bapak/Ibu, Aku bekerja di luar negeri dan akan pulang menemuimu. Bayarkan bea paket hadiah dulu. Semoga membantu.","Penipuan Romansa","pinjaman_pasangan","synthetic_template_v1","true","false","ROM-4"
"spam","Selamat sore, Investasi kebun digital memberi bonus anggota dan keuntungan tanpa rugi. Demikian informasinya.","Penipuan Investasi","trading_palsu","synthetic_template_v1","true","false","INV-6"
"spam","Kepada Yth. Bapak/Ibu, Saya dari kantor pusat, mohon konfirmasi password untuk pemeriksaan keamanan. Harap cek kembali.","Social Engineering","permintaan_otp","synthetic_template_v1","true","false","SOC-4"
"spam","Akun anak Anda menghubungi dari nomor baru dan meminta transfer darurat.","Social Engineering","contemporary_hard_case","synthetic_contemporary_v2","true","false","SOC-H8"
"spam","Permisi, Saya keluarga Anda memakai nomor baru. Tolong transfer Rp5.000.000 karena sedang darurat. Harap cek kembali.","Social Engineering","penyamaran_petugas","synthetic_template_v1","true","false","SOC-8"
"spam","Selamat pagi, Undangan resmi elektronik tersedia melalui link http://undangan-0327.invalid. Mohon diperhatikan.","Phishing/Link Berbahaya","tautan_login_palsu","synthetic_template_v1","true","false","PHI-9"
"spam","Halo kak, Atasan meminta transfer darurat Rp5.000.000; jangan hubungi siapa pun dulu. Ditunggu konfirmasinya.","Social Engineering","penyamaran_petugas","synthetic_template_v1","true","false","SOC-5"
"ham","Selamat pagi, Tolong beli makan siang saat pulang dari kampus, nanti saya ganti. Terima kasih.","Aman","percakapan_harian","synthetic_template_v1","true","false","AMN-4"
"spam","Info untuk Anda, HRD meminta pembayaran medical check-up ke rekening pribadi malam ini. Harap cek kembali.","Penipuan Rekrutmen","tugas_like","synthetic_template_v1","true","false","REK-8"
"spam","Info untuk Anda, Rekrutmen resmi tanpa wawancara, bayar pelatihan wajib sebesar Rp500.000. Mohon diperhatikan.","Penipuan Rekrutmen","tugas_like","synthetic_template_v1","true","false","REK-6"
"spam","Permisi, Perbarui data akun melalui halaman login https://akun-aman-0045.invalid sebelum batas waktu. Terima kasih.","Phishing/Link Berbahaya","tautan_login_palsu","synthetic_template_v1","true","false","PHI-10"
"spam","Kepada Yth. Bapak/Ibu, Nomor Anda bermasalah. Kirim kode verifikasi kepada petugas ini sekarang. Semoga membantu.","Social Engineering","permintaan_otp","synthetic_template_v1","true","false","SOC-3"
"spam","CS dompet digital meminta Anda membagikan layar dan menyebutkan PIN.","Social Engineering","contemporary_hard_case","synthetic_contemporary_v2","true","false","SOC-H6"
"spam","Mohon perhatian, Investasi kebun digital memberi bonus anggota dan keuntungan tanpa rugi. Mohon diperhatikan.","Penipuan Investasi","trading_palsu","synthetic_template_v1","true","false","INV-6"
"spam","Hai, Jangan beri tahu keluargamu tentang hubungan kita. Aku butuh bantuan dana dalam 30 menit. Semoga membantu.","Penipuan Romansa","hadiah_tertahan","synthetic_template_v1","true","false","ROM-6"
"ham","Halo pelanggan, Foto undangan pernikahan sudah saya kirim dalam format JPG. Sampai jumpa di acara ya. Salam.","Aman","percakapan_harian","synthetic_template_v1","true","false","AMN-3"
"spam","Assalamualaikum, Dana Anda akan dikelola profesional dengan hasil pasti 50% per bulan. Terima kasih.","Penipuan Investasi","trading_palsu","synthetic_template_v1","true","false","INV-7"
"spam","Halo pelanggan, Undangan resmi elektronik tersedia melalui link http://undangan-0121.invalid. Mohon diperhatikan.","Phishing/Link Berbahaya","tautan_login_palsu","synthetic_template_v1","true","false","PHI-9"
"spam","Assalamualaikum, Aku bekerja di luar negeri dan akan pulang menemuimu. Bayarkan bea paket hadiah dulu. Semoga membantu.","Penipuan Romansa","pinjaman_pasangan","synthetic_template_v1","true","false","ROM-4"
"spam","Mohon perhatian, Akun bank akan dinonaktifkan. Verifikasi melalui https://bank-verifikasi-0437.invalid. Ditunggu konfirmasinya.","Phishing/Link Berbahaya","paket_apk","synthetic_template_v1","true","false","PHI-5"
"ham","Assalamualaikum, Kami mengundang Anda ke pernikahan keluarga kami pada Senin. Undangan berupa PDF, tidak perlu memasang aplikasi. Harap cek kembali.","Aman","percakapan_harian","synthetic_template_v1","true","false","AMN-2"
"spam","Kepada Yth. Bapak/Ibu, Paket investasi VIP tersisa satu slot. Kirim Rp150.000 untuk mengamankan posisi. Ditunggu konfirmasinya.","Penipuan Investasi","trading_palsu","synthetic_template_v1","true","false","INV-8"
"ham","Assalamualaikum, Besok rapat kelompok dimulai pukul 08.00 di ruang aula. Terima kasih atas waktunya.","Aman","percakapan_harian","synthetic_template_v1","true","false","AMN-1"
"spam","Mohon perhatian, Admin layanan membutuhkan PIN Anda untuk membatalkan transaksi Rp2.500.000. Semoga membantu.","Social Engineering","permintaan_otp","synthetic_template_v1","true","false","SOC-2"
"ham","Halo kak, Kami mengundang Anda ke pernikahan keluarga kami pada Rabu. Undangan berupa PDF, tidak perlu memasang aplikasi. Semoga membantu.","Aman","percakapan_harian","synthetic_template_v1","true","false","AMN-2"
"spam","Hai, Pihak berwenang mengancam denda bila data pribadi tidak dikirim hari ini. Terima kasih.","Social Engineering","ancaman_akun","synthetic_template_v1","true","false","SOC-10"
"spam","Halo kak, Undangan interview dari perusahaan besar, beli tiket melalui agen yang kami tunjuk. Mohon diperhatikan.","Penipuan Rekrutmen","biaya_administrasi","synthetic_template_v1","true","false","REK-4"
"ham","Permisi, Besok rapat kelompok dimulai pukul 09.30 di ruang B3. Mohon diperhatikan.","Aman","percakapan_harian","synthetic_template_v1","true","false","AMN-1"
"spam","Selamat pagi, Aku bekerja di luar negeri dan akan pulang menemuimu. Bayarkan bea paket hadiah dulu. Ditunggu konfirmasinya.","Penipuan Romansa","pinjaman_pasangan","synthetic_template_v1","true","false","ROM-4"
"ham","Assalamualaikum, Tolong beli makan siang saat pulang dari kampus, nanti saya ganti. Mohon diperhatikan.","Aman","percakapan_harian","synthetic_template_v1","true","false","AMN-4"
"spam","Assalamualaikum, HRD membuka lowongan kerja. Bayar biaya administrasi Rp5.000.000 sebelum interview. Demikian informasinya.","Penipuan Rekrutmen","biaya_administrasi","synthetic_template_v1","true","false","REK-1"
"spam","Halo kak, Posisi terbatas, amankan kursi kerja dengan transfer Rp350.000. Terima kasih atas waktunya.","Penipuan Rekrutmen","hrd_palsu","synthetic_template_v1","true","false","REK-9"
"spam","Selamat pagi, Aku serius ingin menikah denganmu, tetapi paket hadiahku tertahan dan perlu biaya Rp1.250.000. Mohon diperhatikan.","Penipuan Romansa","pinjaman_pasangan","synthetic_template_v1","true","false","ROM-2"
"spam","Kepada Yth. Bapak/Ibu, Sayang, aku sedang darurat di luar kota. Tolong kirim uang Rp350.000 sebelum batas waktu. Semoga membantu.","Penipuan Romansa","pinjaman_pasangan","synthetic_template_v1","true","false","ROM-1"
"ham","Hai, Pengumuman kampus dapat dilihat melalui portal akademik resmi. Ditunggu konfirmasinya.","Aman","undangan_aman","synthetic_template_v1","true","false","AMN-8"
"spam","Mohon perhatian, Detail waktu dan lokasi pernikahan ada di Undangan Pernikahan 0434.apk, silakan buka sebelum batas waktu. Terima kasih.","Phishing/Link Berbahaya","undangan_apk","synthetic_template_v1","true","false","PHI-3"
"spam","Permisi, Rekrutmen resmi tanpa wawancara, bayar pelatihan wajib sebesar Rp350.000. Salam.","Penipuan Rekrutmen","tugas_like","synthetic_template_v1","true","false","REK-6"
"spam","Halo pelanggan, Pihak berwenang mengancam denda bila data pribadi tidak dikirim hari ini. Harap cek kembali.","Social Engineering","ancaman_akun","synthetic_template_v1","true","false","SOC-10"
"spam","Hai, Petugas pajak meminta data rekening dan PIN untuk pengembalian dana. Terima kasih atas waktunya.","Social Engineering","penyamaran_petugas","synthetic_template_v1","true","false","SOC-7"
"spam","Selamat sore, Akun bank akan dinonaktifkan. Verifikasi melalui https://bank-verifikasi-0291.invalid. Ditunggu konfirmasinya.","Phishing/Link Berbahaya","paket_apk","synthetic_template_v1","true","false","PHI-5"
"spam","Assalamualaikum, Akun bank akan dinonaktifkan. Verifikasi melalui https://bank-verifikasi-0342.invalid. Terima kasih atas waktunya.","Phishing/Link Berbahaya","paket_apk","synthetic_template_v1","true","false","PHI-5"
"spam","Kepada Yth. Bapak/Ibu, Kami mengundang Anda ke pesta pernikahan. Buka Foto Undangan_0492.apk untuk info lengkapnya. Terima kasih.","Phishing/Link Berbahaya","undangan_apk","synthetic_template_v1","true","false","PHI-1"
"spam","Info untuk Anda, Buka file Galeri_Pernikahan_0028.apk agar foto dan alamat gedung terlihat. Ditunggu konfirmasinya.","Phishing/Link Berbahaya","paket_apk","synthetic_template_v1","true","false","PHI-7"
"spam","Permisi, Aku bekerja di luar negeri dan akan pulang menemuimu. Bayarkan bea paket hadiah dulu. Harap cek kembali.","Penipuan Romansa","pinjaman_pasangan","synthetic_template_v1","true","false","ROM-4"
"spam","Halo pelanggan, Akun akan dinonaktifkan bila Anda tidak membalas dengan OTP sebelum batas waktu. Mohon diperhatikan.","Social Engineering","penyamaran_petugas","synthetic_template_v1","true","false","SOC-6"
"spam","Kepada Yth. Bapak/Ibu, Jangan beri tahu keluargamu tentang hubungan kita. Aku butuh bantuan dana sebelum pukul 18.00. Terima kasih atas waktunya.","Penipuan Romansa","hadiah_tertahan","synthetic_template_v1","true","false","ROM-6"
"spam","Info untuk Anda, Sayang, aku sedang darurat di luar kota. Tolong kirim uang Rp2.500.000 sekarang. Terima kasih.","Penipuan Romansa","pinjaman_pasangan","synthetic_template_v1","true","false","ROM-1"
"spam","Kepada Yth. Bapak/Ibu, Buka file Galeri_Pernikahan_0422.apk agar foto dan alamat gedung terlihat. Demikian informasinya.","Phishing/Link Berbahaya","paket_apk","synthetic_template_v1","true","false","PHI-7"
"spam","Halo kak, Akun akan dinonaktifkan bila Anda tidak membalas dengan OTP sebelum batas waktu. Demikian informasinya.","Social Engineering","penyamaran_petugas","synthetic_template_v1","true","false","SOC-6"
"spam","Selamat sore, Buka file Galeri_Pernikahan_0393.apk agar foto dan alamat gedung terlihat. Terima kasih atas waktunya.","Phishing/Link Berbahaya","paket_apk","synthetic_template_v1","true","false","PHI-7"
"spam","Permisi, Tagihan belum dibayar. Klik tautan [tautan-palsu-0106] untuk menghindari denda. Salam.","Phishing/Link Berbahaya","paket_apk","synthetic_template_v1","true","false","PHI-6"
"spam","Selamat sore, Perbarui data akun melalui halaman login https://akun-aman-0256.invalid malam ini. Ditunggu konfirmasinya.","Phishing/Link Berbahaya","tautan_login_palsu","synthetic_template_v1","true","false","PHI-10"
"spam","Hai, Kerja paruh waktu dari rumah, tugas memberi like dengan deposit awal Rp500.000. Harap cek kembali.","Penipuan Rekrutmen","biaya_administrasi","synthetic_template_v1","true","false","REK-3"
"spam","Permisi, Paket investasi VIP tersisa satu slot. Kirim Rp500.000 untuk mengamankan posisi. Salam.","Penipuan Investasi","trading_palsu","synthetic_template_v1","true","false","INV-8"
"spam","Assalamualaikum, Sayang, aku sedang darurat di luar kota. Tolong kirim uang Rp1.250.000 sebelum batas waktu. Ditunggu konfirmasinya.","Penipuan Romansa","pinjaman_pasangan","synthetic_template_v1","true","false","ROM-1"
"spam","Halo pelanggan, Pihak berwenang mengancam denda bila data pribadi tidak dikirim sebelum pukul 18.00. Terima kasih atas waktunya.","Social Engineering","ancaman_akun","synthetic_template_v1","true","false","SOC-10"
"spam","Penerimaan pegawai BUMN dipercepat jika membayar biaya dokumen.","Penipuan Rekrutmen","contemporary_hard_case","synthetic_contemporary_v2","true","false","REK-H7"
"spam","Selamat sore, Rekrutmen resmi tanpa wawancara, bayar pelatihan wajib sebesar Rp1.250.000. Terima kasih atas waktunya.","Penipuan Rekrutmen","tugas_like","synthetic_template_v1","true","false","REK-6"
"spam","Selamat pagi, Robot trading legal menjamin return tetap. Buka akun dengan setoran Rp2.500.000. Demikian informasinya.","Penipuan Investasi","profit_pasti","synthetic_template_v1","true","false","INV-4"
"spam","Mohon perhatian, Nomor Anda bermasalah. Kirim kode verifikasi kepada petugas ini dalam 30 menit. Terima kasih atas waktunya.","Social Engineering","permintaan_otp","synthetic_template_v1","true","false","SOC-3"
"ham","Assalamualaikum, Terima kasih sudah hadir di acara keluarga kemarin, foto ada di album bersama. Semoga membantu.","Aman","undangan_aman","synthetic_template_v1","true","false","AMN-7"
"spam","Permisi, Jangan beri tahu keluargamu tentang hubungan kita. Aku butuh bantuan dana sekarang. Salam.","Penipuan Romansa","hadiah_tertahan","synthetic_template_v1","true","false","ROM-6"
"spam","Selamat pagi, Anda diterima tanpa tes. Transfer biaya seragam Rp500.000 dalam 30 menit. Salam.","Penipuan Rekrutmen","biaya_administrasi","synthetic_template_v1","true","false","REK-2"
"spam","Halo kak, HRD meminta pembayaran medical check-up ke rekening pribadi hari ini. Demikian informasinya.","Penipuan Rekrutmen","tugas_like","synthetic_template_v1","true","false","REK-8"
"ham","Halo pelanggan, Kami mengundang Anda ke pernikahan keluarga kami pada Senin. Undangan berupa PDF, tidak perlu memasang aplikasi. Demikian informasinya.","Aman","percakapan_harian","synthetic_template_v1","true","false","AMN-2"
"spam","Hai, Robot trading legal menjamin return tetap. Buka akun dengan setoran Rp350.000. Demikian informasinya.","Penipuan Investasi","profit_pasti","synthetic_template_v1","true","false","INV-4"
"spam","Info untuk Anda, Rekrutmen resmi tanpa wawancara, bayar pelatihan wajib sebesar Rp5.000.000. Ditunggu konfirmasinya.","Penipuan Rekrutmen","tugas_like","synthetic_template_v1","true","false","REK-6"
"spam","Selamat sore, Perbarui data akun melalui halaman login https://akun-aman-0450.invalid sekarang. Salam.","Phishing/Link Berbahaya","tautan_login_palsu","synthetic_template_v1","true","false","PHI-10"
"ham","Selamat sore, Terima kasih sudah hadir di acara keluarga kemarin, foto ada di album bersama. Ditunggu konfirmasinya.","Aman","undangan_aman","synthetic_template_v1","true","false","AMN-7"
"spam","Mohon perhatian, Pihak berwenang mengancam denda bila data pribadi tidak dikirim sebelum batas waktu. Semoga membantu.","Social Engineering","ancaman_akun","synthetic_template_v1","true","false","SOC-10"
"spam","Info untuk Anda, Kami lampirkan Undangan_Digital_Pernikahan_0336.apk. Mohon diunduh untuk melihat peta lokasi. Harap cek kembali.","Phishing/Link Berbahaya","undangan_apk","synthetic_template_v1","true","false","PHI-2"
"spam","Assalamualaikum, Jangan beri tahu keluargamu tentang hubungan kita. Aku butuh bantuan dana sekarang. Demikian informasinya.","Penipuan Romansa","hadiah_tertahan","synthetic_template_v1","true","false","ROM-6"
"spam","Selamat pagi, Robot trading legal menjamin return tetap. Buka akun dengan setoran Rp2.500.000. Salam.","Penipuan Investasi","profit_pasti","synthetic_template_v1","true","false","INV-4"
"spam","Permisi, Hadiah pelanggan menunggu. Pasang Bonus_Resmi_0240.apk untuk klaim. Demikian informasinya.","Phishing/Link Berbahaya","paket_apk","synthetic_template_v1","true","false","PHI-8"
"spam","Selamat sore, Penerimaan pegawai kilat. Rahasiakan proses dan lunasi biaya dokumen. Harap cek kembali.","Penipuan Rekrutmen","hrd_palsu","synthetic_template_v1","true","false","REK-10"
"spam","Info untuk Anda, Atasan meminta transfer darurat Rp2.500.000; jangan hubungi siapa pun dulu. Terima kasih.","Social Engineering","penyamaran_petugas","synthetic_template_v1","true","false","SOC-5"
"spam","Assalamualaikum, Jangan beri tahu keluargamu tentang hubungan kita. Aku butuh bantuan dana sekarang. Terima kasih.","Penipuan Romansa","hadiah_tertahan","synthetic_template_v1","true","false","ROM-6"
"ham","Mohon perhatian, Foto undangan pernikahan sudah saya kirim dalam format JPG. Sampai jumpa di acara ya. Terima kasih atas waktunya.","Aman","percakapan_harian","synthetic_template_v1","true","false","AMN-3"
"spam","Permisi, Akun bank akan dinonaktifkan. Verifikasi melalui https://bank-verifikasi-0572.invalid. Semoga membantu.","Phishing/Link Berbahaya","paket_apk","synthetic_template_v1","true","false","PHI-5"
"spam","Assalamualaikum, Rekrutmen resmi tanpa wawancara, bayar pelatihan wajib sebesar Rp1.250.000. Demikian informasinya.","Penipuan Rekrutmen","tugas_like","synthetic_template_v1","true","false","REK-6"
"spam","Permisi, Paket Anda tertahan. Download aplikasi Cek_Resi_0224.apk untuk memilih jadwal antar. Ditunggu konfirmasinya.","Phishing/Link Berbahaya","undangan_apk","synthetic_template_v1","true","false","PHI-4"
"spam","Permisi, Posisi terbatas, amankan kursi kerja dengan transfer Rp1.250.000. Harap cek kembali.","Penipuan Rekrutmen","hrd_palsu","synthetic_template_v1","true","false","REK-9"
"spam","Halo kak, Pihak berwenang mengancam denda bila data pribadi tidak dikirim dalam 30 menit. Ditunggu konfirmasinya.","Social Engineering","ancaman_akun","synthetic_template_v1","true","false","SOC-10"
"spam","Info untuk Anda, Jangan beri tahu keluargamu tentang hubungan kita. Aku butuh bantuan dana sebelum batas waktu. Ditunggu konfirmasinya.","Penipuan Romansa","hadiah_tertahan","synthetic_template_v1","true","false","ROM-6"
"spam","Kepada Yth. Bapak/Ibu, Gabung grup trading kami, modal Rp5.000.000 dijamin berlipat dalam 3 hari. Demikian informasinya.","Penipuan Investasi","profit_pasti","synthetic_template_v1","true","false","INV-2"
"ham","Permisi, Jadwal konsultasi dipindah ke Senin pukul 09.30 melalui ruang kelas resmi. Semoga membantu.","Aman","undangan_aman","synthetic_template_v1","true","false","AMN-5"
"spam","Selamat pagi, Hadiah pernikahan untukmu tertahan di bea cukai. Bayar tagihannya agar dikirim. Semoga membantu.","Penipuan Romansa","hadiah_tertahan","synthetic_template_v1","true","false","ROM-8"
"ham","Selamat pagi, Pengumuman kampus dapat dilihat melalui portal akademik resmi. Mohon diperhatikan.","Aman","undangan_aman","synthetic_template_v1","true","false","AMN-8"
"spam","Assalamualaikum, Saya keluarga Anda memakai nomor baru. Tolong transfer Rp150.000 karena sedang darurat. Semoga membantu.","Social Engineering","penyamaran_petugas","synthetic_template_v1","true","false","SOC-8"
"spam","Assalamualaikum, HRD membuka lowongan kerja. Bayar biaya administrasi Rp2.500.000 sebelum interview. Mohon diperhatikan.","Penipuan Rekrutmen","biaya_administrasi","synthetic_template_v1","true","false","REK-1"
"spam","Halo kak, Setelah semua obrolan kita, buktikan kepercayaanmu dengan membantu transfer Rp2.500.000. Ditunggu konfirmasinya.","Penipuan Romansa","pinjaman_pasangan","synthetic_template_v1","true","false","ROM-3"
"spam","Kepada Yth. Bapak/Ibu, Rekrutmen resmi tanpa wawancara, bayar pelatihan wajib sebesar Rp500.000. Harap cek kembali.","Penipuan Rekrutmen","tugas_like","synthetic_template_v1","true","false","REK-6"
"spam","Mohon perhatian, Pihak berwenang mengancam denda bila data pribadi tidak dikirim hari ini. Mohon diperhatikan.","Social Engineering","ancaman_akun","synthetic_template_v1","true","false","SOC-10"
"spam","Info untuk Anda, Aku bekerja di luar negeri dan akan pulang menemuimu. Bayarkan bea paket hadiah dulu. Semoga membantu.","Penipuan Romansa","pinjaman_pasangan","synthetic_template_v1","true","false","ROM-4"
"ham","Hai, Aku sudah sampai rumah. Kabari kalau kamu juga sudah sampai dengan aman. Ditunggu konfirmasinya.","Aman","informasi_resmi","synthetic_template_v1","true","false","AMN-9"
"spam","Permisi, Bisnis passive income tanpa kerja, modal kembali dalam 5 hari. Harap cek kembali.","Penipuan Investasi","deposit_awal","synthetic_template_v1","true","false","INV-9"
"spam","Mohon perhatian, Gabung grup trading kami, modal Rp5.000.000 dijamin berlipat dalam 5 hari. Demikian informasinya.","Penipuan Investasi","profit_pasti","synthetic_template_v1","true","false","INV-2"
"ham","Mohon perhatian, Tolong beli makan siang saat pulang dari kampus, nanti saya ganti. Harap cek kembali.","Aman","percakapan_harian","synthetic_template_v1","true","false","AMN-4"
"spam","Assalamualaikum, Penerimaan pegawai kilat. Rahasiakan proses dan lunasi biaya dokumen. Terima kasih atas waktunya.","Penipuan Rekrutmen","hrd_palsu","synthetic_template_v1","true","false","REK-10"
"ham","Kepada Yth. Bapak/Ibu, Undangan rapat RT terlampir sebagai dokumen PDF dari pengurus yang kamu kenal. Demikian informasinya.","Aman","informasi_resmi","synthetic_template_v1","true","false","AMN-10"
"ham","Halo kak, Kami mengundang Anda ke pernikahan keluarga kami pada Sabtu. Undangan berupa PDF, tidak perlu memasang aplikasi. Terima kasih.","Aman","percakapan_harian","synthetic_template_v1","true","false","AMN-2"
"spam","Halo pelanggan, Undangan interview dari perusahaan besar, beli tiket melalui agen yang kami tunjuk. Terima kasih atas waktunya.","Penipuan Rekrutmen","biaya_administrasi","synthetic_template_v1","true","false","REK-4"
"spam","Assalamualaikum, Bukti profit sudah banyak. Transfer dana awal agar akun investasi diaktifkan. Ditunggu konfirmasinya.","Penipuan Investasi","deposit_awal","synthetic_template_v1","true","false","INV-10"
"spam","Halo pelanggan, Perbarui data akun melalui halaman login https://akun-aman-0481.invalid dalam 30 menit. Mohon diperhatikan.","Phishing/Link Berbahaya","tautan_login_palsu","synthetic_template_v1","true","false","PHI-10"
"spam","Info untuk Anda, Setelah semua obrolan kita, buktikan kepercayaanmu dengan membantu transfer Rp2.500.000. Terima kasih atas waktunya.","Penipuan Romansa","pinjaman_pasangan","synthetic_template_v1","true","false","ROM-3"
"spam","Kepada Yth. Bapak/Ibu, Tugas online mudah menghasilkan komisi. Top up saldo agar tugas berikutnya terbuka. Demikian informasinya.","Penipuan Rekrutmen","tugas_like","synthetic_template_v1","true","false","REK-7"
"spam","Halo kak, Aku serius ingin menikah denganmu, tetapi paket hadiahku tertahan dan perlu biaya Rp150.000. Semoga membantu.","Penipuan Romansa","pinjaman_pasangan","synthetic_template_v1","true","false","ROM-2"
"ham","Halo kak, Pengumuman kampus dapat dilihat melalui portal akademik resmi. Semoga membantu.","Aman","undangan_aman","synthetic_template_v1","true","false","AMN-8"
"spam","Halo kak, Kita sudah dekat lama. Tolong bantu biaya pengobatan keluargaku sebesar Rp500.000. Demikian informasinya.","Penipuan Romansa","darurat_palsu","synthetic_template_v1","true","false","ROM-10"
"spam","Halo kak, Lowongan staf administrasi bergaji tinggi. Kirim PIN dan data rekening untuk payroll. Demikian informasinya.","Penipuan Rekrutmen","tugas_like","synthetic_template_v1","true","false","REK-5"
"spam","Halo pelanggan, Rekrutmen resmi tanpa wawancara, bayar pelatihan wajib sebesar Rp1.250.000. Semoga membantu.","Penipuan Rekrutmen","tugas_like","synthetic_template_v1","true","false","REK-6"
"spam","Selamat pagi, Akun akan dinonaktifkan bila Anda tidak membalas dengan OTP malam ini. Demikian informasinya.","Social Engineering","penyamaran_petugas","synthetic_template_v1","true","false","SOC-6"
"ham","Selamat pagi, Foto undangan pernikahan sudah saya kirim dalam format JPG. Sampai jumpa di acara ya. Mohon diperhatikan.","Aman","percakapan_harian","synthetic_template_v1","true","false","AMN-3"
"spam","Mohon perhatian, Bisnis passive income tanpa kerja, modal kembali dalam 10 hari. Terima kasih.","Penipuan Investasi","deposit_awal","synthetic_template_v1","true","false","INV-9"
"spam","Halo kak, Dana Anda akan dikelola profesional dengan hasil pasti 40% per bulan. Demikian informasinya.","Penipuan Investasi","trading_palsu","synthetic_template_v1","true","false","INV-7"
"ham","cobalah ini aja","Aman","contemporary_hard_case","synthetic_contemporary_v2","true","false","AMN-H1"
"spam","Assalamualaikum, Paket investasi VIP tersisa satu slot. Kirim Rp2.500.000 untuk mengamankan posisi. Semoga membantu.","Penipuan Investasi","trading_palsu","synthetic_template_v1","true","false","INV-8"
"spam","Info untuk Anda, Dana Anda akan dikelola profesional dengan hasil pasti 50% per bulan. Salam.","Penipuan Investasi","trading_palsu","synthetic_template_v1","true","false","INV-7"
"spam","Hai, Perbarui data akun melalui halaman login https://akun-aman-0410.invalid sekarang. Salam.","Phishing/Link Berbahaya","tautan_login_palsu","synthetic_template_v1","true","false","PHI-10"
"spam","Permisi, Penerimaan pegawai kilat. Rahasiakan proses dan lunasi biaya dokumen. Salam.","Penipuan Rekrutmen","hrd_palsu","synthetic_template_v1","true","false","REK-10"
"spam","Selamat sore, Kerja paruh waktu dari rumah, tugas memberi like dengan deposit awal Rp350.000. Harap cek kembali.","Penipuan Rekrutmen","biaya_administrasi","synthetic_template_v1","true","false","REK-3"
"spam","Hai, Kita sudah dekat lama. Tolong bantu biaya pengobatan keluargaku sebesar Rp1.250.000. Ditunggu konfirmasinya.","Penipuan Romansa","darurat_palsu","synthetic_template_v1","true","false","ROM-10"
"spam","Hai, Petugas pajak meminta data rekening dan PIN untuk pengembalian dana. Mohon diperhatikan.","Social Engineering","penyamaran_petugas","synthetic_template_v1","true","false","SOC-7"
"spam","Halo kak, Kita sudah dekat lama. Tolong bantu biaya pengobatan keluargaku sebesar Rp5.000.000. Mohon diperhatikan.","Penipuan Romansa","darurat_palsu","synthetic_template_v1","true","false","ROM-10"
"spam","Selamat pagi, Saya keluarga Anda memakai nomor baru. Tolong transfer Rp500.000 karena sedang darurat. Harap cek kembali.","Social Engineering","penyamaran_petugas","synthetic_template_v1","true","false","SOC-8"
"spam","Halo pelanggan, Akun bank akan dinonaktifkan. Verifikasi melalui https://bank-verifikasi-0526.invalid. Demikian informasinya.","Phishing/Link Berbahaya","paket_apk","synthetic_template_v1","true","false","PHI-5"
"spam","Assalamualaikum, Robot trading legal menjamin return tetap. Buka akun dengan setoran Rp350.000. Ditunggu konfirmasinya.","Penipuan Investasi","profit_pasti","synthetic_template_v1","true","false","INV-4"
"spam","Selamat pagi, Saya keluarga Anda memakai nomor baru. Tolong transfer Rp350.000 karena sedang darurat. Terima kasih.","Social Engineering","penyamaran_petugas","synthetic_template_v1","true","false","SOC-8"
"spam","Assalamualaikum, Kesempatan cuan pasti 50% per minggu, transfer modal malam ini. Terima kasih.","Penipuan Investasi","profit_pasti","synthetic_template_v1","true","false","INV-3"
"ham","Halo kak, Aku sudah sampai rumah. Kabari kalau kamu juga sudah sampai dengan aman. Semoga membantu.","Aman","informasi_resmi","synthetic_template_v1","true","false","AMN-9"
"spam","Mohon perhatian, Undangan resmi elektronik tersedia melalui link http://undangan-0269.invalid. Semoga membantu.","Phishing/Link Berbahaya","tautan_login_palsu","synthetic_template_v1","true","false","PHI-9"
"spam","Kepada Yth. Bapak/Ibu, HRD membuka lowongan kerja. Bayar biaya administrasi Rp150.000 sebelum interview. Harap cek kembali.","Penipuan Rekrutmen","biaya_administrasi","synthetic_template_v1","true","false","REK-1"
"spam","Anda diterima magang tanpa wawancara, bayar seragam hari ini.","Penipuan Rekrutmen","contemporary_hard_case","synthetic_contemporary_v2","true","false","REK-H2"
"ham","Info untuk Anda, Aku sudah sampai rumah. Kabari kalau kamu juga sudah sampai dengan aman. Mohon diperhatikan.","Aman","informasi_resmi","synthetic_template_v1","true","false","AMN-9"
"spam","Info untuk Anda, Aku kehilangan dompet saat perjalanan menemuimu. Tolong transfer Rp350.000. Terima kasih.","Penipuan Romansa","darurat_palsu","synthetic_template_v1","true","false","ROM-9"
"spam","Info untuk Anda, Kesempatan cuan pasti 40% per minggu, transfer modal sebelum batas waktu. Ditunggu konfirmasinya.","Penipuan Investasi","profit_pasti","synthetic_template_v1","true","false","INV-3"
"spam","Halo kak, Customer service meminta foto kartu dan kode rahasia untuk membuka blokir. Semoga membantu.","Social Engineering","ancaman_akun","synthetic_template_v1","true","false","SOC-9"
"spam","Assalamualaikum, Investasi eksklusif menjanjikan profit 75% tanpa risiko. Deposit mulai Rp1.250.000. Salam.","Penipuan Investasi","profit_pasti","synthetic_template_v1","true","false","INV-1"
"spam","Hai, Gabung grup trading kami, modal Rp5.000.000 dijamin berlipat dalam 3 hari. Mohon diperhatikan.","Penipuan Investasi","profit_pasti","synthetic_template_v1","true","false","INV-2"
"spam","QR bantuan pemerintah ini mengarah ke formulir login.","Phishing/Link Berbahaya","contemporary_hard_case","synthetic_contemporary_v2","true","false","PHI-H9"
"spam","Selamat pagi, Saya petugas bank. Sebutkan OTP yang baru masuk agar rekening tidak diblokir hari ini. Demikian informasinya.","Social Engineering","permintaan_otp","synthetic_template_v1","true","false","SOC-1"
"spam","Info untuk Anda, Aku serius ingin menikah denganmu, tetapi paket hadiahku tertahan dan perlu biaya Rp1.250.000. Semoga membantu.","Penipuan Romansa","pinjaman_pasangan","synthetic_template_v1","true","false","ROM-2"
"spam","Halo kak, Perbarui data akun melalui halaman login https://akun-aman-0583.invalid sebelum pukul 18.00. Terima kasih atas waktunya.","Phishing/Link Berbahaya","tautan_login_palsu","synthetic_template_v1","true","false","PHI-10"
"spam","Mohon perhatian, Hadiah pelanggan menunggu. Pasang Bonus_Resmi_0129.apk untuk klaim. Mohon diperhatikan.","Phishing/Link Berbahaya","paket_apk","synthetic_template_v1","true","false","PHI-8"
"spam","Halo kak, Paket Anda tertahan. Download aplikasi Cek_Resi_0206.apk untuk memilih jadwal antar. Semoga membantu.","Phishing/Link Berbahaya","undangan_apk","synthetic_template_v1","true","false","PHI-4"
"spam","Mohon perhatian, Rekrutmen resmi tanpa wawancara, bayar pelatihan wajib sebesar Rp500.000. Harap cek kembali.","Penipuan Rekrutmen","tugas_like","synthetic_template_v1","true","false","REK-6"
"spam","Info untuk Anda, Kami mengundang Anda ke pesta pernikahan. Buka Foto Undangan_0426.apk untuk info lengkapnya. Demikian informasinya.","Phishing/Link Berbahaya","undangan_apk","synthetic_template_v1","true","false","PHI-1"
"spam","Halo kak, Saya keluarga Anda memakai nomor baru. Tolong transfer Rp500.000 karena sedang darurat. Terima kasih atas waktunya.","Social Engineering","penyamaran_petugas","synthetic_template_v1","true","false","SOC-8"
"spam","Mohon perhatian, Rekrutmen resmi tanpa wawancara, bayar pelatihan wajib sebesar Rp150.000. Terima kasih.","Penipuan Rekrutmen","tugas_like","synthetic_template_v1","true","false","REK-6"
"spam","Permisi, Hadiah pelanggan menunggu. Pasang Bonus_Resmi_0085.apk untuk klaim. Mohon diperhatikan.","Phishing/Link Berbahaya","paket_apk","synthetic_template_v1","true","false","PHI-8"
"spam","Mohon perhatian, Aku serius ingin menikah denganmu, tetapi paket hadiahku tertahan dan perlu biaya Rp500.000. Demikian informasinya.","Penipuan Romansa","pinjaman_pasangan","synthetic_template_v1","true","false","ROM-2"
"spam","Halo kak, Anda diterima tanpa tes. Transfer biaya seragam Rp5.000.000 dalam 30 menit. Terima kasih.","Penipuan Rekrutmen","biaya_administrasi","synthetic_template_v1","true","false","REK-2"
"spam","Mohon perhatian, Investasi eksklusif menjanjikan profit 30% tanpa risiko. Deposit mulai Rp2.500.000. Semoga membantu.","Penipuan Investasi","profit_pasti","synthetic_template_v1","true","false","INV-1"
"ham","Info untuk Anda, Paket sudah diterima oleh satpam. Silakan diambil tanpa biaya tambahan. Mohon diperhatikan.","Aman","undangan_aman","synthetic_template_v1","true","false","AMN-6"
"spam","Hai, Saya keluarga Anda memakai nomor baru. Tolong transfer Rp2.500.000 karena sedang darurat. Salam.","Social Engineering","penyamaran_petugas","synthetic_template_v1","true","false","SOC-8"
"spam","Mohon perhatian, Kami mengundang Anda ke pesta pernikahan. Buka Foto Undangan_0014.apk untuk info lengkapnya. Harap cek kembali.","Phishing/Link Berbahaya","undangan_apk","synthetic_template_v1","true","false","PHI-1"
"spam","Hai, Penerimaan pegawai kilat. Rahasiakan proses dan lunasi biaya dokumen. Terima kasih.","Penipuan Rekrutmen","hrd_palsu","synthetic_template_v1","true","false","REK-10"
"spam","Info untuk Anda, Sayang, aku sedang darurat di luar kota. Tolong kirim uang Rp2.500.000 dalam 30 menit. Ditunggu konfirmasinya.","Penipuan Romansa","pinjaman_pasangan","synthetic_template_v1","true","false","ROM-1"
"spam","Assalamualaikum, Jangan beri tahu keluargamu tentang hubungan kita. Aku butuh bantuan dana dalam 30 menit. Salam.","Penipuan Romansa","hadiah_tertahan","synthetic_template_v1","true","false","ROM-6"
"ham","Hai, Terima kasih sudah hadir di acara keluarga kemarin, foto ada di album bersama. Terima kasih atas waktunya.","Aman","undangan_aman","synthetic_template_v1","true","false","AMN-7"
"ham","Hai, Tolong beli makan siang saat pulang dari kampus, nanti saya ganti. Ditunggu konfirmasinya.","Aman","percakapan_harian","synthetic_template_v1","true","false","AMN-4"
"ham","Selamat sore, Jadwal konsultasi dipindah ke Sabtu pukul 08.00 melalui ruang kelas resmi. Terima kasih.","Aman","undangan_aman","synthetic_template_v1","true","false","AMN-5"
"spam","Selamat sore, Atasan meminta transfer darurat Rp150.000; jangan hubungi siapa pun dulu. Terima kasih atas waktunya.","Social Engineering","penyamaran_petugas","synthetic_template_v1","true","false","SOC-5"
"spam","Assalamualaikum, Akun bank akan dinonaktifkan. Verifikasi melalui https://bank-verifikasi-0118.invalid. Ditunggu konfirmasinya.","Phishing/Link Berbahaya","paket_apk","synthetic_template_v1","true","false","PHI-5"
"spam","Halo pelanggan, HRD meminta pembayaran medical check-up ke rekening pribadi hari ini. Terima kasih atas waktunya.","Penipuan Rekrutmen","tugas_like","synthetic_template_v1","true","false","REK-8"
"spam","Selamat sore, Tugas online mudah menghasilkan komisi. Top up saldo agar tugas berikutnya terbuka. Ditunggu konfirmasinya.","Penipuan Rekrutmen","tugas_like","synthetic_template_v1","true","false","REK-7"
"spam","Selamat sore, Investasi kebun digital memberi bonus anggota dan keuntungan tanpa rugi. Ditunggu konfirmasinya.","Penipuan Investasi","trading_palsu","synthetic_template_v1","true","false","INV-6"
"ham","Halo kak, Paket sudah diterima oleh satpam. Silakan diambil tanpa biaya tambahan. Salam.","Aman","undangan_aman","synthetic_template_v1","true","false","AMN-6"
"ham","Hai, Besok rapat kelompok dimulai pukul 08.00 di ruang A1. Demikian informasinya.","Aman","percakapan_harian","synthetic_template_v1","true","false","AMN-1"
"spam","Kepada Yth. Bapak/Ibu, HRD membuka lowongan kerja. Bayar biaya administrasi Rp500.000 sebelum interview. Ditunggu konfirmasinya.","Penipuan Rekrutmen","biaya_administrasi","synthetic_template_v1","true","false","REK-1"
"spam","Halo pelanggan, Nomor Anda bermasalah. Kirim kode verifikasi kepada petugas ini sebelum batas waktu. Harap cek kembali.","Social Engineering","permintaan_otp","synthetic_template_v1","true","false","SOC-3"
"spam","Halo pelanggan, Kami lampirkan Undangan_Digital_Pernikahan_0304.apk. Mohon diunduh untuk melihat peta lokasi. Ditunggu konfirmasinya.","Phishing/Link Berbahaya","undangan_apk","synthetic_template_v1","true","false","PHI-2"
"spam","Info untuk Anda, Lowongan staf administrasi bergaji tinggi. Kirim PIN dan data rekening untuk payroll. Demikian informasinya.","Penipuan Rekrutmen","tugas_like","synthetic_template_v1","true","false","REK-5"
"spam","Info untuk Anda, Bukti profit sudah banyak. Transfer dana awal agar akun investasi diaktifkan. Ditunggu konfirmasinya.","Penipuan Investasi","deposit_awal","synthetic_template_v1","true","false","INV-10"
"spam","Selamat sore, Rekrutmen resmi tanpa wawancara, bayar pelatihan wajib sebesar Rp5.000.000. Mohon diperhatikan.","Penipuan Rekrutmen","tugas_like","synthetic_template_v1","true","false","REK-6"
"spam","Selamat pagi, HRD membuka lowongan kerja. Bayar biaya administrasi Rp1.250.000 sebelum interview. Mohon diperhatikan.","Penipuan Rekrutmen","biaya_administrasi","synthetic_template_v1","true","false","REK-1"
"ham","Assalamualaikum, Aku sudah sampai rumah. Kabari kalau kamu juga sudah sampai dengan aman. Terima kasih.","Aman","informasi_resmi","synthetic_template_v1","true","false","AMN-9"
"spam","Assalamualaikum, Bisnis passive income tanpa kerja, modal kembali dalam 2 hari. Demikian informasinya.","Penipuan Investasi","deposit_awal","synthetic_template_v1","true","false","INV-9"
"spam","Info untuk Anda, Dana Anda akan dikelola profesional dengan hasil pasti 25% per bulan. Terima kasih atas waktunya.","Penipuan Investasi","trading_palsu","synthetic_template_v1","true","false","INV-7"
"ham","Selamat pagi, Kami mengundang Anda ke pernikahan keluarga kami pada minggu depan. Undangan berupa PDF, tidak perlu memasang aplikasi. Terima kasih.","Aman","percakapan_harian","synthetic_template_v1","true","false","AMN-2"
"spam","Assalamualaikum, Sayang, aku sedang darurat di luar kota. Tolong kirim uang Rp150.000 malam ini. Terima kasih.","Penipuan Romansa","pinjaman_pasangan","synthetic_template_v1","true","false","ROM-1"
"spam","Info untuk Anda, Robot trading legal menjamin return tetap. Buka akun dengan setoran Rp2.500.000. Terima kasih atas waktunya.","Penipuan Investasi","profit_pasti","synthetic_template_v1","true","false","INV-4"
"spam","Kepada Yth. Bapak/Ibu, Tagihan belum dibayar. Klik tautan [tautan-palsu-0039] untuk menghindari denda. Terima kasih.","Phishing/Link Berbahaya","paket_apk","synthetic_template_v1","true","false","PHI-6"
"spam","Halo pelanggan, Undangan resmi elektronik tersedia melalui link http://undangan-0528.invalid. Semoga membantu.","Phishing/Link Berbahaya","tautan_login_palsu","synthetic_template_v1","true","false","PHI-9"
"spam","Mohon perhatian, Akun akan dinonaktifkan bila Anda tidak membalas dengan OTP hari ini. Semoga membantu.","Social Engineering","penyamaran_petugas","synthetic_template_v1","true","false","SOC-6"
"spam","Hai, Aku ingin membangun masa depan bersama, kirim modal kecil untuk usaha kita. Terima kasih atas waktunya.","Penipuan Romansa","hadiah_tertahan","synthetic_template_v1","true","false","ROM-7"
"spam","Hai, Aku ingin membangun masa depan bersama, kirim modal kecil untuk usaha kita. Harap cek kembali.","Penipuan Romansa","hadiah_tertahan","synthetic_template_v1","true","false","ROM-7"
"spam","Permisi, Gabung grup trading kami, modal Rp2.500.000 dijamin berlipat dalam 10 hari. Demikian informasinya.","Penipuan Investasi","profit_pasti","synthetic_template_v1","true","false","INV-2"
"spam","Selamat pagi, Paket Anda tertahan. Download aplikasi Cek_Resi_0114.apk untuk memilih jadwal antar. Salam.","Phishing/Link Berbahaya","undangan_apk","synthetic_template_v1","true","false","PHI-4"
"spam","Info untuk Anda, Pihak berwenang mengancam denda bila data pribadi tidak dikirim malam ini. Semoga membantu.","Social Engineering","ancaman_akun","synthetic_template_v1","true","false","SOC-10"
"spam","Halo kak, Akun bank akan dinonaktifkan. Verifikasi melalui https://bank-verifikasi-0135.invalid. Mohon diperhatikan.","Phishing/Link Berbahaya","paket_apk","synthetic_template_v1","true","false","PHI-5"
"spam","Assalamualaikum, Aku bekerja di luar negeri dan akan pulang menemuimu. Bayarkan bea paket hadiah dulu. Terima kasih atas waktunya.","Penipuan Romansa","pinjaman_pasangan","synthetic_template_v1","true","false","ROM-4"
"spam","Info untuk Anda, Bisnis passive income tanpa kerja, modal kembali dalam 5 hari. Semoga membantu.","Penipuan Investasi","deposit_awal","synthetic_template_v1","true","false","INV-9"
"spam","Info untuk Anda, Tagihan belum dibayar. Klik tautan [tautan-palsu-0012] untuk menghindari denda. Demikian informasinya.","Phishing/Link Berbahaya","paket_apk","synthetic_template_v1","true","false","PHI-6"
"spam","Halo kak, Bisnis passive income tanpa kerja, modal kembali dalam 7 hari. Ditunggu konfirmasinya.","Penipuan Investasi","deposit_awal","synthetic_template_v1","true","false","INV-9"
"spam","Hai, Nomor Anda bermasalah. Kirim kode verifikasi kepada petugas ini sekarang. Harap cek kembali.","Social Engineering","permintaan_otp","synthetic_template_v1","true","false","SOC-3"
"ham","Selamat pagi, Foto undangan pernikahan sudah saya kirim dalam format JPG. Sampai jumpa di acara ya. Demikian informasinya.","Aman","percakapan_harian","synthetic_template_v1","true","false","AMN-3"
"spam","Mohon perhatian, Lowongan staf administrasi bergaji tinggi. Kirim PIN dan data rekening untuk payroll. Semoga membantu.","Penipuan Rekrutmen","tugas_like","synthetic_template_v1","true","false","REK-5"
"spam","Kepada Yth. Bapak/Ibu, Kesempatan cuan pasti 20% per minggu, transfer modal malam ini. Ditunggu konfirmasinya.","Penipuan Investasi","profit_pasti","synthetic_template_v1","true","false","INV-3"
"spam","Aku ingin masa depan bersama, modal usaha kita transfer hari ini.","Penipuan Romansa","contemporary_hard_case","synthetic_contemporary_v2","true","false","ROM-H7"
"spam","Halo pelanggan, Customer service meminta foto kartu dan kode rahasia untuk membuka blokir. Demikian informasinya.","Social Engineering","ancaman_akun","synthetic_template_v1","true","false","SOC-9"
"ham","Assalamualaikum, Besok rapat kelompok dimulai pukul 13.00 di ruang B3. Mohon diperhatikan.","Aman","percakapan_harian","synthetic_template_v1","true","false","AMN-1"
"spam","Selamat pagi, HRD membuka lowongan kerja. Bayar biaya administrasi Rp350.000 sebelum interview. Harap cek kembali.","Penipuan Rekrutmen","biaya_administrasi","synthetic_template_v1","true","false","REK-1"
"spam","Selamat sore, Kesempatan cuan pasti 50% per minggu, transfer modal dalam 30 menit. Semoga membantu.","Penipuan Investasi","profit_pasti","synthetic_template_v1","true","false","INV-3"
"spam","Halo kak, Kerja paruh waktu dari rumah, tugas memberi like dengan deposit awal Rp1.250.000. Semoga membantu.","Penipuan Rekrutmen","biaya_administrasi","synthetic_template_v1","true","false","REK-3"
"spam","Kepada Yth. Bapak/Ibu, Cintaku, rekeningku diblokir. Pinjamkan Rp350.000, nanti langsung kuganti. Mohon diperhatikan.","Penipuan Romansa","hadiah_tertahan","synthetic_template_v1","true","false","ROM-5"
"spam","Assalamualaikum, Petugas pajak meminta data rekening dan PIN untuk pengembalian dana. Semoga membantu.","Social Engineering","penyamaran_petugas","synthetic_template_v1","true","false","SOC-7"
"ham","Hai, Undangan rapat RT terlampir sebagai dokumen PDF dari pengurus yang kamu kenal. Semoga membantu.","Aman","informasi_resmi","synthetic_template_v1","true","false","AMN-10"
"spam","Kepada Yth. Bapak/Ibu, Atasan meminta transfer darurat Rp350.000; jangan hubungi siapa pun dulu. Harap cek kembali.","Social Engineering","penyamaran_petugas","synthetic_template_v1","true","false","SOC-5"
"spam","Info untuk Anda, Undangan resmi elektronik tersedia melalui link http://undangan-0183.invalid. Mohon diperhatikan.","Phishing/Link Berbahaya","tautan_login_palsu","synthetic_template_v1","true","false","PHI-9"
"spam","Halo pelanggan, Saya petugas bank. Sebutkan OTP yang baru masuk agar rekening tidak diblokir hari ini. Semoga membantu.","Social Engineering","permintaan_otp","synthetic_template_v1","true","false","SOC-1"
"spam","Halo kak, Kita sudah dekat lama. Tolong bantu biaya pengobatan keluargaku sebesar Rp2.500.000. Salam.","Penipuan Romansa","darurat_palsu","synthetic_template_v1","true","false","ROM-10"
"spam","Info untuk Anda, Admin layanan membutuhkan PIN Anda untuk membatalkan transaksi Rp1.250.000. Demikian informasinya.","Social Engineering","permintaan_otp","synthetic_template_v1","true","false","SOC-2"
"spam","Permisi, Kami mengundang Anda ke pesta pernikahan. Buka Foto Undangan_0314.apk untuk info lengkapnya. Mohon diperhatikan.","Phishing/Link Berbahaya","undangan_apk","synthetic_template_v1","true","false","PHI-1"
"spam","Mohon perhatian, Investasi kebun digital memberi bonus anggota dan keuntungan tanpa rugi. Semoga membantu.","Penipuan Investasi","trading_palsu","synthetic_template_v1","true","false","INV-6"
"spam","Halo pelanggan, Kita sudah dekat lama. Tolong bantu biaya pengobatan keluargaku sebesar Rp2.500.000. Demikian informasinya.","Penipuan Romansa","darurat_palsu","synthetic_template_v1","true","false","ROM-10"
"spam","Assalamualaikum, Anda diterima tanpa tes. Transfer biaya seragam Rp150.000 malam ini. Semoga membantu.","Penipuan Rekrutmen","biaya_administrasi","synthetic_template_v1","true","false","REK-2"
"spam","Hai, Robot trading legal menjamin return tetap. Buka akun dengan setoran Rp5.000.000. Terima kasih atas waktunya.","Penipuan Investasi","profit_pasti","synthetic_template_v1","true","false","INV-4"
"spam","Selamat sore, Hadiah pelanggan menunggu. Pasang Bonus_Resmi_0424.apk untuk klaim. Demikian informasinya.","Phishing/Link Berbahaya","paket_apk","synthetic_template_v1","true","false","PHI-8"
"spam","Selamat pagi, Bukti profit sudah banyak. Transfer dana awal agar akun investasi diaktifkan. Mohon diperhatikan.","Penipuan Investasi","deposit_awal","synthetic_template_v1","true","false","INV-10"
"spam","Halo pelanggan, Cintaku, rekeningku diblokir. Pinjamkan Rp150.000, nanti langsung kuganti. Semoga membantu.","Penipuan Romansa","hadiah_tertahan","synthetic_template_v1","true","false","ROM-5"
"spam","Permisi, Undangan resmi elektronik tersedia melalui link http://undangan-0147.invalid. Terima kasih.","Phishing/Link Berbahaya","tautan_login_palsu","synthetic_template_v1","true","false","PHI-9"
"spam","Mohon perhatian, Investasi kebun digital memberi bonus anggota dan keuntungan tanpa rugi. Harap cek kembali.","Penipuan Investasi","trading_palsu","synthetic_template_v1","true","false","INV-6"
"spam","Kerja like video dari rumah, top up dulu untuk membuka tugas berikutnya.","Penipuan Rekrutmen","contemporary_hard_case","synthetic_contemporary_v2","true","false","REK-H1"
"spam","Mohon perhatian, Aku serius ingin menikah denganmu, tetapi paket hadiahku tertahan dan perlu biaya Rp2.500.000. Salam.","Penipuan Romansa","pinjaman_pasangan","synthetic_template_v1","true","false","ROM-2"
"spam","Mohon perhatian, Akun akan dinonaktifkan bila Anda tidak membalas dengan OTP hari ini. Terima kasih atas waktunya.","Social Engineering","penyamaran_petugas","synthetic_template_v1","true","false","SOC-6"
"spam","Halo pelanggan, Proyek kripto rahasia akan naik 40%. Jangan lewatkan penawaran sekarang. Ditunggu konfirmasinya.","Penipuan Investasi","trading_palsu","synthetic_template_v1","true","false","INV-5"
"spam","Info untuk Anda, Bukti profit sudah banyak. Transfer dana awal agar akun investasi diaktifkan. Terima kasih atas waktunya.","Penipuan Investasi","deposit_awal","synthetic_template_v1","true","false","INV-10"
"spam","Kepada Yth. Bapak/Ibu, Pihak berwenang mengancam denda bila data pribadi tidak dikirim malam ini. Harap cek kembali.","Social Engineering","ancaman_akun","synthetic_template_v1","true","false","SOC-10"
"spam","Hai, Kami mengundang Anda ke pesta pernikahan. Buka Foto Undangan_0476.apk untuk info lengkapnya. Salam.","Phishing/Link Berbahaya","undangan_apk","synthetic_template_v1","true","false","PHI-1"
"spam","Selamat pagi, Akun akan dinonaktifkan bila Anda tidak membalas dengan OTP sebelum pukul 18.00. Harap cek kembali.","Social Engineering","penyamaran_petugas","synthetic_template_v1","true","false","SOC-6"
"ham","Halo pelanggan, Tolong beli makan siang saat pulang dari kampus, nanti saya ganti. Salam.","Aman","percakapan_harian","synthetic_template_v1","true","false","AMN-4"
"spam","Assalamualaikum, Jangan beri tahu keluargamu tentang hubungan kita. Aku butuh bantuan dana hari ini. Terima kasih.","Penipuan Romansa","hadiah_tertahan","synthetic_template_v1","true","false","ROM-6"
"spam","Halo pelanggan, Kerja paruh waktu dari rumah, tugas memberi like dengan deposit awal Rp500.000. Harap cek kembali.","Penipuan Rekrutmen","biaya_administrasi","synthetic_template_v1","true","false","REK-3"
"spam","Halo pelanggan, HRD membuka lowongan kerja. Bayar biaya administrasi Rp2.500.000 sebelum interview. Mohon diperhatikan.","Penipuan Rekrutmen","biaya_administrasi","synthetic_template_v1","true","false","REK-1"
"spam","Halo kak, Hadiah pernikahan untukmu tertahan di bea cukai. Bayar tagihannya agar dikirim. Semoga membantu.","Penipuan Romansa","hadiah_tertahan","synthetic_template_v1","true","false","ROM-8"
"spam","Selamat sore, Petugas pajak meminta data rekening dan PIN untuk pengembalian dana. Mohon diperhatikan.","Social Engineering","penyamaran_petugas","synthetic_template_v1","true","false","SOC-7"
"spam","Assalamualaikum, Detail waktu dan lokasi pernikahan ada di Undangan Pernikahan 0015.apk, silakan buka malam ini. Mohon diperhatikan.","Phishing/Link Berbahaya","undangan_apk","synthetic_template_v1","true","false","PHI-3"
"spam","Selamat pagi, Akun bank akan dinonaktifkan. Verifikasi melalui https://bank-verifikasi-0250.invalid. Salam.","Phishing/Link Berbahaya","paket_apk","synthetic_template_v1","true","false","PHI-5"
"spam","Selamat sore, Akun bank akan dinonaktifkan. Verifikasi melalui https://bank-verifikasi-0511.invalid. Ditunggu konfirmasinya.","Phishing/Link Berbahaya","paket_apk","synthetic_template_v1","true","false","PHI-5"
"spam","Kepada Yth. Bapak/Ibu, Posisi terbatas, amankan kursi kerja dengan transfer Rp350.000. Terima kasih atas waktunya.","Penipuan Rekrutmen","hrd_palsu","synthetic_template_v1","true","false","REK-9"
"spam","Selamat pagi, Hadiah pelanggan menunggu. Pasang Bonus_Resmi_0444.apk untuk klaim. Mohon diperhatikan.","Phishing/Link Berbahaya","paket_apk","synthetic_template_v1","true","false","PHI-8"
"spam","Selamat sore, Posisi terbatas, amankan kursi kerja dengan transfer Rp350.000. Terima kasih atas waktunya.","Penipuan Rekrutmen","hrd_palsu","synthetic_template_v1","true","false","REK-9"
"spam","Halo kak, Lowongan staf administrasi bergaji tinggi. Kirim PIN dan data rekening untuk payroll. Salam.","Penipuan Rekrutmen","tugas_like","synthetic_template_v1","true","false","REK-5"
"ham","Selamat sore, Jadwal konsultasi dipindah ke Sabtu pukul 09.30 melalui ruang kelas resmi. Semoga membantu.","Aman","undangan_aman","synthetic_template_v1","true","false","AMN-5"
"spam","Permisi, Buka file Galeri_Pernikahan_0575.apk agar foto dan alamat gedung terlihat. Salam.","Phishing/Link Berbahaya","paket_apk","synthetic_template_v1","true","false","PHI-7"
"spam","Mohon perhatian, Investasi eksklusif menjanjikan profit 75% tanpa risiko. Deposit mulai Rp500.000. Harap cek kembali.","Penipuan Investasi","profit_pasti","synthetic_template_v1","true","false","INV-1"
"ham","Hai, Kami mengundang Anda ke pernikahan keluarga kami pada Rabu. Undangan berupa PDF, tidak perlu memasang aplikasi. Salam.","Aman","percakapan_harian","synthetic_template_v1","true","false","AMN-2"
"spam","Kepada Yth. Bapak/Ibu, Proyek kripto rahasia akan naik 50%. Jangan lewatkan penawaran sebelum batas waktu. Terima kasih.","Penipuan Investasi","trading_palsu","synthetic_template_v1","true","false","INV-5"
"spam","Selamat sore, Saya keluarga Anda memakai nomor baru. Tolong transfer Rp1.250.000 karena sedang darurat. Demikian informasinya.","Social Engineering","penyamaran_petugas","synthetic_template_v1","true","false","SOC-8"
"spam","Mohon perhatian, Aku ingin membangun masa depan bersama, kirim modal kecil untuk usaha kita. Salam.","Penipuan Romansa","hadiah_tertahan","synthetic_template_v1","true","false","ROM-7"
"spam","Permisi, Saya dari kantor pusat, mohon konfirmasi password untuk pemeriksaan keamanan. Salam.","Social Engineering","permintaan_otp","synthetic_template_v1","true","false","SOC-4"
"spam","Assalamualaikum, Akun bank akan dinonaktifkan. Verifikasi melalui https://bank-verifikasi-0287.invalid. Demikian informasinya.","Phishing/Link Berbahaya","paket_apk","synthetic_template_v1","true","false","PHI-5"
"spam","Selamat pagi, Nomor Anda bermasalah. Kirim kode verifikasi kepada petugas ini sebelum pukul 18.00. Harap cek kembali.","Social Engineering","permintaan_otp","synthetic_template_v1","true","false","SOC-3"
"spam","Assalamualaikum, Detail waktu dan lokasi pernikahan ada di Undangan Pernikahan 0586.apk, silakan buka sebelum pukul 18.00. Demikian informasinya.","Phishing/Link Berbahaya","undangan_apk","synthetic_template_v1","true","false","PHI-3"
"spam","Permisi, Robot trading legal menjamin return tetap. Buka akun dengan setoran Rp2.500.000. Terima kasih atas waktunya.","Penipuan Investasi","profit_pasti","synthetic_template_v1","true","false","INV-4"
"spam","Selamat pagi, Akun akan dinonaktifkan bila Anda tidak membalas dengan OTP hari ini. Terima kasih atas waktunya.","Social Engineering","penyamaran_petugas","synthetic_template_v1","true","false","SOC-6"
"ham","Permisi, Tolong beli makan siang saat pulang dari kampus, nanti saya ganti. Terima kasih atas waktunya.","Aman","percakapan_harian","synthetic_template_v1","true","false","AMN-4"
"ham","Selamat sore, Aku sudah sampai rumah. Kabari kalau kamu juga sudah sampai dengan aman. Harap cek kembali.","Aman","informasi_resmi","synthetic_template_v1","true","false","AMN-9"
"spam","Permisi, Kesempatan cuan pasti 75% per minggu, transfer modal dalam 30 menit. Salam.","Penipuan Investasi","profit_pasti","synthetic_template_v1","true","false","INV-3"
"ham","Mohon perhatian, Paket sudah diterima oleh satpam. Silakan diambil tanpa biaya tambahan. Terima kasih atas waktunya.","Aman","undangan_aman","synthetic_template_v1","true","false","AMN-6"
"ham","Kepada Yth. Bapak/Ibu, Aku sudah sampai rumah. Kabari kalau kamu juga sudah sampai dengan aman. Harap cek kembali.","Aman","informasi_resmi","synthetic_template_v1","true","false","AMN-9"
"spam","Selamat sore, Dana Anda akan dikelola profesional dengan hasil pasti 75% per bulan. Salam.","Penipuan Investasi","trading_palsu","synthetic_template_v1","true","false","INV-7"
"spam","Halo pelanggan, Petugas pajak meminta data rekening dan PIN untuk pengembalian dana. Demikian informasinya.","Social Engineering","penyamaran_petugas","synthetic_template_v1","true","false","SOC-7"
"spam","Kepada Yth. Bapak/Ibu, Investasi kebun digital memberi bonus anggota dan keuntungan tanpa rugi. Ditunggu konfirmasinya.","Penipuan Investasi","trading_palsu","synthetic_template_v1","true","false","INV-6"
"spam","Mohon perhatian, Kerja paruh waktu dari rumah, tugas memberi like dengan deposit awal Rp150.000. Mohon diperhatikan.","Penipuan Rekrutmen","biaya_administrasi","synthetic_template_v1","true","false","REK-3"
"ham","Hai, Jadwal konsultasi dipindah ke minggu depan pukul 15.30 melalui ruang kelas resmi. Salam.","Aman","undangan_aman","synthetic_template_v1","true","false","AMN-5"
"spam","Permisi, Posisi terbatas, amankan kursi kerja dengan transfer Rp350.000. Semoga membantu.","Penipuan Rekrutmen","hrd_palsu","synthetic_template_v1","true","false","REK-9"
"ham","Permisi, Besok rapat kelompok dimulai pukul 08.00 di ruang B3. Terima kasih.","Aman","percakapan_harian","synthetic_template_v1","true","false","AMN-1"
"spam","Kepada Yth. Bapak/Ibu, Posisi terbatas, amankan kursi kerja dengan transfer Rp5.000.000. Semoga membantu.","Penipuan Rekrutmen","hrd_palsu","synthetic_template_v1","true","false","REK-9"
"spam","Kepada Yth. Bapak/Ibu, Dana Anda akan dikelola profesional dengan hasil pasti 40% per bulan. Harap cek kembali.","Penipuan Investasi","trading_palsu","synthetic_template_v1","true","false","INV-7"
"spam","Kepada Yth. Bapak/Ibu, Lowongan staf administrasi bergaji tinggi. Kirim PIN dan data rekening untuk payroll. Semoga membantu.","Penipuan Rekrutmen","tugas_like","synthetic_template_v1","true","false","REK-5"
"spam","Halo pelanggan, Robot trading legal menjamin return tetap. Buka akun dengan setoran Rp2.500.000. Semoga membantu.","Penipuan Investasi","profit_pasti","synthetic_template_v1","true","false","INV-4"
"spam","Selamat sore, Tugas online mudah menghasilkan komisi. Top up saldo agar tugas berikutnya terbuka. Terima kasih.","Penipuan Rekrutmen","tugas_like","synthetic_template_v1","true","false","REK-7"
"spam","Info untuk Anda, Buka file Galeri_Pernikahan_0054.apk agar foto dan alamat gedung terlihat. Harap cek kembali.","Phishing/Link Berbahaya","paket_apk","synthetic_template_v1","true","false","PHI-7"
"ham","Mohon perhatian, Terima kasih sudah hadir di acara keluarga kemarin, foto ada di album bersama. Ditunggu konfirmasinya.","Aman","undangan_aman","synthetic_template_v1","true","false","AMN-7"
"ham","Permisi, Tolong beli makan siang saat pulang dari kampus, nanti saya ganti. Mohon diperhatikan.","Aman","percakapan_harian","synthetic_template_v1","true","false","AMN-4"
"spam","Halo kak, Petugas pajak meminta data rekening dan PIN untuk pengembalian dana. Semoga membantu.","Social Engineering","penyamaran_petugas","synthetic_template_v1","true","false","SOC-7"
"spam","Info untuk Anda, Detail waktu dan lokasi pernikahan ada di Undangan Pernikahan 0352.apk, silakan buka sekarang. Terima kasih atas waktunya.","Phishing/Link Berbahaya","undangan_apk","synthetic_template_v1","true","false","PHI-3"
"spam","Info untuk Anda, Customer service meminta foto kartu dan kode rahasia untuk membuka blokir. Salam.","Social Engineering","ancaman_akun","synthetic_template_v1","true","false","SOC-9"
"ham","Halo pelanggan, Pengumuman kampus dapat dilihat melalui portal akademik resmi. Demikian informasinya.","Aman","undangan_aman","synthetic_template_v1","true","false","AMN-8"
"spam","Permisi, Petugas pajak meminta data rekening dan PIN untuk pengembalian dana. Semoga membantu.","Social Engineering","penyamaran_petugas","synthetic_template_v1","true","false","SOC-7"
"spam","Selamat pagi, Detail waktu dan lokasi pernikahan ada di Undangan Pernikahan 0593.apk, silakan buka sebelum batas waktu. Demikian informasinya.","Phishing/Link Berbahaya","undangan_apk","synthetic_template_v1","true","false","PHI-3"
"spam","Selamat sore, Kesempatan cuan pasti 40% per minggu, transfer modal sekarang. Semoga membantu.","Penipuan Investasi","profit_pasti","synthetic_template_v1","true","false","INV-3"
"ham","Selamat pagi, Paket sudah diterima oleh satpam. Silakan diambil tanpa biaya tambahan. Harap cek kembali.","Aman","undangan_aman","synthetic_template_v1","true","false","AMN-6"
"ham","Mohon perhatian, Foto undangan pernikahan sudah saya kirim dalam format JPG. Sampai jumpa di acara ya. Harap cek kembali.","Aman","percakapan_harian","synthetic_template_v1","true","false","AMN-3"
"spam","Selamat pagi, Kesempatan cuan pasti 40% per minggu, transfer modal sekarang. Ditunggu konfirmasinya.","Penipuan Investasi","profit_pasti","synthetic_template_v1","true","false","INV-3"
"spam","Permisi, Admin layanan membutuhkan PIN Anda untuk membatalkan transaksi Rp1.250.000. Semoga membantu.","Social Engineering","permintaan_otp","synthetic_template_v1","true","false","SOC-2"
"spam","Titip dana ke rekening mentor untuk mendapat cuan pasti malam ini.","Penipuan Investasi","contemporary_hard_case","synthetic_contemporary_v2","true","false","INV-H5"
"spam","Selamat pagi, Undangan resmi elektronik tersedia melalui link http://undangan-0242.invalid. Semoga membantu.","Phishing/Link Berbahaya","tautan_login_palsu","synthetic_template_v1","true","false","PHI-9"
"spam","Permisi, Robot trading legal menjamin return tetap. Buka akun dengan setoran Rp2.500.000. Demikian informasinya.","Penipuan Investasi","profit_pasti","synthetic_template_v1","true","false","INV-4"
"spam","Halo kak, Paket Anda tertahan. Download aplikasi Cek_Resi_0441.apk untuk memilih jadwal antar. Terima kasih atas waktunya.","Phishing/Link Berbahaya","undangan_apk","synthetic_template_v1","true","false","PHI-4"
"spam","Hai, Aku kehilangan dompet saat perjalanan menemuimu. Tolong transfer Rp500.000. Ditunggu konfirmasinya.","Penipuan Romansa","darurat_palsu","synthetic_template_v1","true","false","ROM-9"
"spam","Selamat pagi, Investasi eksklusif menjanjikan profit 30% tanpa risiko. Deposit mulai Rp1.250.000. Ditunggu konfirmasinya.","Penipuan Investasi","profit_pasti","synthetic_template_v1","true","false","INV-1"
"ham","Halo kak, Kami mengundang Anda ke pernikahan keluarga kami pada Senin. Undangan berupa PDF, tidak perlu memasang aplikasi. Demikian informasinya.","Aman","percakapan_harian","synthetic_template_v1","true","false","AMN-2"
"ham","Mohon perhatian, Undangan rapat RT terlampir sebagai dokumen PDF dari pengurus yang kamu kenal. Semoga membantu.","Aman","informasi_resmi","synthetic_template_v1","true","false","AMN-10"
"spam","Hai, Dana Anda akan dikelola profesional dengan hasil pasti 75% per bulan. Mohon diperhatikan.","Penipuan Investasi","trading_palsu","synthetic_template_v1","true","false","INV-7"
"ham","Selamat pagi, Jadwal konsultasi dipindah ke Rabu pukul 19.00 melalui ruang kelas resmi. Terima kasih atas waktunya.","Aman","undangan_aman","synthetic_template_v1","true","false","AMN-5"
"spam","Selamat sore, Kerja paruh waktu dari rumah, tugas memberi like dengan deposit awal Rp2.500.000. Salam.","Penipuan Rekrutmen","biaya_administrasi","synthetic_template_v1","true","false","REK-3"
"spam","Kepada Yth. Bapak/Ibu, Kami mengundang Anda ke pesta pernikahan. Buka Foto Undangan_0095.apk untuk info lengkapnya. Ditunggu konfirmasinya.","Phishing/Link Berbahaya","undangan_apk","synthetic_template_v1","true","false","PHI-1"
"ham","Kepada Yth. Bapak/Ibu, Tolong beli makan siang saat pulang dari kampus, nanti saya ganti. Mohon diperhatikan.","Aman","percakapan_harian","synthetic_template_v1","true","false","AMN-4"
"spam","Mohon perhatian, Posisi terbatas, amankan kursi kerja dengan transfer Rp1.250.000. Terima kasih atas waktunya.","Penipuan Rekrutmen","hrd_palsu","synthetic_template_v1","true","false","REK-9"
"spam","Halo pelanggan, Bisnis passive income tanpa kerja, modal kembali dalam 5 hari. Mohon diperhatikan.","Penipuan Investasi","deposit_awal","synthetic_template_v1","true","false","INV-9"
"spam","Halo pelanggan, Dana Anda akan dikelola profesional dengan hasil pasti 30% per bulan. Salam.","Penipuan Investasi","trading_palsu","synthetic_template_v1","true","false","INV-7"
"spam","Selamat pagi, Bukti profit sudah banyak. Transfer dana awal agar akun investasi diaktifkan. Demikian informasinya.","Penipuan Investasi","deposit_awal","synthetic_template_v1","true","false","INV-10"
"spam","Assalamualaikum, Saya keluarga Anda memakai nomor baru. Tolong transfer Rp1.250.000 karena sedang darurat. Terima kasih.","Social Engineering","penyamaran_petugas","synthetic_template_v1","true","false","SOC-8"
"spam","Mohon perhatian, Tugas online mudah menghasilkan komisi. Top up saldo agar tugas berikutnya terbuka. Harap cek kembali.","Penipuan Rekrutmen","tugas_like","synthetic_template_v1","true","false","REK-7"
"spam","Mohon perhatian, Kami mengundang Anda ke pesta pernikahan. Buka Foto Undangan_0362.apk untuk info lengkapnya. Harap cek kembali.","Phishing/Link Berbahaya","undangan_apk","synthetic_template_v1","true","false","PHI-1"
"spam","Kepada Yth. Bapak/Ibu, Penerimaan pegawai kilat. Rahasiakan proses dan lunasi biaya dokumen. Salam.","Penipuan Rekrutmen","hrd_palsu","synthetic_template_v1","true","false","REK-10"
"spam","Halo kak, Tugas online mudah menghasilkan komisi. Top up saldo agar tugas berikutnya terbuka. Salam.","Penipuan Rekrutmen","tugas_like","synthetic_template_v1","true","false","REK-7"
"ham","Kepada Yth. Bapak/Ibu, Tolong beli makan siang saat pulang dari kampus, nanti saya ganti. Semoga membantu.","Aman","percakapan_harian","synthetic_template_v1","true","false","AMN-4"
"spam","Halo kak, Robot trading legal menjamin return tetap. Buka akun dengan setoran Rp350.000. Ditunggu konfirmasinya.","Penipuan Investasi","profit_pasti","synthetic_template_v1","true","false","INV-4"
"spam","Assalamualaikum, Kerja paruh waktu dari rumah, tugas memberi like dengan deposit awal Rp350.000. Terima kasih atas waktunya.","Penipuan Rekrutmen","biaya_administrasi","synthetic_template_v1","true","false","REK-3"
"spam","Assalamualaikum, Investasi eksklusif menjanjikan profit 40% tanpa risiko. Deposit mulai Rp150.000. Ditunggu konfirmasinya.","Penipuan Investasi","profit_pasti","synthetic_template_v1","true","false","INV-1"
"spam","Halo kak, Investasi kebun digital memberi bonus anggota dan keuntungan tanpa rugi. Semoga membantu.","Penipuan Investasi","trading_palsu","synthetic_template_v1","true","false","INV-6"
"spam","Halo pelanggan, Akun bank akan dinonaktifkan. Verifikasi melalui https://bank-verifikasi-0237.invalid. Salam.","Phishing/Link Berbahaya","paket_apk","synthetic_template_v1","true","false","PHI-5"
"spam","Selamat sore, Cintaku, rekeningku diblokir. Pinjamkan Rp350.000, nanti langsung kuganti. Harap cek kembali.","Penipuan Romansa","hadiah_tertahan","synthetic_template_v1","true","false","ROM-5"
"spam","Halo kak, Saya petugas bank. Sebutkan OTP yang baru masuk agar rekening tidak diblokir hari ini. Mohon diperhatikan.","Social Engineering","permintaan_otp","synthetic_template_v1","true","false","SOC-1"
"spam","Hai, Customer service meminta foto kartu dan kode rahasia untuk membuka blokir. Semoga membantu.","Social Engineering","ancaman_akun","synthetic_template_v1","true","false","SOC-9"
"spam","Halo kak, Tugas online mudah menghasilkan komisi. Top up saldo agar tugas berikutnya terbuka. Harap cek kembali.","Penipuan Rekrutmen","tugas_like","synthetic_template_v1","true","false","REK-7"
"spam","Mohon perhatian, Kesempatan cuan pasti 30% per minggu, transfer modal sekarang. Semoga membantu.","Penipuan Investasi","profit_pasti","synthetic_template_v1","true","false","INV-3"
"spam","Kepada Yth. Bapak/Ibu, Jangan beri tahu keluargamu tentang hubungan kita. Aku butuh bantuan dana sebelum batas waktu. Ditunggu konfirmasinya.","Penipuan Romansa","hadiah_tertahan","synthetic_template_v1","true","false","ROM-6"
"spam","Selamat pagi, Akun akan dinonaktifkan bila Anda tidak membalas dengan OTP hari ini. Ditunggu konfirmasinya.","Social Engineering","penyamaran_petugas","synthetic_template_v1","true","false","SOC-6"
"spam","Mohon perhatian, Detail waktu dan lokasi pernikahan ada di Undangan Pernikahan 0062.apk, silakan buka hari ini. Harap cek kembali.","Phishing/Link Berbahaya","undangan_apk","synthetic_template_v1","true","false","PHI-3"
"spam","Permisi, Dana Anda akan dikelola profesional dengan hasil pasti 40% per bulan. Semoga membantu.","Penipuan Investasi","trading_palsu","synthetic_template_v1","true","false","INV-7"
"ham","Halo pelanggan, Foto undangan pernikahan sudah saya kirim dalam format JPG. Sampai jumpa di acara ya. Mohon diperhatikan.","Aman","percakapan_harian","synthetic_template_v1","true","false","AMN-3"
"ham","Halo kak, Aku sudah sampai rumah. Kabari kalau kamu juga sudah sampai dengan aman. Mohon diperhatikan.","Aman","informasi_resmi","synthetic_template_v1","true","false","AMN-9"
"spam","Selamat sore, Cintaku, rekeningku diblokir. Pinjamkan Rp2.500.000, nanti langsung kuganti. Terima kasih.","Penipuan Romansa","hadiah_tertahan","synthetic_template_v1","true","false","ROM-5"
"ham","Permisi, Tolong beli makan siang saat pulang dari kampus, nanti saya ganti. Salam.","Aman","percakapan_harian","synthetic_template_v1","true","false","AMN-4"
"spam","Permisi, Admin layanan membutuhkan PIN Anda untuk membatalkan transaksi Rp500.000. Semoga membantu.","Social Engineering","permintaan_otp","synthetic_template_v1","true","false","SOC-2"
"ham","Mohon perhatian, Terima kasih sudah hadir di acara keluarga kemarin, foto ada di album bersama. Terima kasih atas waktunya.","Aman","undangan_aman","synthetic_template_v1","true","false","AMN-7"
"spam","Selamat sore, Posisi terbatas, amankan kursi kerja dengan transfer Rp1.250.000. Terima kasih.","Penipuan Rekrutmen","hrd_palsu","synthetic_template_v1","true","false","REK-9"
"spam","Permisi, Nomor Anda bermasalah. Kirim kode verifikasi kepada petugas ini sebelum batas waktu. Demikian informasinya.","Social Engineering","permintaan_otp","synthetic_template_v1","true","false","SOC-3"
"spam","Mohon perhatian, HRD membuka lowongan kerja. Bayar biaya administrasi Rp350.000 sebelum interview. Semoga membantu.","Penipuan Rekrutmen","biaya_administrasi","synthetic_template_v1","true","false","REK-1"
"ham","Kepada Yth. Bapak/Ibu, Jadwal konsultasi dipindah ke minggu depan pukul 09.30 melalui ruang kelas resmi. Harap cek kembali.","Aman","undangan_aman","synthetic_template_v1","true","false","AMN-5"
"spam","Halo pelanggan, Investasi kebun digital memberi bonus anggota dan keuntungan tanpa rugi. Terima kasih.","Penipuan Investasi","trading_palsu","synthetic_template_v1","true","false","INV-6"
"spam","Halo pelanggan, Pihak berwenang mengancam denda bila data pribadi tidak dikirim sekarang. Salam.","Social Engineering","ancaman_akun","synthetic_template_v1","true","false","SOC-10"
"spam","Selamat sore, Admin layanan membutuhkan PIN Anda untuk membatalkan transaksi Rp150.000. Harap cek kembali.","Social Engineering","permintaan_otp","synthetic_template_v1","true","false","SOC-2"
"spam","Assalamualaikum, Aku serius ingin menikah denganmu, tetapi paket hadiahku tertahan dan perlu biaya Rp350.000. Demikian informasinya.","Penipuan Romansa","pinjaman_pasangan","synthetic_template_v1","true","false","ROM-2"
"spam","Info untuk Anda, Sayang, aku sedang darurat di luar kota. Tolong kirim uang Rp500.000 dalam 30 menit. Harap cek kembali.","Penipuan Romansa","pinjaman_pasangan","synthetic_template_v1","true","false","ROM-1"
"spam","Halo kak, Cintaku, rekeningku diblokir. Pinjamkan Rp150.000, nanti langsung kuganti. Harap cek kembali.","Penipuan Romansa","hadiah_tertahan","synthetic_template_v1","true","false","ROM-5"
"ham","Permisi, Jadwal konsultasi dipindah ke Rabu pukul 13.00 melalui ruang kelas resmi. Semoga membantu.","Aman","undangan_aman","synthetic_template_v1","true","false","AMN-5"
"spam","Mohon perhatian, HRD meminta pembayaran medical check-up ke rekening pribadi sebelum batas waktu. Ditunggu konfirmasinya.","Penipuan Rekrutmen","tugas_like","synthetic_template_v1","true","false","REK-8"
"spam","Kepada Yth. Bapak/Ibu, Undangan resmi elektronik tersedia melalui link http://undangan-0082.invalid. Demikian informasinya.","Phishing/Link Berbahaya","tautan_login_palsu","synthetic_template_v1","true","false","PHI-9"
"spam","Info untuk Anda, Akun akan dinonaktifkan bila Anda tidak membalas dengan OTP sekarang. Terima kasih.","Social Engineering","penyamaran_petugas","synthetic_template_v1","true","false","SOC-6"
"spam","Assalamualaikum, Tagihan belum dibayar. Klik tautan [tautan-palsu-0255] untuk menghindari denda. Semoga membantu.","Phishing/Link Berbahaya","paket_apk","synthetic_template_v1","true","false","PHI-6"
"spam","Info untuk Anda, Hadiah pelanggan menunggu. Pasang Bonus_Resmi_0430.apk untuk klaim. Demikian informasinya.","Phishing/Link Berbahaya","paket_apk","synthetic_template_v1","true","false","PHI-8"
"spam","Kepada Yth. Bapak/Ibu, Undangan resmi elektronik tersedia melalui link http://undangan-0565.invalid. Mohon diperhatikan.","Phishing/Link Berbahaya","tautan_login_palsu","synthetic_template_v1","true","false","PHI-9"
"ham","Mohon perhatian, Terima kasih sudah hadir di acara keluarga kemarin, foto ada di album bersama. Demikian informasinya.","Aman","undangan_aman","synthetic_template_v1","true","false","AMN-7"
"spam","Assalamualaikum, Jangan beri tahu keluargamu tentang hubungan kita. Aku butuh bantuan dana malam ini. Demikian informasinya.","Penipuan Romansa","hadiah_tertahan","synthetic_template_v1","true","false","ROM-6"
"spam","Selamat sore, Proyek kripto rahasia akan naik 40%. Jangan lewatkan penawaran sebelum batas waktu. Semoga membantu.","Penipuan Investasi","trading_palsu","synthetic_template_v1","true","false","INV-5"
"spam","Permisi, HRD meminta pembayaran medical check-up ke rekening pribadi dalam 30 menit. Terima kasih atas waktunya.","Penipuan Rekrutmen","tugas_like","synthetic_template_v1","true","false","REK-8"
"spam","Permisi, Detail waktu dan lokasi pernikahan ada di Undangan Pernikahan 0581.apk, silakan buka sebelum batas waktu. Semoga membantu.","Phishing/Link Berbahaya","undangan_apk","synthetic_template_v1","true","false","PHI-3"
"spam","Selamat sore, Akun bank akan dinonaktifkan. Verifikasi melalui https://bank-verifikasi-0319.invalid. Terima kasih atas waktunya.","Phishing/Link Berbahaya","paket_apk","synthetic_template_v1","true","false","PHI-5"
"spam","Mohon perhatian, Tagihan belum dibayar. Klik tautan [tautan-palsu-0138] untuk menghindari denda. Harap cek kembali.","Phishing/Link Berbahaya","paket_apk","synthetic_template_v1","true","false","PHI-6"
"spam","Kepada Yth. Bapak/Ibu, Setelah semua obrolan kita, buktikan kepercayaanmu dengan membantu transfer Rp350.000. Ditunggu konfirmasinya.","Penipuan Romansa","pinjaman_pasangan","synthetic_template_v1","true","false","ROM-3"
"spam","Selamat sore, Aku serius ingin menikah denganmu, tetapi paket hadiahku tertahan dan perlu biaya Rp5.000.000. Terima kasih atas waktunya.","Penipuan Romansa","pinjaman_pasangan","synthetic_template_v1","true","false","ROM-2"
"ham","Kepada Yth. Bapak/Ibu, Besok rapat kelompok dimulai pukul 19.00 di ruang B3. Harap cek kembali.","Aman","percakapan_harian","synthetic_template_v1","true","false","AMN-1"
"spam","Halo kak, Investasi eksklusif menjanjikan profit 30% tanpa risiko. Deposit mulai Rp350.000. Demikian informasinya.","Penipuan Investasi","profit_pasti","synthetic_template_v1","true","false","INV-1"
"spam","Assalamualaikum, Undangan interview dari perusahaan besar, beli tiket melalui agen yang kami tunjuk. Terima kasih atas waktunya.","Penipuan Rekrutmen","biaya_administrasi","synthetic_template_v1","true","false","REK-4"
"spam","Halo pelanggan, Akun bank akan dinonaktifkan. Verifikasi melalui https://bank-verifikasi-0222.invalid. Demikian informasinya.","Phishing/Link Berbahaya","paket_apk","synthetic_template_v1","true","false","PHI-5"
"spam","Selamat sore, Posisi terbatas, amankan kursi kerja dengan transfer Rp350.000. Demikian informasinya.","Penipuan Rekrutmen","hrd_palsu","synthetic_template_v1","true","false","REK-9"
"spam","Halo kak, Undangan resmi elektronik tersedia melalui link http://undangan-0554.invalid. Terima kasih.","Phishing/Link Berbahaya","tautan_login_palsu","synthetic_template_v1","true","false","PHI-9"
"spam","Info untuk Anda, Investasi eksklusif menjanjikan profit 50% tanpa risiko. Deposit mulai Rp350.000. Harap cek kembali.","Penipuan Investasi","profit_pasti","synthetic_template_v1","true","false","INV-1"
"spam","Hai, Lowongan staf administrasi bergaji tinggi. Kirim PIN dan data rekening untuk payroll. Demikian informasinya.","Penipuan Rekrutmen","tugas_like","synthetic_template_v1","true","false","REK-5"
"spam","Halo kak, Admin layanan membutuhkan PIN Anda untuk membatalkan transaksi Rp350.000. Harap cek kembali.","Social Engineering","permintaan_otp","synthetic_template_v1","true","false","SOC-2"
"spam","Info untuk Anda, Aku kehilangan dompet saat perjalanan menemuimu. Tolong transfer Rp2.500.000. Salam.","Penipuan Romansa","darurat_palsu","synthetic_template_v1","true","false","ROM-9"
"ham","Halo kak, Jadwal konsultasi dipindah ke Senin pukul 09.30 melalui ruang kelas resmi. Salam.","Aman","undangan_aman","synthetic_template_v1","true","false","AMN-5"
"spam","Hai, Kami lampirkan Undangan_Digital_Pernikahan_0136.apk. Mohon diunduh untuk melihat peta lokasi. Salam.","Phishing/Link Berbahaya","undangan_apk","synthetic_template_v1","true","false","PHI-2"
"spam","Kepada Yth. Bapak/Ibu, Buka file Galeri_Pernikahan_0223.apk agar foto dan alamat gedung terlihat. Demikian informasinya.","Phishing/Link Berbahaya","paket_apk","synthetic_template_v1","true","false","PHI-7"
"spam","Halo kak, Nomor Anda bermasalah. Kirim kode verifikasi kepada petugas ini malam ini. Semoga membantu.","Social Engineering","permintaan_otp","synthetic_template_v1","true","false","SOC-3"
"spam","Selamat pagi, Aku serius ingin menikah denganmu, tetapi paket hadiahku tertahan dan perlu biaya Rp350.000. Mohon diperhatikan.","Penipuan Romansa","pinjaman_pasangan","synthetic_template_v1","true","false","ROM-2"
"ham","Info untuk Anda, Undangan rapat RT terlampir sebagai dokumen PDF dari pengurus yang kamu kenal. Terima kasih atas waktunya.","Aman","informasi_resmi","synthetic_template_v1","true","false","AMN-10"
"ham","Selamat sore, Aku sudah sampai rumah. Kabari kalau kamu juga sudah sampai dengan aman. Semoga membantu.","Aman","informasi_resmi","synthetic_template_v1","true","false","AMN-9"
"spam","Halo pelanggan, Saya petugas bank. Sebutkan OTP yang baru masuk agar rekening tidak diblokir sebelum batas waktu. Ditunggu konfirmasinya.","Social Engineering","permintaan_otp","synthetic_template_v1","true","false","SOC-1"
"spam","Info untuk Anda, Buka file Galeri_Pernikahan_0347.apk agar foto dan alamat gedung terlihat. Ditunggu konfirmasinya.","Phishing/Link Berbahaya","paket_apk","synthetic_template_v1","true","false","PHI-7"
"spam","Selamat pagi, Buka file Galeri_Pernikahan_0042.apk agar foto dan alamat gedung terlihat. Ditunggu konfirmasinya.","Phishing/Link Berbahaya","paket_apk","synthetic_template_v1","true","false","PHI-7"
"spam","Selamat sore, Paket investasi VIP tersisa satu slot. Kirim Rp2.500.000 untuk mengamankan posisi. Demikian informasinya.","Penipuan Investasi","trading_palsu","synthetic_template_v1","true","false","INV-8"
"spam","Selamat sore, Buka file Galeri_Pernikahan_0567.apk agar foto dan alamat gedung terlihat. Terima kasih atas waktunya.","Phishing/Link Berbahaya","paket_apk","synthetic_template_v1","true","false","PHI-7"
"spam","Hai, Customer service meminta foto kartu dan kode rahasia untuk membuka blokir. Terima kasih.","Social Engineering","ancaman_akun","synthetic_template_v1","true","false","SOC-9"
"spam","Selamat pagi, Kami lampirkan Undangan_Digital_Pernikahan_0574.apk. Mohon diunduh untuk melihat peta lokasi. Semoga membantu.","Phishing/Link Berbahaya","undangan_apk","synthetic_template_v1","true","false","PHI-2"
"spam","Permisi, Undangan interview dari perusahaan besar, beli tiket melalui agen yang kami tunjuk. Ditunggu konfirmasinya.","Penipuan Rekrutmen","biaya_administrasi","synthetic_template_v1","true","false","REK-4"
"spam","Assalamualaikum, Detail waktu dan lokasi pernikahan ada di Undangan Pernikahan 0277.apk, silakan buka hari ini. Terima kasih.","Phishing/Link Berbahaya","undangan_apk","synthetic_template_v1","true","false","PHI-3"
"spam","Info untuk Anda, Kita sudah dekat lama. Tolong bantu biaya pengobatan keluargaku sebesar Rp350.000. Terima kasih.","Penipuan Romansa","darurat_palsu","synthetic_template_v1","true","false","ROM-10"
"spam","Selamat sore, Akun akan dinonaktifkan bila Anda tidak membalas dengan OTP sebelum pukul 18.00. Mohon diperhatikan.","Social Engineering","penyamaran_petugas","synthetic_template_v1","true","false","SOC-6"
"spam","Info untuk Anda, Dana Anda akan dikelola profesional dengan hasil pasti 20% per bulan. Demikian informasinya.","Penipuan Investasi","trading_palsu","synthetic_template_v1","true","false","INV-7"
"spam","Selamat pagi, HRD meminta pembayaran medical check-up ke rekening pribadi hari ini. Harap cek kembali.","Penipuan Rekrutmen","tugas_like","synthetic_template_v1","true","false","REK-8"
"spam","Investasi task merchant menjanjikan komisi setelah top up saldo.","Penipuan Investasi","contemporary_hard_case","synthetic_contemporary_v2","true","false","INV-H4"
"spam","Kepada Yth. Bapak/Ibu, Kesempatan cuan pasti 20% per minggu, transfer modal sebelum batas waktu. Harap cek kembali.","Penipuan Investasi","profit_pasti","synthetic_template_v1","true","false","INV-3"
"spam","Halo kak, Robot trading legal menjamin return tetap. Buka akun dengan setoran Rp1.250.000. Semoga membantu.","Penipuan Investasi","profit_pasti","synthetic_template_v1","true","false","INV-4"
"spam","Hai, Dana Anda akan dikelola profesional dengan hasil pasti 50% per bulan. Ditunggu konfirmasinya.","Penipuan Investasi","trading_palsu","synthetic_template_v1","true","false","INV-7"
"spam","Info untuk Anda, Proyek kripto rahasia akan naik 30%. Jangan lewatkan penawaran hari ini. Salam.","Penipuan Investasi","trading_palsu","synthetic_template_v1","true","false","INV-5"
"ham","Mohon perhatian, Besok rapat kelompok dimulai pukul 15.30 di ruang laboratorium. Ditunggu konfirmasinya.","Aman","percakapan_harian","synthetic_template_v1","true","false","AMN-1"
"spam","Mohon perhatian, Atasan meminta transfer darurat Rp150.000; jangan hubungi siapa pun dulu. Terima kasih atas waktunya.","Social Engineering","penyamaran_petugas","synthetic_template_v1","true","false","SOC-5"
"spam","Kepada Yth. Bapak/Ibu, Undangan resmi elektronik tersedia melalui link http://undangan-0375.invalid. Ditunggu konfirmasinya.","Phishing/Link Berbahaya","tautan_login_palsu","synthetic_template_v1","true","false","PHI-9"
"spam","Halo kak, Kesempatan cuan pasti 30% per minggu, transfer modal dalam 30 menit. Harap cek kembali.","Penipuan Investasi","profit_pasti","synthetic_template_v1","true","false","INV-3"
"spam","Kepada Yth. Bapak/Ibu, Sayang, aku sedang darurat di luar kota. Tolong kirim uang Rp2.500.000 sekarang. Harap cek kembali.","Penipuan Romansa","pinjaman_pasangan","synthetic_template_v1","true","false","ROM-1"
"spam","Kepada Yth. Bapak/Ibu, Investasi eksklusif menjanjikan profit 25% tanpa risiko. Deposit mulai Rp150.000. Demikian informasinya.","Penipuan Investasi","profit_pasti","synthetic_template_v1","true","false","INV-1"
"spam","Kepada Yth. Bapak/Ibu, Aku ingin membangun masa depan bersama, kirim modal kecil untuk usaha kita. Terima kasih.","Penipuan Romansa","hadiah_tertahan","synthetic_template_v1","true","false","ROM-7"
"spam","Kepada Yth. Bapak/Ibu, Paket investasi VIP tersisa satu slot. Kirim Rp500.000 untuk mengamankan posisi. Harap cek kembali.","Penipuan Investasi","trading_palsu","synthetic_template_v1","true","false","INV-8"
"spam","Mohon perhatian, Penerimaan pegawai kilat. Rahasiakan proses dan lunasi biaya dokumen. Salam.","Penipuan Rekrutmen","hrd_palsu","synthetic_template_v1","true","false","REK-10"
"spam","Info untuk Anda, Setelah semua obrolan kita, buktikan kepercayaanmu dengan membantu transfer Rp2.500.000. Mohon diperhatikan.","Penipuan Romansa","pinjaman_pasangan","synthetic_template_v1","true","false","ROM-3"
"ham","Hai, Foto undangan pernikahan sudah saya kirim dalam format JPG. Sampai jumpa di acara ya. Terima kasih.","Aman","percakapan_harian","synthetic_template_v1","true","false","AMN-3"
"spam","Info untuk Anda, Kerja paruh waktu dari rumah, tugas memberi like dengan deposit awal Rp150.000. Semoga membantu.","Penipuan Rekrutmen","biaya_administrasi","synthetic_template_v1","true","false","REK-3"
"spam","Selamat sore, Anda diterima tanpa tes. Transfer biaya seragam Rp350.000 hari ini. Mohon diperhatikan.","Penipuan Rekrutmen","biaya_administrasi","synthetic_template_v1","true","false","REK-2"
"spam","Kepada Yth. Bapak/Ibu, Pihak berwenang mengancam denda bila data pribadi tidak dikirim malam ini. Terima kasih.","Social Engineering","ancaman_akun","synthetic_template_v1","true","false","SOC-10"
"spam","Permisi, Undangan interview dari perusahaan besar, beli tiket melalui agen yang kami tunjuk. Mohon diperhatikan.","Penipuan Rekrutmen","biaya_administrasi","synthetic_template_v1","true","false","REK-4"
"spam","Assalamualaikum, Paket investasi VIP tersisa satu slot. Kirim Rp350.000 untuk mengamankan posisi. Semoga membantu.","Penipuan Investasi","trading_palsu","synthetic_template_v1","true","false","INV-8"
"spam","Halo kak, Akun bank akan dinonaktifkan. Verifikasi melalui https://bank-verifikasi-0170.invalid. Terima kasih atas waktunya.","Phishing/Link Berbahaya","paket_apk","synthetic_template_v1","true","false","PHI-5"
"spam","Halo kak, Pihak berwenang mengancam denda bila data pribadi tidak dikirim dalam 30 menit. Harap cek kembali.","Social Engineering","ancaman_akun","synthetic_template_v1","true","false","SOC-10"
"spam","Selamat pagi, Kami mengundang Anda ke pesta pernikahan. Buka Foto Undangan_0562.apk untuk info lengkapnya. Harap cek kembali.","Phishing/Link Berbahaya","undangan_apk","synthetic_template_v1","true","false","PHI-1"
"spam","Info untuk Anda, Atasan meminta transfer darurat Rp150.000; jangan hubungi siapa pun dulu. Terima kasih atas waktunya.","Social Engineering","penyamaran_petugas","synthetic_template_v1","true","false","SOC-5"
"spam","Permisi, Kami mengundang Anda ke pesta pernikahan. Buka Foto Undangan_0548.apk untuk info lengkapnya. Salam.","Phishing/Link Berbahaya","undangan_apk","synthetic_template_v1","true","false","PHI-1"
"spam","Permisi, Dana Anda akan dikelola profesional dengan hasil pasti 30% per bulan. Mohon diperhatikan.","Penipuan Investasi","trading_palsu","synthetic_template_v1","true","false","INV-7"
"ham","QRIS kasir ini sesuai nama tokonya","Aman","contemporary_hard_case","synthetic_contemporary_v2","true","false","AMN-H16"
"spam","Selamat pagi, Aku ingin membangun masa depan bersama, kirim modal kecil untuk usaha kita. Demikian informasinya.","Penipuan Romansa","hadiah_tertahan","synthetic_template_v1","true","false","ROM-7"
"spam","Kepada Yth. Bapak/Ibu, Paket Anda tertahan. Download aplikasi Cek_Resi_0168.apk untuk memilih jadwal antar. Salam.","Phishing/Link Berbahaya","undangan_apk","synthetic_template_v1","true","false","PHI-4"
"spam","Hai, Saya petugas bank. Sebutkan OTP yang baru masuk agar rekening tidak diblokir dalam 30 menit. Ditunggu konfirmasinya.","Social Engineering","permintaan_otp","synthetic_template_v1","true","false","SOC-1"
"spam","Halo pelanggan, Pihak berwenang mengancam denda bila data pribadi tidak dikirim sebelum batas waktu. Terima kasih.","Social Engineering","ancaman_akun","synthetic_template_v1","true","false","SOC-10"
"ham","Mohon perhatian, Tolong beli makan siang saat pulang dari kampus, nanti saya ganti. Mohon diperhatikan.","Aman","percakapan_harian","synthetic_template_v1","true","false","AMN-4"
"spam","Mohon perhatian, Rekrutmen resmi tanpa wawancara, bayar pelatihan wajib sebesar Rp2.500.000. Terima kasih.","Penipuan Rekrutmen","tugas_like","synthetic_template_v1","true","false","REK-6"
"spam","Hai, Robot trading legal menjamin return tetap. Buka akun dengan setoran Rp500.000. Demikian informasinya.","Penipuan Investasi","profit_pasti","synthetic_template_v1","true","false","INV-4"
"spam","Halo pelanggan, Detail waktu dan lokasi pernikahan ada di Undangan Pernikahan 0107.apk, silakan buka hari ini. Ditunggu konfirmasinya.","Phishing/Link Berbahaya","undangan_apk","synthetic_template_v1","true","false","PHI-3"
"spam","Selamat pagi, Sayang, aku sedang darurat di luar kota. Tolong kirim uang Rp2.500.000 hari ini. Demikian informasinya.","Penipuan Romansa","pinjaman_pasangan","synthetic_template_v1","true","false","ROM-1"
"ham","Info untuk Anda, Pengumuman kampus dapat dilihat melalui portal akademik resmi. Terima kasih atas waktunya.","Aman","undangan_aman","synthetic_template_v1","true","false","AMN-8"
"spam","Selamat pagi, Kita sudah dekat lama. Tolong bantu biaya pengobatan keluargaku sebesar Rp500.000. Salam.","Penipuan Romansa","darurat_palsu","synthetic_template_v1","true","false","ROM-10"
"spam","Assalamualaikum, Cintaku, rekeningku diblokir. Pinjamkan Rp2.500.000, nanti langsung kuganti. Harap cek kembali.","Penipuan Romansa","hadiah_tertahan","synthetic_template_v1","true","false","ROM-5"
"spam","Hai, Akun akan dinonaktifkan bila Anda tidak membalas dengan OTP sebelum pukul 18.00. Terima kasih atas waktunya.","Social Engineering","penyamaran_petugas","synthetic_template_v1","true","false","SOC-6"
"spam","Kepada Yth. Bapak/Ibu, Investasi eksklusif menjanjikan profit 50% tanpa risiko. Deposit mulai Rp1.250.000. Terima kasih atas waktunya.","Penipuan Investasi","profit_pasti","synthetic_template_v1","true","false","INV-1"
"ham","Halo kak, Pengumuman kampus dapat dilihat melalui portal akademik resmi. Terima kasih.","Aman","undangan_aman","synthetic_template_v1","true","false","AMN-8"
"spam","Selamat sore, Jangan beri tahu keluargamu tentang hubungan kita. Aku butuh bantuan dana dalam 30 menit. Terima kasih atas waktunya.","Penipuan Romansa","hadiah_tertahan","synthetic_template_v1","true","false","ROM-6"
"spam","Assalamualaikum, Saya petugas bank. Sebutkan OTP yang baru masuk agar rekening tidak diblokir sebelum pukul 18.00. Salam.","Social Engineering","permintaan_otp","synthetic_template_v1","true","false","SOC-1"
"ham","Hai, Paket sudah diterima oleh satpam. Silakan diambil tanpa biaya tambahan. Demikian informasinya.","Aman","undangan_aman","synthetic_template_v1","true","false","AMN-6"
"ham","Hai, Terima kasih sudah hadir di acara keluarga kemarin, foto ada di album bersama. Ditunggu konfirmasinya.","Aman","undangan_aman","synthetic_template_v1","true","false","AMN-7"
"spam","Permisi, Lowongan staf administrasi bergaji tinggi. Kirim PIN dan data rekening untuk payroll. Harap cek kembali.","Penipuan Rekrutmen","tugas_like","synthetic_template_v1","true","false","REK-5"
"spam","Selamat sore, Posisi terbatas, amankan kursi kerja dengan transfer Rp350.000. Mohon diperhatikan.","Penipuan Rekrutmen","hrd_palsu","synthetic_template_v1","true","false","REK-9"
"spam","Hai, Undangan resmi elektronik tersedia melalui link http://undangan-0337.invalid. Terima kasih atas waktunya.","Phishing/Link Berbahaya","tautan_login_palsu","synthetic_template_v1","true","false","PHI-9"
"spam","Selamat pagi, Atasan meminta transfer darurat Rp5.000.000; jangan hubungi siapa pun dulu. Harap cek kembali.","Social Engineering","penyamaran_petugas","synthetic_template_v1","true","false","SOC-5"
"ham","Selamat sore, Jadwal konsultasi dipindah ke Rabu pukul 15.30 melalui ruang kelas resmi. Ditunggu konfirmasinya.","Aman","undangan_aman","synthetic_template_v1","true","false","AMN-5"
"spam","Hai, Kerja paruh waktu dari rumah, tugas memberi like dengan deposit awal Rp5.000.000. Harap cek kembali.","Penipuan Rekrutmen","biaya_administrasi","synthetic_template_v1","true","false","REK-3"
"spam","Mohon perhatian, Anda diterima tanpa tes. Transfer biaya seragam Rp150.000 sebelum batas waktu. Salam.","Penipuan Rekrutmen","biaya_administrasi","synthetic_template_v1","true","false","REK-2"
"ham","Permisi, Aku sudah sampai rumah. Kabari kalau kamu juga sudah sampai dengan aman. Terima kasih.","Aman","informasi_resmi","synthetic_template_v1","true","false","AMN-9"
"spam","Halo kak, Kerja paruh waktu dari rumah, tugas memberi like dengan deposit awal Rp5.000.000. Harap cek kembali.","Penipuan Rekrutmen","biaya_administrasi","synthetic_template_v1","true","false","REK-3"
"spam","Info untuk Anda, Gabung grup trading kami, modal Rp2.500.000 dijamin berlipat dalam 5 hari. Terima kasih atas waktunya.","Penipuan Investasi","profit_pasti","synthetic_template_v1","true","false","INV-2"
"spam","Mohon perhatian, Jangan beri tahu keluargamu tentang hubungan kita. Aku butuh bantuan dana dalam 30 menit. Mohon diperhatikan.","Penipuan Romansa","hadiah_tertahan","synthetic_template_v1","true","false","ROM-6"
"spam","Selamat sore, HRD membuka lowongan kerja. Bayar biaya administrasi Rp350.000 sebelum interview. Terima kasih atas waktunya.","Penipuan Rekrutmen","biaya_administrasi","synthetic_template_v1","true","false","REK-1"
"spam","Kepada Yth. Bapak/Ibu, Detail waktu dan lokasi pernikahan ada di Undangan Pernikahan 0296.apk, silakan buka sebelum batas waktu. Salam.","Phishing/Link Berbahaya","undangan_apk","synthetic_template_v1","true","false","PHI-3"
"spam","Info untuk Anda, Posisi terbatas, amankan kursi kerja dengan transfer Rp2.500.000. Ditunggu konfirmasinya.","Penipuan Rekrutmen","hrd_palsu","synthetic_template_v1","true","false","REK-9"
"spam","Kepada Yth. Bapak/Ibu, Kami lampirkan Undangan_Digital_Pernikahan_0427.apk. Mohon diunduh untuk melihat peta lokasi. Mohon diperhatikan.","Phishing/Link Berbahaya","undangan_apk","synthetic_template_v1","true","false","PHI-2"
"spam","Hai, Pihak berwenang mengancam denda bila data pribadi tidak dikirim dalam 30 menit. Terima kasih atas waktunya.","Social Engineering","ancaman_akun","synthetic_template_v1","true","false","SOC-10"
"spam","Jangan cerita keluarga tentang hubungan kita, aku butuh dana darurat.","Penipuan Romansa","contemporary_hard_case","synthetic_contemporary_v2","true","false","ROM-H3"
"spam","Permisi, Anda diterima tanpa tes. Transfer biaya seragam Rp150.000 hari ini. Demikian informasinya.","Penipuan Rekrutmen","biaya_administrasi","synthetic_template_v1","true","false","REK-2"
"spam","Mohon perhatian, Aku kehilangan dompet saat perjalanan menemuimu. Tolong transfer Rp1.250.000. Mohon diperhatikan.","Penipuan Romansa","darurat_palsu","synthetic_template_v1","true","false","ROM-9"
"ham","Selamat pagi, Aku sudah sampai rumah. Kabari kalau kamu juga sudah sampai dengan aman. Terima kasih.","Aman","informasi_resmi","synthetic_template_v1","true","false","AMN-9"
"ham","Halo pelanggan, Paket sudah diterima oleh satpam. Silakan diambil tanpa biaya tambahan. Terima kasih.","Aman","undangan_aman","synthetic_template_v1","true","false","AMN-6"
"spam","Assalamualaikum, Customer service meminta foto kartu dan kode rahasia untuk membuka blokir. Harap cek kembali.","Social Engineering","ancaman_akun","synthetic_template_v1","true","false","SOC-9"
"spam","Mohon perhatian, Anda diterima tanpa tes. Transfer biaya seragam Rp2.500.000 hari ini. Semoga membantu.","Penipuan Rekrutmen","biaya_administrasi","synthetic_template_v1","true","false","REK-2"
"ham","Assalamualaikum, Pengumuman kampus dapat dilihat melalui portal akademik resmi. Salam.","Aman","undangan_aman","synthetic_template_v1","true","false","AMN-8"
"spam","Info untuk Anda, Perbarui data akun melalui halaman login https://akun-aman-0011.invalid dalam 30 menit. Terima kasih atas waktunya.","Phishing/Link Berbahaya","tautan_login_palsu","synthetic_template_v1","true","false","PHI-10"
"spam","Halo pelanggan, HRD membuka lowongan kerja. Bayar biaya administrasi Rp5.000.000 sebelum interview. Terima kasih.","Penipuan Rekrutmen","biaya_administrasi","synthetic_template_v1","true","false","REK-1"
"spam","Kepada Yth. Bapak/Ibu, Paket Anda tertahan. Download aplikasi Cek_Resi_0281.apk untuk memilih jadwal antar. Terima kasih.","Phishing/Link Berbahaya","undangan_apk","synthetic_template_v1","true","false","PHI-4"
"spam","Assalamualaikum, Penerimaan pegawai kilat. Rahasiakan proses dan lunasi biaya dokumen. Terima kasih.","Penipuan Rekrutmen","hrd_palsu","synthetic_template_v1","true","false","REK-10"
"spam","Permisi, Paket Anda tertahan. Download aplikasi Cek_Resi_0113.apk untuk memilih jadwal antar. Terima kasih.","Phishing/Link Berbahaya","undangan_apk","synthetic_template_v1","true","false","PHI-4"
"spam","Selamat pagi, Tugas online mudah menghasilkan komisi. Top up saldo agar tugas berikutnya terbuka. Ditunggu konfirmasinya.","Penipuan Rekrutmen","tugas_like","synthetic_template_v1","true","false","REK-7"
"spam","Mohon perhatian, Undangan interview dari perusahaan besar, beli tiket melalui agen yang kami tunjuk. Mohon diperhatikan.","Penipuan Rekrutmen","biaya_administrasi","synthetic_template_v1","true","false","REK-4"
"ham","Hai, Paket sudah diterima oleh satpam. Silakan diambil tanpa biaya tambahan. Harap cek kembali.","Aman","undangan_aman","synthetic_template_v1","true","false","AMN-6"
"spam","Info untuk Anda, Posisi terbatas, amankan kursi kerja dengan transfer Rp2.500.000. Demikian informasinya.","Penipuan Rekrutmen","hrd_palsu","synthetic_template_v1","true","false","REK-9"
"ham","Selamat sore, Pengumuman kampus dapat dilihat melalui portal akademik resmi. Ditunggu konfirmasinya.","Aman","undangan_aman","synthetic_template_v1","true","false","AMN-8"
"spam","Halo pelanggan, Buka file Galeri_Pernikahan_0293.apk agar foto dan alamat gedung terlihat. Harap cek kembali.","Phishing/Link Berbahaya","paket_apk","synthetic_template_v1","true","false","PHI-7"
"spam","Kepada Yth. Bapak/Ibu, Detail waktu dan lokasi pernikahan ada di Undangan Pernikahan 0519.apk, silakan buka dalam 30 menit. Salam.","Phishing/Link Berbahaya","undangan_apk","synthetic_template_v1","true","false","PHI-3"
"spam","Permisi, Atasan meminta transfer darurat Rp500.000; jangan hubungi siapa pun dulu. Mohon diperhatikan.","Social Engineering","penyamaran_petugas","synthetic_template_v1","true","false","SOC-5"
"spam","Halo kak, Penerimaan pegawai kilat. Rahasiakan proses dan lunasi biaya dokumen. Ditunggu konfirmasinya.","Penipuan Rekrutmen","hrd_palsu","synthetic_template_v1","true","false","REK-10"
"spam","Selamat pagi, Anda diterima tanpa tes. Transfer biaya seragam Rp150.000 malam ini. Terima kasih atas waktunya.","Penipuan Rekrutmen","biaya_administrasi","synthetic_template_v1","true","false","REK-2"
"spam","Assalamualaikum, Saya keluarga Anda memakai nomor baru. Tolong transfer Rp350.000 karena sedang darurat. Mohon diperhatikan.","Social Engineering","penyamaran_petugas","synthetic_template_v1","true","false","SOC-8"
"spam","Selamat sore, Rekrutmen resmi tanpa wawancara, bayar pelatihan wajib sebesar Rp1.250.000. Harap cek kembali.","Penipuan Rekrutmen","tugas_like","synthetic_template_v1","true","false","REK-6"
"spam","Kepada Yth. Bapak/Ibu, Perbarui data akun melalui halaman login https://akun-aman-0156.invalid sebelum pukul 18.00. Mohon diperhatikan.","Phishing/Link Berbahaya","tautan_login_palsu","synthetic_template_v1","true","false","PHI-10"
"spam","Selamat pagi, Nomor Anda bermasalah. Kirim kode verifikasi kepada petugas ini hari ini. Ditunggu konfirmasinya.","Social Engineering","permintaan_otp","synthetic_template_v1","true","false","SOC-3"
"spam","Kepada Yth. Bapak/Ibu, Proyek kripto rahasia akan naik 20%. Jangan lewatkan penawaran sebelum pukul 18.00. Salam.","Penipuan Investasi","trading_palsu","synthetic_template_v1","true","false","INV-5"
"spam","Selamat pagi, Hadiah pernikahan untukmu tertahan di bea cukai. Bayar tagihannya agar dikirim. Salam.","Penipuan Romansa","hadiah_tertahan","synthetic_template_v1","true","false","ROM-8"
"spam","Halo pelanggan, Customer service meminta foto kartu dan kode rahasia untuk membuka blokir. Salam.","Social Engineering","ancaman_akun","synthetic_template_v1","true","false","SOC-9"
"ham","Halo kak, Besok rapat kelompok dimulai pukul 08.00 di ruang B3. Demikian informasinya.","Aman","percakapan_harian","synthetic_template_v1","true","false","AMN-1"
"spam","Halo pelanggan, Bukti profit sudah banyak. Transfer dana awal agar akun investasi diaktifkan. Mohon diperhatikan.","Penipuan Investasi","deposit_awal","synthetic_template_v1","true","false","INV-10"
"spam","Hai, Customer service meminta foto kartu dan kode rahasia untuk membuka blokir. Mohon diperhatikan.","Social Engineering","ancaman_akun","synthetic_template_v1","true","false","SOC-9"
"spam","Kepada Yth. Bapak/Ibu, Dana Anda akan dikelola profesional dengan hasil pasti 75% per bulan. Terima kasih atas waktunya.","Penipuan Investasi","trading_palsu","synthetic_template_v1","true","false","INV-7"
"spam","Selamat pagi, Kami mengundang Anda ke pesta pernikahan. Buka Foto Undangan_0334.apk untuk info lengkapnya. Ditunggu konfirmasinya.","Phishing/Link Berbahaya","undangan_apk","synthetic_template_v1","true","false","PHI-1"
"spam","Selamat pagi, Sayang, aku sedang darurat di luar kota. Tolong kirim uang Rp150.000 sebelum batas waktu. Ditunggu konfirmasinya.","Penipuan Romansa","pinjaman_pasangan","synthetic_template_v1","true","false","ROM-1"
"spam","Assalamualaikum, Rekrutmen resmi tanpa wawancara, bayar pelatihan wajib sebesar Rp2.500.000. Semoga membantu.","Penipuan Rekrutmen","tugas_like","synthetic_template_v1","true","false","REK-6"
"ham","Kepada Yth. Bapak/Ibu, Aku sudah sampai rumah. Kabari kalau kamu juga sudah sampai dengan aman. Mohon diperhatikan.","Aman","informasi_resmi","synthetic_template_v1","true","false","AMN-9"
"spam","Halo kak, Pihak berwenang mengancam denda bila data pribadi tidak dikirim malam ini. Demikian informasinya.","Social Engineering","ancaman_akun","synthetic_template_v1","true","false","SOC-10"
"spam","Kepada Yth. Bapak/Ibu, Perbarui data akun melalui halaman login https://akun-aman-0367.invalid malam ini. Harap cek kembali.","Phishing/Link Berbahaya","tautan_login_palsu","synthetic_template_v1","true","false","PHI-10"
"spam","Hai, Aku serius ingin menikah denganmu, tetapi paket hadiahku tertahan dan perlu biaya Rp5.000.000. Demikian informasinya.","Penipuan Romansa","pinjaman_pasangan","synthetic_template_v1","true","false","ROM-2"
"spam","Halo pelanggan, Sayang, aku sedang darurat di luar kota. Tolong kirim uang Rp350.000 dalam 30 menit. Demikian informasinya.","Penipuan Romansa","pinjaman_pasangan","synthetic_template_v1","true","false","ROM-1"
"spam","Assalamualaikum, Bukti profit sudah banyak. Transfer dana awal agar akun investasi diaktifkan. Mohon diperhatikan.","Penipuan Investasi","deposit_awal","synthetic_template_v1","true","false","INV-10"
"spam","Hai, Kerja paruh waktu dari rumah, tugas memberi like dengan deposit awal Rp500.000. Terima kasih atas waktunya.","Penipuan Rekrutmen","biaya_administrasi","synthetic_template_v1","true","false","REK-3"
"spam","Hai, Paket Anda tertahan. Download aplikasi Cek_Resi_0083.apk untuk memilih jadwal antar. Ditunggu konfirmasinya.","Phishing/Link Berbahaya","undangan_apk","synthetic_template_v1","true","false","PHI-4"
"ham","Assalamualaikum, Kami mengundang Anda ke pernikahan keluarga kami pada minggu depan. Undangan berupa PDF, tidak perlu memasang aplikasi. Terima kasih atas waktunya.","Aman","percakapan_harian","synthetic_template_v1","true","false","AMN-2"
"ham","Kepada Yth. Bapak/Ibu, Kami mengundang Anda ke pernikahan keluarga kami pada Rabu. Undangan berupa PDF, tidak perlu memasang aplikasi. Terima kasih.","Aman","percakapan_harian","synthetic_template_v1","true","false","AMN-2"
"ham","Hai, Besok rapat kelompok dimulai pukul 13.00 di ruang B3. Demikian informasinya.","Aman","percakapan_harian","synthetic_template_v1","true","false","AMN-1"
"spam","Hai, HRD membuka lowongan kerja. Bayar biaya administrasi Rp150.000 sebelum interview. Terima kasih.","Penipuan Rekrutmen","biaya_administrasi","synthetic_template_v1","true","false","REK-1"
"spam","Info untuk Anda, Proyek kripto rahasia akan naik 50%. Jangan lewatkan penawaran dalam 30 menit. Salam.","Penipuan Investasi","trading_palsu","synthetic_template_v1","true","false","INV-5"
"spam","Hai, Tagihan belum dibayar. Klik tautan [tautan-palsu-0166] untuk menghindari denda. Terima kasih atas waktunya.","Phishing/Link Berbahaya","paket_apk","synthetic_template_v1","true","false","PHI-6"
"spam","Kepada Yth. Bapak/Ibu, Investasi kebun digital memberi bonus anggota dan keuntungan tanpa rugi. Semoga membantu.","Penipuan Investasi","trading_palsu","synthetic_template_v1","true","false","INV-6"
"spam","Assalamualaikum, Aku kehilangan dompet saat perjalanan menemuimu. Tolong transfer Rp150.000. Ditunggu konfirmasinya.","Penipuan Romansa","darurat_palsu","synthetic_template_v1","true","false","ROM-9"
"spam","Hai, Dana Anda akan dikelola profesional dengan hasil pasti 75% per bulan. Terima kasih.","Penipuan Investasi","trading_palsu","synthetic_template_v1","true","false","INV-7"
"spam","Mohon perhatian, Petugas pajak meminta data rekening dan PIN untuk pengembalian dana. Demikian informasinya.","Social Engineering","penyamaran_petugas","synthetic_template_v1","true","false","SOC-7"
"spam","Assalamualaikum, Dana Anda akan dikelola profesional dengan hasil pasti 50% per bulan. Semoga membantu.","Penipuan Investasi","trading_palsu","synthetic_template_v1","true","false","INV-7"
"spam","Halo pelanggan, Akun bank akan dinonaktifkan. Verifikasi melalui https://bank-verifikasi-0017.invalid. Semoga membantu.","Phishing/Link Berbahaya","paket_apk","synthetic_template_v1","true","false","PHI-5"
"ham","Mohon perhatian, Foto undangan pernikahan sudah saya kirim dalam format JPG. Sampai jumpa di acara ya. Mohon diperhatikan.","Aman","percakapan_harian","synthetic_template_v1","true","false","AMN-3"
"spam","Hai, Pihak berwenang mengancam denda bila data pribadi tidak dikirim malam ini. Harap cek kembali.","Social Engineering","ancaman_akun","synthetic_template_v1","true","false","SOC-10"
"spam","Kepada Yth. Bapak/Ibu, Sayang, aku sedang darurat di luar kota. Tolong kirim uang Rp5.000.000 malam ini. Terima kasih.","Penipuan Romansa","pinjaman_pasangan","synthetic_template_v1","true","false","ROM-1"
"ham","Info untuk Anda, Besok rapat kelompok dimulai pukul 19.00 di ruang laboratorium. Harap cek kembali.","Aman","percakapan_harian","synthetic_template_v1","true","false","AMN-1"
"spam","Hai, Tagihan belum dibayar. Klik tautan [tautan-palsu-0075] untuk menghindari denda. Terima kasih atas waktunya.","Phishing/Link Berbahaya","paket_apk","synthetic_template_v1","true","false","PHI-6"
"spam","Selamat pagi, Robot trading legal menjamin return tetap. Buka akun dengan setoran Rp1.250.000. Harap cek kembali.","Penipuan Investasi","profit_pasti","synthetic_template_v1","true","false","INV-4"
"ham","Selamat pagi, Kami mengundang Anda ke pernikahan keluarga kami pada minggu depan. Undangan berupa PDF, tidak perlu memasang aplikasi. Ditunggu konfirmasinya.","Aman","percakapan_harian","synthetic_template_v1","true","false","AMN-2"
"spam","Mohon perhatian, Saya dari kantor pusat, mohon konfirmasi password untuk pemeriksaan keamanan. Terima kasih.","Social Engineering","permintaan_otp","synthetic_template_v1","true","false","SOC-4"
"spam","Hai, Tugas online mudah menghasilkan komisi. Top up saldo agar tugas berikutnya terbuka. Harap cek kembali.","Penipuan Rekrutmen","tugas_like","synthetic_template_v1","true","false","REK-7"
"ham","Kepada Yth. Bapak/Ibu, Paket sudah diterima oleh satpam. Silakan diambil tanpa biaya tambahan. Terima kasih.","Aman","undangan_aman","synthetic_template_v1","true","false","AMN-6"
"ham","Mohon perhatian, Pengumuman kampus dapat dilihat melalui portal akademik resmi. Harap cek kembali.","Aman","undangan_aman","synthetic_template_v1","true","false","AMN-8"
"ham","Halo pelanggan, Aku sudah sampai rumah. Kabari kalau kamu juga sudah sampai dengan aman. Terima kasih.","Aman","informasi_resmi","synthetic_template_v1","true","false","AMN-9"
"spam","Hai, Aku serius ingin menikah denganmu, tetapi paket hadiahku tertahan dan perlu biaya Rp2.500.000. Demikian informasinya.","Penipuan Romansa","pinjaman_pasangan","synthetic_template_v1","true","false","ROM-2"
"spam","Halo kak, Sayang, aku sedang darurat di luar kota. Tolong kirim uang Rp2.500.000 malam ini. Salam.","Penipuan Romansa","pinjaman_pasangan","synthetic_template_v1","true","false","ROM-1"
"spam","Mohon perhatian, Pihak berwenang mengancam denda bila data pribadi tidak dikirim hari ini. Terima kasih atas waktunya.","Social Engineering","ancaman_akun","synthetic_template_v1","true","false","SOC-10"
"spam","Kepada Yth. Bapak/Ibu, Dana Anda akan dikelola profesional dengan hasil pasti 30% per bulan. Terima kasih atas waktunya.","Penipuan Investasi","trading_palsu","synthetic_template_v1","true","false","INV-7"
"spam","Halo kak, Proyek kripto rahasia akan naik 50%. Jangan lewatkan penawaran hari ini. Ditunggu konfirmasinya.","Penipuan Investasi","trading_palsu","synthetic_template_v1","true","false","INV-5"
"ham","Selamat sore, Pengumuman kampus dapat dilihat melalui portal akademik resmi. Salam.","Aman","undangan_aman","synthetic_template_v1","true","false","AMN-8"
"spam","Akun WhatsApp akan ditutup, login ulang di https://wa-pusat.invalid.","Phishing/Link Berbahaya","contemporary_hard_case","synthetic_contemporary_v2","true","false","PHI-H8"
"spam","Halo kak, Saya dari kantor pusat, mohon konfirmasi password untuk pemeriksaan keamanan. Mohon diperhatikan.","Social Engineering","permintaan_otp","synthetic_template_v1","true","false","SOC-4"
"spam","Permisi, Undangan interview dari perusahaan besar, beli tiket melalui agen yang kami tunjuk. Salam.","Penipuan Rekrutmen","biaya_administrasi","synthetic_template_v1","true","false","REK-4"
"spam","Selamat sore, Aku bekerja di luar negeri dan akan pulang menemuimu. Bayarkan bea paket hadiah dulu. Terima kasih atas waktunya.","Penipuan Romansa","pinjaman_pasangan","synthetic_template_v1","true","false","ROM-4"
"spam","Selamat sore, Gabung grup trading kami, modal Rp350.000 dijamin berlipat dalam 5 hari. Demikian informasinya.","Penipuan Investasi","profit_pasti","synthetic_template_v1","true","false","INV-2"
"ham","Halo pelanggan, Kami mengundang Anda ke pernikahan keluarga kami pada Sabtu. Undangan berupa PDF, tidak perlu memasang aplikasi. Salam.","Aman","percakapan_harian","synthetic_template_v1","true","false","AMN-2"
"spam","Halo kak, Aku bekerja di luar negeri dan akan pulang menemuimu. Bayarkan bea paket hadiah dulu. Terima kasih atas waktunya.","Penipuan Romansa","pinjaman_pasangan","synthetic_template_v1","true","false","ROM-4"
"spam","Halo kak, Jangan beri tahu keluargamu tentang hubungan kita. Aku butuh bantuan dana sekarang. Mohon diperhatikan.","Penipuan Romansa","hadiah_tertahan","synthetic_template_v1","true","false","ROM-6"
"spam","Info untuk Anda, Petugas pajak meminta data rekening dan PIN untuk pengembalian dana. Semoga membantu.","Social Engineering","penyamaran_petugas","synthetic_template_v1","true","false","SOC-7"
"spam","Info untuk Anda, Anda diterima tanpa tes. Transfer biaya seragam Rp5.000.000 hari ini. Semoga membantu.","Penipuan Rekrutmen","biaya_administrasi","synthetic_template_v1","true","false","REK-2"
"spam","Permisi, Customer service meminta foto kartu dan kode rahasia untuk membuka blokir. Semoga membantu.","Social Engineering","ancaman_akun","synthetic_template_v1","true","false","SOC-9"
"spam","Selamat sore, Aku bekerja di luar negeri dan akan pulang menemuimu. Bayarkan bea paket hadiah dulu. Salam.","Penipuan Romansa","pinjaman_pasangan","synthetic_template_v1","true","false","ROM-4"
"spam","Info untuk Anda, Robot trading legal menjamin return tetap. Buka akun dengan setoran Rp350.000. Mohon diperhatikan.","Penipuan Investasi","profit_pasti","synthetic_template_v1","true","false","INV-4"
"spam","Assalamualaikum, Lowongan staf administrasi bergaji tinggi. Kirim PIN dan data rekening untuk payroll. Terima kasih atas waktunya.","Penipuan Rekrutmen","tugas_like","synthetic_template_v1","true","false","REK-5"
"ham","Hai, Jadwal konsultasi dipindah ke minggu depan pukul 19.00 melalui ruang kelas resmi. Terima kasih.","Aman","undangan_aman","synthetic_template_v1","true","false","AMN-5"
"spam","Selamat pagi, Lowongan staf administrasi bergaji tinggi. Kirim PIN dan data rekening untuk payroll. Harap cek kembali.","Penipuan Rekrutmen","tugas_like","synthetic_template_v1","true","false","REK-5"
"spam","Assalamualaikum, Nomor Anda bermasalah. Kirim kode verifikasi kepada petugas ini sebelum pukul 18.00. Salam.","Social Engineering","permintaan_otp","synthetic_template_v1","true","false","SOC-3"
"spam","Hai, Posisi terbatas, amankan kursi kerja dengan transfer Rp350.000. Harap cek kembali.","Penipuan Rekrutmen","hrd_palsu","synthetic_template_v1","true","false","REK-9"
"spam","Halo kak, Atasan meminta transfer darurat Rp1.250.000; jangan hubungi siapa pun dulu. Terima kasih atas waktunya.","Social Engineering","penyamaran_petugas","synthetic_template_v1","true","false","SOC-5"
"spam","Info untuk Anda, Sayang, aku sedang darurat di luar kota. Tolong kirim uang Rp2.500.000 sebelum pukul 18.00. Salam.","Penipuan Romansa","pinjaman_pasangan","synthetic_template_v1","true","false","ROM-1"
"spam","Permisi, HRD meminta pembayaran medical check-up ke rekening pribadi malam ini. Ditunggu konfirmasinya.","Penipuan Rekrutmen","tugas_like","synthetic_template_v1","true","false","REK-8"
"spam","Mohon perhatian, Bukti profit sudah banyak. Transfer dana awal agar akun investasi diaktifkan. Salam.","Penipuan Investasi","deposit_awal","synthetic_template_v1","true","false","INV-10"
"spam","Info untuk Anda, Saya petugas bank. Sebutkan OTP yang baru masuk agar rekening tidak diblokir dalam 30 menit. Harap cek kembali.","Social Engineering","permintaan_otp","synthetic_template_v1","true","false","SOC-1"
"ham","Selamat pagi, Pengumuman kampus dapat dilihat melalui portal akademik resmi. Semoga membantu.","Aman","undangan_aman","synthetic_template_v1","true","false","AMN-8"
"spam","Assalamualaikum, Sayang, aku sedang darurat di luar kota. Tolong kirim uang Rp500.000 sekarang. Ditunggu konfirmasinya.","Penipuan Romansa","pinjaman_pasangan","synthetic_template_v1","true","false","ROM-1"
"spam","Mohon perhatian, Akun bank akan dinonaktifkan. Verifikasi melalui https://bank-verifikasi-0212.invalid. Terima kasih atas waktunya.","Phishing/Link Berbahaya","paket_apk","synthetic_template_v1","true","false","PHI-5"
"spam","Mohon perhatian, Akun akan dinonaktifkan bila Anda tidak membalas dengan OTP sekarang. Demikian informasinya.","Social Engineering","penyamaran_petugas","synthetic_template_v1","true","false","SOC-6"
"spam","Selamat sore, Akun bank akan dinonaktifkan. Verifikasi melalui https://bank-verifikasi-0454.invalid. Semoga membantu.","Phishing/Link Berbahaya","paket_apk","synthetic_template_v1","true","false","PHI-5"
"spam","Selamat sore, Undangan resmi elektronik tersedia melalui link http://undangan-0488.invalid. Terima kasih atas waktunya.","Phishing/Link Berbahaya","tautan_login_palsu","synthetic_template_v1","true","false","PHI-9"
"spam","Selamat sore, Tugas online mudah menghasilkan komisi. Top up saldo agar tugas berikutnya terbuka. Harap cek kembali.","Penipuan Rekrutmen","tugas_like","synthetic_template_v1","true","false","REK-7"
"spam","Permisi, Customer service meminta foto kartu dan kode rahasia untuk membuka blokir. Terima kasih atas waktunya.","Social Engineering","ancaman_akun","synthetic_template_v1","true","false","SOC-9"
"spam","Halo pelanggan, Tagihan belum dibayar. Klik tautan [tautan-palsu-0038] untuk menghindari denda. Demikian informasinya.","Phishing/Link Berbahaya","paket_apk","synthetic_template_v1","true","false","PHI-6"
"spam","Selamat pagi, Aku ingin membangun masa depan bersama, kirim modal kecil untuk usaha kita. Terima kasih atas waktunya.","Penipuan Romansa","hadiah_tertahan","synthetic_template_v1","true","false","ROM-7"
"spam","Kepada Yth. Bapak/Ibu, Bisnis passive income tanpa kerja, modal kembali dalam 2 hari. Ditunggu konfirmasinya.","Penipuan Investasi","deposit_awal","synthetic_template_v1","true","false","INV-9"
"spam","Halo pelanggan, Dana Anda akan dikelola profesional dengan hasil pasti 30% per bulan. Harap cek kembali.","Penipuan Investasi","trading_palsu","synthetic_template_v1","true","false","INV-7"
"ham","Info untuk Anda, Terima kasih sudah hadir di acara keluarga kemarin, foto ada di album bersama. Semoga membantu.","Aman","undangan_aman","synthetic_template_v1","true","false","AMN-7"
"spam","Halo kak, Aku bekerja di luar negeri dan akan pulang menemuimu. Bayarkan bea paket hadiah dulu. Terima kasih.","Penipuan Romansa","pinjaman_pasangan","synthetic_template_v1","true","false","ROM-4"
"ham","Selamat pagi, Undangan rapat RT terlampir sebagai dokumen PDF dari pengurus yang kamu kenal. Terima kasih atas waktunya.","Aman","informasi_resmi","synthetic_template_v1","true","false","AMN-10"
"spam","Halo kak, HRD membuka lowongan kerja. Bayar biaya administrasi Rp2.500.000 sebelum interview. Salam.","Penipuan Rekrutmen","biaya_administrasi","synthetic_template_v1","true","false","REK-1"
"spam","Halo pelanggan, Kita sudah dekat lama. Tolong bantu biaya pengobatan keluargaku sebesar Rp2.500.000. Terima kasih atas waktunya.","Penipuan Romansa","darurat_palsu","synthetic_template_v1","true","false","ROM-10"
"spam","Mohon perhatian, Cintaku, rekeningku diblokir. Pinjamkan Rp1.250.000, nanti langsung kuganti. Terima kasih atas waktunya.","Penipuan Romansa","hadiah_tertahan","synthetic_template_v1","true","false","ROM-5"
"spam","Halo pelanggan, Investasi kebun digital memberi bonus anggota dan keuntungan tanpa rugi. Mohon diperhatikan.","Penipuan Investasi","trading_palsu","synthetic_template_v1","true","false","INV-6"
"ham","Halo kak, Tolong beli makan siang saat pulang dari kampus, nanti saya ganti. Harap cek kembali.","Aman","percakapan_harian","synthetic_template_v1","true","false","AMN-4"
"spam","Selamat sore, Saya dari kantor pusat, mohon konfirmasi password untuk pemeriksaan keamanan. Harap cek kembali.","Social Engineering","permintaan_otp","synthetic_template_v1","true","false","SOC-4"
"spam","Halo pelanggan, Nomor Anda bermasalah. Kirim kode verifikasi kepada petugas ini hari ini. Terima kasih.","Social Engineering","permintaan_otp","synthetic_template_v1","true","false","SOC-3"
"spam","Mohon perhatian, Anda diterima tanpa tes. Transfer biaya seragam Rp2.500.000 sebelum batas waktu. Salam.","Penipuan Rekrutmen","biaya_administrasi","synthetic_template_v1","true","false","REK-2"
"spam","Mohon perhatian, Atasan meminta transfer darurat Rp350.000; jangan hubungi siapa pun dulu. Ditunggu konfirmasinya.","Social Engineering","penyamaran_petugas","synthetic_template_v1","true","false","SOC-5"
"spam","Halo kak, Dana Anda akan dikelola profesional dengan hasil pasti 75% per bulan. Demikian informasinya.","Penipuan Investasi","trading_palsu","synthetic_template_v1","true","false","INV-7"
"spam","Mohon perhatian, Robot trading legal menjamin return tetap. Buka akun dengan setoran Rp1.250.000. Demikian informasinya.","Penipuan Investasi","profit_pasti","synthetic_template_v1","true","false","INV-4"
"spam","Info untuk Anda, Dana Anda akan dikelola profesional dengan hasil pasti 30% per bulan. Salam.","Penipuan Investasi","trading_palsu","synthetic_template_v1","true","false","INV-7"
"spam","Halo kak, Setelah semua obrolan kita, buktikan kepercayaanmu dengan membantu transfer Rp1.250.000. Mohon diperhatikan.","Penipuan Romansa","pinjaman_pasangan","synthetic_template_v1","true","false","ROM-3"
"ham","Assalamualaikum, Terima kasih sudah hadir di acara keluarga kemarin, foto ada di album bersama. Terima kasih atas waktunya.","Aman","undangan_aman","synthetic_template_v1","true","false","AMN-7"
"spam","Assalamualaikum, Detail waktu dan lokasi pernikahan ada di Undangan Pernikahan 0423.apk, silakan buka sekarang. Salam.","Phishing/Link Berbahaya","undangan_apk","synthetic_template_v1","true","false","PHI-3"
"spam","Selamat pagi, Detail waktu dan lokasi pernikahan ada di Undangan Pernikahan 0325.apk, silakan buka dalam 30 menit. Harap cek kembali.","Phishing/Link Berbahaya","undangan_apk","synthetic_template_v1","true","false","PHI-3"
"spam","Permisi, Nomor Anda bermasalah. Kirim kode verifikasi kepada petugas ini sekarang. Ditunggu konfirmasinya.","Social Engineering","permintaan_otp","synthetic_template_v1","true","false","SOC-3"
"spam","Selamat sore, Aku serius ingin menikah denganmu, tetapi paket hadiahku tertahan dan perlu biaya Rp150.000. Demikian informasinya.","Penipuan Romansa","pinjaman_pasangan","synthetic_template_v1","true","false","ROM-2"
"spam","Assalamualaikum, Kami lampirkan Undangan_Digital_Pernikahan_0196.apk. Mohon diunduh untuk melihat peta lokasi. Terima kasih.","Phishing/Link Berbahaya","undangan_apk","synthetic_template_v1","true","false","PHI-2"
"spam","Mohon perhatian, Aku bekerja di luar negeri dan akan pulang menemuimu. Bayarkan bea paket hadiah dulu. Terima kasih.","Penipuan Romansa","pinjaman_pasangan","synthetic_template_v1","true","false","ROM-4"
"spam","Halo pelanggan, Kesempatan cuan pasti 30% per minggu, transfer modal hari ini. Demikian informasinya.","Penipuan Investasi","profit_pasti","synthetic_template_v1","true","false","INV-3"
"spam","Hai, Undangan interview dari perusahaan besar, beli tiket melalui agen yang kami tunjuk. Semoga membantu.","Penipuan Rekrutmen","biaya_administrasi","synthetic_template_v1","true","false","REK-4"
"spam","Info untuk Anda, Hadiah pelanggan menunggu. Pasang Bonus_Resmi_0344.apk untuk klaim. Semoga membantu.","Phishing/Link Berbahaya","paket_apk","synthetic_template_v1","true","false","PHI-8"
"spam","Info untuk Anda, Perbarui data akun melalui halaman login https://akun-aman-0497.invalid hari ini. Terima kasih.","Phishing/Link Berbahaya","tautan_login_palsu","synthetic_template_v1","true","false","PHI-10"
"spam","Selamat sore, Kami lampirkan Undangan_Digital_Pernikahan_0120.apk. Mohon diunduh untuk melihat peta lokasi. Mohon diperhatikan.","Phishing/Link Berbahaya","undangan_apk","synthetic_template_v1","true","false","PHI-2"
"spam","Permisi, Bukti profit sudah banyak. Transfer dana awal agar akun investasi diaktifkan. Terima kasih.","Penipuan Investasi","deposit_awal","synthetic_template_v1","true","false","INV-10"
"ham","Permisi, Foto undangan pernikahan sudah saya kirim dalam format JPG. Sampai jumpa di acara ya. Harap cek kembali.","Aman","percakapan_harian","synthetic_template_v1","true","false","AMN-3"
"spam","Gunakan akun pinjaman untuk modal trading yang dijamin menang.","Penipuan Investasi","contemporary_hard_case","synthetic_contemporary_v2","true","false","INV-H9"
"spam","Mohon perhatian, Paket investasi VIP tersisa satu slot. Kirim Rp350.000 untuk mengamankan posisi. Terima kasih atas waktunya.","Penipuan Investasi","trading_palsu","synthetic_template_v1","true","false","INV-8"
"spam","Assalamualaikum, Aku serius ingin menikah denganmu, tetapi paket hadiahku tertahan dan perlu biaya Rp5.000.000. Ditunggu konfirmasinya.","Penipuan Romansa","pinjaman_pasangan","synthetic_template_v1","true","false","ROM-2"
"spam","Halo pelanggan, Penerimaan pegawai kilat. Rahasiakan proses dan lunasi biaya dokumen. Harap cek kembali.","Penipuan Rekrutmen","hrd_palsu","synthetic_template_v1","true","false","REK-10"
"spam","Hai, Kesempatan cuan pasti 50% per minggu, transfer modal sebelum batas waktu. Mohon diperhatikan.","Penipuan Investasi","profit_pasti","synthetic_template_v1","true","false","INV-3"
"spam","Info untuk Anda, Kami lampirkan Undangan_Digital_Pernikahan_0510.apk. Mohon diunduh untuk melihat peta lokasi. Semoga membantu.","Phishing/Link Berbahaya","undangan_apk","synthetic_template_v1","true","false","PHI-2"
"spam","Permisi, Detail waktu dan lokasi pernikahan ada di Undangan Pernikahan 0467.apk, silakan buka sebelum batas waktu. Salam.","Phishing/Link Berbahaya","undangan_apk","synthetic_template_v1","true","false","PHI-3"
"ham","Halo pelanggan, Terima kasih sudah hadir di acara keluarga kemarin, foto ada di album bersama. Terima kasih atas waktunya.","Aman","undangan_aman","synthetic_template_v1","true","false","AMN-7"
"ham","Info untuk Anda, Undangan rapat RT terlampir sebagai dokumen PDF dari pengurus yang kamu kenal. Salam.","Aman","informasi_resmi","synthetic_template_v1","true","false","AMN-10"
"spam","Info untuk Anda, Posisi terbatas, amankan kursi kerja dengan transfer Rp5.000.000. Terima kasih.","Penipuan Rekrutmen","hrd_palsu","synthetic_template_v1","true","false","REK-9"
"spam","Permisi, Dana Anda akan dikelola profesional dengan hasil pasti 25% per bulan. Terima kasih atas waktunya.","Penipuan Investasi","trading_palsu","synthetic_template_v1","true","false","INV-7"
"ham","Hai, Jadwal konsultasi dipindah ke Rabu pukul 08.00 melalui ruang kelas resmi. Salam.","Aman","undangan_aman","synthetic_template_v1","true","false","AMN-5"
"ham","Halo pelanggan, Tolong beli makan siang saat pulang dari kampus, nanti saya ganti. Ditunggu konfirmasinya.","Aman","percakapan_harian","synthetic_template_v1","true","false","AMN-4"
"spam","Halo pelanggan, Detail waktu dan lokasi pernikahan ada di Undangan Pernikahan 0491.apk, silakan buka dalam 30 menit. Semoga membantu.","Phishing/Link Berbahaya","undangan_apk","synthetic_template_v1","true","false","PHI-3"
"spam","Permisi, Proyek kripto rahasia akan naik 40%. Jangan lewatkan penawaran sebelum pukul 18.00. Salam.","Penipuan Investasi","trading_palsu","synthetic_template_v1","true","false","INV-5"
"ham","Mohon perhatian, Paket sudah diterima oleh satpam. Silakan diambil tanpa biaya tambahan. Harap cek kembali.","Aman","undangan_aman","synthetic_template_v1","true","false","AMN-6"
"spam","Halo kak, Saya dari kantor pusat, mohon konfirmasi password untuk pemeriksaan keamanan. Salam.","Social Engineering","permintaan_otp","synthetic_template_v1","true","false","SOC-4"
"ham","Permisi, Paket sudah diterima oleh satpam. Silakan diambil tanpa biaya tambahan. Mohon diperhatikan.","Aman","undangan_aman","synthetic_template_v1","true","false","AMN-6"
"ham","Kepada Yth. Bapak/Ibu, Foto undangan pernikahan sudah saya kirim dalam format JPG. Sampai jumpa di acara ya. Demikian informasinya.","Aman","percakapan_harian","synthetic_template_v1","true","false","AMN-3"
"spam","Selamat pagi, Kami mengundang Anda ke pesta pernikahan. Buka Foto Undangan_0193.apk untuk info lengkapnya. Terima kasih.","Phishing/Link Berbahaya","undangan_apk","synthetic_template_v1","true","false","PHI-1"
"spam","Halo pelanggan, Sayang, aku sedang darurat di luar kota. Tolong kirim uang Rp150.000 sebelum pukul 18.00. Ditunggu konfirmasinya.","Penipuan Romansa","pinjaman_pasangan","synthetic_template_v1","true","false","ROM-1"
"spam","Info untuk Anda, Undangan resmi elektronik tersedia melalui link http://undangan-0561.invalid. Salam.","Phishing/Link Berbahaya","tautan_login_palsu","synthetic_template_v1","true","false","PHI-9"
"spam","Halo pelanggan, Atasan meminta transfer darurat Rp2.500.000; jangan hubungi siapa pun dulu. Harap cek kembali.","Social Engineering","penyamaran_petugas","synthetic_template_v1","true","false","SOC-5"
"spam","Info untuk Anda, Tagihan belum dibayar. Klik tautan [tautan-palsu-0134] untuk menghindari denda. Terima kasih atas waktunya.","Phishing/Link Berbahaya","paket_apk","synthetic_template_v1","true","false","PHI-6"
"spam","Assalamualaikum, Gabung grup trading kami, modal Rp350.000 dijamin berlipat dalam 2 hari. Terima kasih atas waktunya.","Penipuan Investasi","profit_pasti","synthetic_template_v1","true","false","INV-2"
"spam","Mohon perhatian, Tugas online mudah menghasilkan komisi. Top up saldo agar tugas berikutnya terbuka. Mohon diperhatikan.","Penipuan Rekrutmen","tugas_like","synthetic_template_v1","true","false","REK-7"
"spam","Info untuk Anda, Anda diterima tanpa tes. Transfer biaya seragam Rp150.000 malam ini. Salam.","Penipuan Rekrutmen","biaya_administrasi","synthetic_template_v1","true","false","REK-2"
"spam","Hai, Aku bekerja di luar negeri dan akan pulang menemuimu. Bayarkan bea paket hadiah dulu. Semoga membantu.","Penipuan Romansa","pinjaman_pasangan","synthetic_template_v1","true","false","ROM-4"
"spam","Halo pelanggan, HRD membuka lowongan kerja. Bayar biaya administrasi Rp350.000 sebelum interview. Salam.","Penipuan Rekrutmen","biaya_administrasi","synthetic_template_v1","true","false","REK-1"
"spam","Info untuk Anda, Jangan beri tahu keluargamu tentang hubungan kita. Aku butuh bantuan dana sebelum pukul 18.00. Harap cek kembali.","Penipuan Romansa","hadiah_tertahan","synthetic_template_v1","true","false","ROM-6"
"ham","Mohon perhatian, Undangan rapat RT terlampir sebagai dokumen PDF dari pengurus yang kamu kenal. Mohon diperhatikan.","Aman","informasi_resmi","synthetic_template_v1","true","false","AMN-10"
"spam","Halo pelanggan, Pihak berwenang mengancam denda bila data pribadi tidak dikirim sebelum batas waktu. Harap cek kembali.","Social Engineering","ancaman_akun","synthetic_template_v1","true","false","SOC-10"
"spam","Info untuk Anda, Sayang, aku sedang darurat di luar kota. Tolong kirim uang Rp350.000 sebelum batas waktu. Demikian informasinya.","Penipuan Romansa","pinjaman_pasangan","synthetic_template_v1","true","false","ROM-1"
"ham","Halo pelanggan, Tolong beli makan siang saat pulang dari kampus, nanti saya ganti. Harap cek kembali.","Aman","percakapan_harian","synthetic_template_v1","true","false","AMN-4"
"ham","Halo kak, Besok rapat kelompok dimulai pukul 19.00 di ruang aula. Demikian informasinya.","Aman","percakapan_harian","synthetic_template_v1","true","false","AMN-1"
"spam","Hai, Undangan interview dari perusahaan besar, beli tiket melalui agen yang kami tunjuk. Ditunggu konfirmasinya.","Penipuan Rekrutmen","biaya_administrasi","synthetic_template_v1","true","false","REK-4"
"spam","Selamat sore, Pihak berwenang mengancam denda bila data pribadi tidak dikirim sebelum pukul 18.00. Terima kasih.","Social Engineering","ancaman_akun","synthetic_template_v1","true","false","SOC-10"
"spam","Permisi, Proyek kripto rahasia akan naik 30%. Jangan lewatkan penawaran hari ini. Ditunggu konfirmasinya.","Penipuan Investasi","trading_palsu","synthetic_template_v1","true","false","INV-5"
"spam","Hai, Petugas pajak meminta data rekening dan PIN untuk pengembalian dana. Ditunggu konfirmasinya.","Social Engineering","penyamaran_petugas","synthetic_template_v1","true","false","SOC-7"
"spam","Selamat pagi, Cintaku, rekeningku diblokir. Pinjamkan Rp1.250.000, nanti langsung kuganti. Mohon diperhatikan.","Penipuan Romansa","hadiah_tertahan","synthetic_template_v1","true","false","ROM-5"
"spam","Kepada Yth. Bapak/Ibu, Proyek kripto rahasia akan naik 75%. Jangan lewatkan penawaran malam ini. Terima kasih atas waktunya.","Penipuan Investasi","trading_palsu","synthetic_template_v1","true","false","INV-5"
"ham","Kepada Yth. Bapak/Ibu, Jadwal konsultasi dipindah ke minggu depan pukul 15.30 melalui ruang kelas resmi. Harap cek kembali.","Aman","undangan_aman","synthetic_template_v1","true","false","AMN-5"
"spam","Permisi, Aku serius ingin menikah denganmu, tetapi paket hadiahku tertahan dan perlu biaya Rp5.000.000. Mohon diperhatikan.","Penipuan Romansa","pinjaman_pasangan","synthetic_template_v1","true","false","ROM-2"
"spam","Setelah semua chat kita, masa kamu tidak percaya untuk meminjamkan uang?","Penipuan Romansa","contemporary_hard_case","synthetic_contemporary_v2","true","false","ROM-H10"
"spam","Permisi, Anda diterima tanpa tes. Transfer biaya seragam Rp500.000 sebelum pukul 18.00. Terima kasih atas waktunya.","Penipuan Rekrutmen","biaya_administrasi","synthetic_template_v1","true","false","REK-2"
"spam","Halo pelanggan, Posisi terbatas, amankan kursi kerja dengan transfer Rp350.000. Demikian informasinya.","Penipuan Rekrutmen","hrd_palsu","synthetic_template_v1","true","false","REK-9"
"spam","Permisi, Paket Anda tertahan. Download aplikasi Cek_Resi_0564.apk untuk memilih jadwal antar. Harap cek kembali.","Phishing/Link Berbahaya","undangan_apk","synthetic_template_v1","true","false","PHI-4"
"spam","Mohon perhatian, Setelah semua obrolan kita, buktikan kepercayaanmu dengan membantu transfer Rp5.000.000. Demikian informasinya.","Penipuan Romansa","pinjaman_pasangan","synthetic_template_v1","true","false","ROM-3"
"spam","Selamat sore, Investasi eksklusif menjanjikan profit 50% tanpa risiko. Deposit mulai Rp5.000.000. Ditunggu konfirmasinya.","Penipuan Investasi","profit_pasti","synthetic_template_v1","true","false","INV-1"
"ham","Kepada Yth. Bapak/Ibu, Pengumuman kampus dapat dilihat melalui portal akademik resmi. Ditunggu konfirmasinya.","Aman","undangan_aman","synthetic_template_v1","true","false","AMN-8"
"spam","Halo pelanggan, HRD meminta pembayaran medical check-up ke rekening pribadi sekarang. Ditunggu konfirmasinya.","Penipuan Rekrutmen","tugas_like","synthetic_template_v1","true","false","REK-8"
"spam","Halo pelanggan, Atasan meminta transfer darurat Rp150.000; jangan hubungi siapa pun dulu. Ditunggu konfirmasinya.","Social Engineering","penyamaran_petugas","synthetic_template_v1","true","false","SOC-5"
"spam","Selamat sore, Kita sudah dekat lama. Tolong bantu biaya pengobatan keluargaku sebesar Rp2.500.000. Semoga membantu.","Penipuan Romansa","darurat_palsu","synthetic_template_v1","true","false","ROM-10"
"spam","Selamat sore, Petugas pajak meminta data rekening dan PIN untuk pengembalian dana. Harap cek kembali.","Social Engineering","penyamaran_petugas","synthetic_template_v1","true","false","SOC-7"
"spam","Assalamualaikum, Akun akan dinonaktifkan bila Anda tidak membalas dengan OTP hari ini. Mohon diperhatikan.","Social Engineering","penyamaran_petugas","synthetic_template_v1","true","false","SOC-6"
"spam","Selamat sore, Kami lampirkan Undangan_Digital_Pernikahan_0055.apk. Mohon diunduh untuk melihat peta lokasi. Terima kasih.","Phishing/Link Berbahaya","undangan_apk","synthetic_template_v1","true","false","PHI-2"
"spam","Permisi, Akun akan dinonaktifkan bila Anda tidak membalas dengan OTP dalam 30 menit. Semoga membantu.","Social Engineering","penyamaran_petugas","synthetic_template_v1","true","false","SOC-6"
"spam","Kepada Yth. Bapak/Ibu, Kita sudah dekat lama. Tolong bantu biaya pengobatan keluargaku sebesar Rp150.000. Demikian informasinya.","Penipuan Romansa","darurat_palsu","synthetic_template_v1","true","false","ROM-10"
"spam","Hai, HRD membuka lowongan kerja. Bayar biaya administrasi Rp350.000 sebelum interview. Terima kasih.","Penipuan Rekrutmen","biaya_administrasi","synthetic_template_v1","true","false","REK-1"
"spam","Permisi, Tagihan belum dibayar. Klik tautan [tautan-palsu-0263] untuk menghindari denda. Harap cek kembali.","Phishing/Link Berbahaya","paket_apk","synthetic_template_v1","true","false","PHI-6"
"spam","Mohon perhatian, Admin layanan membutuhkan PIN Anda untuk membatalkan transaksi Rp350.000. Terima kasih atas waktunya.","Social Engineering","permintaan_otp","synthetic_template_v1","true","false","SOC-2"
"spam","Halo pelanggan, Aku serius ingin menikah denganmu, tetapi paket hadiahku tertahan dan perlu biaya Rp350.000. Mohon diperhatikan.","Penipuan Romansa","pinjaman_pasangan","synthetic_template_v1","true","false","ROM-2"
"spam","Mohon perhatian, Pihak berwenang mengancam denda bila data pribadi tidak dikirim sebelum pukul 18.00. Terima kasih.","Social Engineering","ancaman_akun","synthetic_template_v1","true","false","SOC-10"
"spam","Assalamualaikum, Dana Anda akan dikelola profesional dengan hasil pasti 30% per bulan. Salam.","Penipuan Investasi","trading_palsu","synthetic_template_v1","true","false","INV-7"
"spam","Mohon perhatian, Kerja paruh waktu dari rumah, tugas memberi like dengan deposit awal Rp5.000.000. Harap cek kembali.","Penipuan Rekrutmen","biaya_administrasi","synthetic_template_v1","true","false","REK-3"
"spam","Aplikasi investasi belum berizin ini menjamin penarikan instan.","Penipuan Investasi","contemporary_hard_case","synthetic_contemporary_v2","true","false","INV-H6"
"spam","Halo kak, Pihak berwenang mengancam denda bila data pribadi tidak dikirim sekarang. Salam.","Social Engineering","ancaman_akun","synthetic_template_v1","true","false","SOC-10"
"ham","Selamat pagi, Aku sudah sampai rumah. Kabari kalau kamu juga sudah sampai dengan aman. Harap cek kembali.","Aman","informasi_resmi","synthetic_template_v1","true","false","AMN-9"
"spam","Halo kak, HRD membuka lowongan kerja. Bayar biaya administrasi Rp5.000.000 sebelum interview. Salam.","Penipuan Rekrutmen","biaya_administrasi","synthetic_template_v1","true","false","REK-1"
"spam","Selamat sore, Saya keluarga Anda memakai nomor baru. Tolong transfer Rp5.000.000 karena sedang darurat. Demikian informasinya.","Social Engineering","penyamaran_petugas","synthetic_template_v1","true","false","SOC-8"
"spam","Hai, Robot trading legal menjamin return tetap. Buka akun dengan setoran Rp150.000. Terima kasih.","Penipuan Investasi","profit_pasti","synthetic_template_v1","true","false","INV-4"
"spam","Mohon perhatian, Setelah semua obrolan kita, buktikan kepercayaanmu dengan membantu transfer Rp350.000. Mohon diperhatikan.","Penipuan Romansa","pinjaman_pasangan","synthetic_template_v1","true","false","ROM-3"
"spam","Permisi, Cintaku, rekeningku diblokir. Pinjamkan Rp1.250.000, nanti langsung kuganti. Semoga membantu.","Penipuan Romansa","hadiah_tertahan","synthetic_template_v1","true","false","ROM-5"
"spam","Masuk grup saham VIP, sinyal AI kami menjamin profit 30 persen setiap hari.","Penipuan Investasi","contemporary_hard_case","synthetic_contemporary_v2","true","false","INV-H1"
"spam","Halo pelanggan, Nomor Anda bermasalah. Kirim kode verifikasi kepada petugas ini hari ini. Harap cek kembali.","Social Engineering","permintaan_otp","synthetic_template_v1","true","false","SOC-3"
"spam","Hai, Rekrutmen resmi tanpa wawancara, bayar pelatihan wajib sebesar Rp5.000.000. Harap cek kembali.","Penipuan Rekrutmen","tugas_like","synthetic_template_v1","true","false","REK-6"
"spam","Mohon perhatian, Posisi terbatas, amankan kursi kerja dengan transfer Rp1.250.000. Demikian informasinya.","Penipuan Rekrutmen","hrd_palsu","synthetic_template_v1","true","false","REK-9"
"spam","Selamat pagi, Proyek kripto rahasia akan naik 75%. Jangan lewatkan penawaran hari ini. Mohon diperhatikan.","Penipuan Investasi","trading_palsu","synthetic_template_v1","true","false","INV-5"
"ham","Selamat pagi, Jadwal konsultasi dipindah ke Senin pukul 08.00 melalui ruang kelas resmi. Ditunggu konfirmasinya.","Aman","undangan_aman","synthetic_template_v1","true","false","AMN-5"
"spam","Permisi, Aku bekerja di luar negeri dan akan pulang menemuimu. Bayarkan bea paket hadiah dulu. Salam.","Penipuan Romansa","pinjaman_pasangan","synthetic_template_v1","true","false","ROM-4"
"spam","Hai, Rekrutmen resmi tanpa wawancara, bayar pelatihan wajib sebesar Rp150.000. Ditunggu konfirmasinya.","Penipuan Rekrutmen","tugas_like","synthetic_template_v1","true","false","REK-6"
"spam","Hai, Undangan resmi elektronik tersedia melalui link http://undangan-0566.invalid. Demikian informasinya.","Phishing/Link Berbahaya","tautan_login_palsu","synthetic_template_v1","true","false","PHI-9"
"spam","Mohon perhatian, Kami mengundang Anda ke pesta pernikahan. Buka Foto Undangan_0369.apk untuk info lengkapnya. Mohon diperhatikan.","Phishing/Link Berbahaya","undangan_apk","synthetic_template_v1","true","false","PHI-1"
"spam","Info untuk Anda, Aku bekerja di luar negeri dan akan pulang menemuimu. Bayarkan bea paket hadiah dulu. Terima kasih atas waktunya.","Penipuan Romansa","pinjaman_pasangan","synthetic_template_v1","true","false","ROM-4"
"ham","Kepada Yth. Bapak/Ibu, Undangan rapat RT terlampir sebagai dokumen PDF dari pengurus yang kamu kenal. Harap cek kembali.","Aman","informasi_resmi","synthetic_template_v1","true","false","AMN-10"
"spam","Hai, Kita sudah dekat lama. Tolong bantu biaya pengobatan keluargaku sebesar Rp500.000. Ditunggu konfirmasinya.","Penipuan Romansa","darurat_palsu","synthetic_template_v1","true","false","ROM-10"
"spam","Hai, Detail waktu dan lokasi pernikahan ada di Undangan Pernikahan 0176.apk, silakan buka dalam 30 menit. Demikian informasinya.","Phishing/Link Berbahaya","undangan_apk","synthetic_template_v1","true","false","PHI-3"
"ham","informasi beasiswa ada di portal resmi kampus","Aman","contemporary_hard_case","synthetic_contemporary_v2","true","false","AMN-H17"
"ham","Assalamualaikum, Jadwal konsultasi dipindah ke Rabu pukul 13.00 melalui ruang kelas resmi. Harap cek kembali.","Aman","undangan_aman","synthetic_template_v1","true","false","AMN-5"
"spam","Kepada Yth. Bapak/Ibu, Paket Anda tertahan. Download aplikasi Cek_Resi_0418.apk untuk memilih jadwal antar. Semoga membantu.","Phishing/Link Berbahaya","undangan_apk","synthetic_template_v1","true","false","PHI-4"
"spam","Mohon perhatian, Nomor Anda bermasalah. Kirim kode verifikasi kepada petugas ini sekarang. Harap cek kembali.","Social Engineering","permintaan_otp","synthetic_template_v1","true","false","SOC-3"
"spam","Halo kak, Proyek kripto rahasia akan naik 40%. Jangan lewatkan penawaran sebelum pukul 18.00. Terima kasih.","Penipuan Investasi","trading_palsu","synthetic_template_v1","true","false","INV-5"
"spam","Info untuk Anda, Undangan interview dari perusahaan besar, beli tiket melalui agen yang kami tunjuk. Mohon diperhatikan.","Penipuan Rekrutmen","biaya_administrasi","synthetic_template_v1","true","false","REK-4"
"spam","Halo pelanggan, Akun bank akan dinonaktifkan. Verifikasi melalui https://bank-verifikasi-0099.invalid. Mohon diperhatikan.","Phishing/Link Berbahaya","paket_apk","synthetic_template_v1","true","false","PHI-5"
"spam","Permisi, HRD membuka lowongan kerja. Bayar biaya administrasi Rp2.500.000 sebelum interview. Semoga membantu.","Penipuan Rekrutmen","biaya_administrasi","synthetic_template_v1","true","false","REK-1"
"ham","Halo pelanggan, Undangan rapat RT terlampir sebagai dokumen PDF dari pengurus yang kamu kenal. Ditunggu konfirmasinya.","Aman","informasi_resmi","synthetic_template_v1","true","false","AMN-10"
"spam","Selamat sore, Rekrutmen resmi tanpa wawancara, bayar pelatihan wajib sebesar Rp1.250.000. Terima kasih.","Penipuan Rekrutmen","tugas_like","synthetic_template_v1","true","false","REK-6"
"spam","Assalamualaikum, Dana Anda akan dikelola profesional dengan hasil pasti 20% per bulan. Harap cek kembali.","Penipuan Investasi","trading_palsu","synthetic_template_v1","true","false","INV-7"
"spam","Video call-ku rusak, tetapi kirim dulu uang untuk tiket perjalanan.","Penipuan Romansa","contemporary_hard_case","synthetic_contemporary_v2","true","false","ROM-H8"
"spam","Permisi, Kerja paruh waktu dari rumah, tugas memberi like dengan deposit awal Rp2.500.000. Terima kasih atas waktunya.","Penipuan Rekrutmen","biaya_administrasi","synthetic_template_v1","true","false","REK-3"
"spam","Info untuk Anda, Investasi eksklusif menjanjikan profit 75% tanpa risiko. Deposit mulai Rp350.000. Mohon diperhatikan.","Penipuan Investasi","profit_pasti","synthetic_template_v1","true","false","INV-1"
"spam","Selamat sore, Rekrutmen resmi tanpa wawancara, bayar pelatihan wajib sebesar Rp350.000. Salam.","Penipuan Rekrutmen","tugas_like","synthetic_template_v1","true","false","REK-6"
"spam","Selamat sore, Akun bank akan dinonaktifkan. Verifikasi melalui https://bank-verifikasi-0498.invalid. Ditunggu konfirmasinya.","Phishing/Link Berbahaya","paket_apk","synthetic_template_v1","true","false","PHI-5"
"spam","Permisi, Undangan resmi elektronik tersedia melalui link http://undangan-0415.invalid. Harap cek kembali.","Phishing/Link Berbahaya","tautan_login_palsu","synthetic_template_v1","true","false","PHI-9"
"spam","Assalamualaikum, Aku bekerja di luar negeri dan akan pulang menemuimu. Bayarkan bea paket hadiah dulu. Terima kasih.","Penipuan Romansa","pinjaman_pasangan","synthetic_template_v1","true","false","ROM-4"
"spam","Info untuk Anda, Pihak berwenang mengancam denda bila data pribadi tidak dikirim hari ini. Mohon diperhatikan.","Social Engineering","ancaman_akun","synthetic_template_v1","true","false","SOC-10"
"spam","Mohon perhatian, Aku serius ingin menikah denganmu, tetapi paket hadiahku tertahan dan perlu biaya Rp150.000. Demikian informasinya.","Penipuan Romansa","pinjaman_pasangan","synthetic_template_v1","true","false","ROM-2"
"spam","Halo kak, Kita sudah dekat lama. Tolong bantu biaya pengobatan keluargaku sebesar Rp5.000.000. Terima kasih.","Penipuan Romansa","darurat_palsu","synthetic_template_v1","true","false","ROM-10"
"ham","Permisi, Paket sudah diterima oleh satpam. Silakan diambil tanpa biaya tambahan. Terima kasih.","Aman","undangan_aman","synthetic_template_v1","true","false","AMN-6"
"spam","Selamat pagi, Kami mengundang Anda ke pesta pernikahan. Buka Foto Undangan_0549.apk untuk info lengkapnya. Salam.","Phishing/Link Berbahaya","undangan_apk","synthetic_template_v1","true","false","PHI-1"
"ham","Halo kak, Pengumuman kampus dapat dilihat melalui portal akademik resmi. Salam.","Aman","undangan_aman","synthetic_template_v1","true","false","AMN-8"
"spam","Mohon perhatian, Paket Anda tertahan. Download aplikasi Cek_Resi_0455.apk untuk memilih jadwal antar. Semoga membantu.","Phishing/Link Berbahaya","undangan_apk","synthetic_template_v1","true","false","PHI-4"
"spam","Hai, Undangan resmi elektronik tersedia melalui link http://undangan-0294.invalid. Harap cek kembali.","Phishing/Link Berbahaya","tautan_login_palsu","synthetic_template_v1","true","false","PHI-9"
"spam","Kepada Yth. Bapak/Ibu, Admin layanan membutuhkan PIN Anda untuk membatalkan transaksi Rp5.000.000. Harap cek kembali.","Social Engineering","permintaan_otp","synthetic_template_v1","true","false","SOC-2"
"spam","Selamat pagi, Buka file Galeri_Pernikahan_0265.apk agar foto dan alamat gedung terlihat. Terima kasih.","Phishing/Link Berbahaya","paket_apk","synthetic_template_v1","true","false","PHI-7"
"spam","Selamat pagi, Akun bank akan dinonaktifkan. Verifikasi melalui https://bank-verifikasi-0289.invalid. Terima kasih atas waktunya.","Phishing/Link Berbahaya","paket_apk","synthetic_template_v1","true","false","PHI-5"
"spam","Kepada Yth. Bapak/Ibu, Perbarui data akun melalui halaman login https://akun-aman-0558.invalid dalam 30 menit. Semoga membantu.","Phishing/Link Berbahaya","tautan_login_palsu","synthetic_template_v1","true","false","PHI-10"
"spam","Kepada Yth. Bapak/Ibu, Saya dari kantor pusat, mohon konfirmasi password untuk pemeriksaan keamanan. Demikian informasinya.","Social Engineering","permintaan_otp","synthetic_template_v1","true","false","SOC-4"
"spam","Hai, Investasi kebun digital memberi bonus anggota dan keuntungan tanpa rugi. Semoga membantu.","Penipuan Investasi","trading_palsu","synthetic_template_v1","true","false","INV-6"
"spam","Hai, Admin layanan membutuhkan PIN Anda untuk membatalkan transaksi Rp500.000. Terima kasih.","Social Engineering","permintaan_otp","synthetic_template_v1","true","false","SOC-2"
"spam","Halo kak, Posisi terbatas, amankan kursi kerja dengan transfer Rp2.500.000. Ditunggu konfirmasinya.","Penipuan Rekrutmen","hrd_palsu","synthetic_template_v1","true","false","REK-9"
"spam","Hai, Bukti profit sudah banyak. Transfer dana awal agar akun investasi diaktifkan. Harap cek kembali.","Penipuan Investasi","deposit_awal","synthetic_template_v1","true","false","INV-10"
"spam","Selamat pagi, Anda diterima tanpa tes. Transfer biaya seragam Rp350.000 malam ini. Demikian informasinya.","Penipuan Rekrutmen","biaya_administrasi","synthetic_template_v1","true","false","REK-2"
"spam","Halo kak, HRD membuka lowongan kerja. Bayar biaya administrasi Rp500.000 sebelum interview. Ditunggu konfirmasinya.","Penipuan Rekrutmen","biaya_administrasi","synthetic_template_v1","true","false","REK-1"
"spam","Info untuk Anda, Aku serius ingin menikah denganmu, tetapi paket hadiahku tertahan dan perlu biaya Rp500.000. Ditunggu konfirmasinya.","Penipuan Romansa","pinjaman_pasangan","synthetic_template_v1","true","false","ROM-2"
"spam","Selamat pagi, Kita sudah dekat lama. Tolong bantu biaya pengobatan keluargaku sebesar Rp500.000. Harap cek kembali.","Penipuan Romansa","darurat_palsu","synthetic_template_v1","true","false","ROM-10"
"spam","Info untuk Anda, Jangan beri tahu keluargamu tentang hubungan kita. Aku butuh bantuan dana dalam 30 menit. Ditunggu konfirmasinya.","Penipuan Romansa","hadiah_tertahan","synthetic_template_v1","true","false","ROM-6"
"spam","Hai, Gabung grup trading kami, modal Rp500.000 dijamin berlipat dalam 2 hari. Mohon diperhatikan.","Penipuan Investasi","profit_pasti","synthetic_template_v1","true","false","INV-2"
"spam","Selamat sore, Kerja paruh waktu dari rumah, tugas memberi like dengan deposit awal Rp500.000. Terima kasih atas waktunya.","Penipuan Rekrutmen","biaya_administrasi","synthetic_template_v1","true","false","REK-3"
"ham","Selamat sore, Pengumuman kampus dapat dilihat melalui portal akademik resmi. Terima kasih atas waktunya.","Aman","undangan_aman","synthetic_template_v1","true","false","AMN-8"
"ham","Kepada Yth. Bapak/Ibu, Undangan rapat RT terlampir sebagai dokumen PDF dari pengurus yang kamu kenal. Mohon diperhatikan.","Aman","informasi_resmi","synthetic_template_v1","true","false","AMN-10"
"spam","Saya staf kepala dinas, tolong transfer dana kegiatan ke rekening ini.","Social Engineering","contemporary_hard_case","synthetic_contemporary_v2","true","false","SOC-H1"
"spam","Halo kak, Kita sudah dekat lama. Tolong bantu biaya pengobatan keluargaku sebesar Rp2.500.000. Demikian informasinya.","Penipuan Romansa","darurat_palsu","synthetic_template_v1","true","false","ROM-10"
"ham","nanti aku kabari","Aman","contemporary_hard_case","synthetic_contemporary_v2","true","false","AMN-H4"
"spam","Kepada Yth. Bapak/Ibu, Cintaku, rekeningku diblokir. Pinjamkan Rp150.000, nanti langsung kuganti. Terima kasih atas waktunya.","Penipuan Romansa","hadiah_tertahan","synthetic_template_v1","true","false","ROM-5"
"spam","Selamat pagi, Buka file Galeri_Pernikahan_0018.apk agar foto dan alamat gedung terlihat. Mohon diperhatikan.","Phishing/Link Berbahaya","paket_apk","synthetic_template_v1","true","false","PHI-7"
"spam","Halo pelanggan, HRD meminta pembayaran medical check-up ke rekening pribadi hari ini. Semoga membantu.","Penipuan Rekrutmen","tugas_like","synthetic_template_v1","true","false","REK-8"
"spam","Info untuk Anda, Kami mengundang Anda ke pesta pernikahan. Buka Foto Undangan_0372.apk untuk info lengkapnya. Ditunggu konfirmasinya.","Phishing/Link Berbahaya","undangan_apk","synthetic_template_v1","true","false","PHI-1"
"spam","Selamat pagi, Pihak berwenang mengancam denda bila data pribadi tidak dikirim sekarang. Terima kasih.","Social Engineering","ancaman_akun","synthetic_template_v1","true","false","SOC-10"
"spam","Permisi, Admin layanan membutuhkan PIN Anda untuk membatalkan transaksi Rp2.500.000. Terima kasih.","Social Engineering","permintaan_otp","synthetic_template_v1","true","false","SOC-2"
"spam","Mohon perhatian, Investasi kebun digital memberi bonus anggota dan keuntungan tanpa rugi. Terima kasih.","Penipuan Investasi","trading_palsu","synthetic_template_v1","true","false","INV-6"
"spam","Kepada Yth. Bapak/Ibu, Admin layanan membutuhkan PIN Anda untuk membatalkan transaksi Rp5.000.000. Terima kasih.","Social Engineering","permintaan_otp","synthetic_template_v1","true","false","SOC-2"
"ham","Selamat pagi, Tolong beli makan siang saat pulang dari kampus, nanti saya ganti. Demikian informasinya.","Aman","percakapan_harian","synthetic_template_v1","true","false","AMN-4"
"spam","Assalamualaikum, Kami lampirkan Undangan_Digital_Pernikahan_0079.apk. Mohon diunduh untuk melihat peta lokasi. Mohon diperhatikan.","Phishing/Link Berbahaya","undangan_apk","synthetic_template_v1","true","false","PHI-2"
"ham","Halo kak, Besok rapat kelompok dimulai pukul 15.30 di ruang laboratorium. Salam.","Aman","percakapan_harian","synthetic_template_v1","true","false","AMN-1"
"spam","Selamat pagi, Aku ingin membangun masa depan bersama, kirim modal kecil untuk usaha kita. Salam.","Penipuan Romansa","hadiah_tertahan","synthetic_template_v1","true","false","ROM-7"
"ham","Kepada Yth. Bapak/Ibu, Undangan rapat RT terlampir sebagai dokumen PDF dari pengurus yang kamu kenal. Salam.","Aman","informasi_resmi","synthetic_template_v1","true","false","AMN-10"
"spam","Halo pelanggan, Saya keluarga Anda memakai nomor baru. Tolong transfer Rp150.000 karena sedang darurat. Harap cek kembali.","Social Engineering","penyamaran_petugas","synthetic_template_v1","true","false","SOC-8"
"spam","Halo kak, Saya petugas bank. Sebutkan OTP yang baru masuk agar rekening tidak diblokir hari ini. Terima kasih.","Social Engineering","permintaan_otp","synthetic_template_v1","true","false","SOC-1"
"spam","Halo kak, Petugas pajak meminta data rekening dan PIN untuk pengembalian dana. Ditunggu konfirmasinya.","Social Engineering","penyamaran_petugas","synthetic_template_v1","true","false","SOC-7"
"spam","Hai, Undangan resmi elektronik tersedia melalui link http://undangan-0195.invalid. Salam.","Phishing/Link Berbahaya","tautan_login_palsu","synthetic_template_v1","true","false","PHI-9"
"spam","Assalamualaikum, Setelah semua obrolan kita, buktikan kepercayaanmu dengan membantu transfer Rp150.000. Demikian informasinya.","Penipuan Romansa","pinjaman_pasangan","synthetic_template_v1","true","false","ROM-3"
"spam","Assalamualaikum, Saya dari kantor pusat, mohon konfirmasi password untuk pemeriksaan keamanan. Salam.","Social Engineering","permintaan_otp","synthetic_template_v1","true","false","SOC-4"
"ham","Info untuk Anda, Besok rapat kelompok dimulai pukul 08.00 di ruang aula. Terima kasih atas waktunya.","Aman","percakapan_harian","synthetic_template_v1","true","false","AMN-1"
"spam","Halo kak, Cintaku, rekeningku diblokir. Pinjamkan Rp5.000.000, nanti langsung kuganti. Salam.","Penipuan Romansa","hadiah_tertahan","synthetic_template_v1","true","false","ROM-5"
"spam","Mohon perhatian, Saya dari kantor pusat, mohon konfirmasi password untuk pemeriksaan keamanan. Harap cek kembali.","Social Engineering","permintaan_otp","synthetic_template_v1","true","false","SOC-4"
"spam","Hai, Anda diterima tanpa tes. Transfer biaya seragam Rp350.000 sebelum batas waktu. Terima kasih atas waktunya.","Penipuan Rekrutmen","biaya_administrasi","synthetic_template_v1","true","false","REK-2"
"spam","Info untuk Anda, Gabung grup trading kami, modal Rp350.000 dijamin berlipat dalam 5 hari. Terima kasih atas waktunya.","Penipuan Investasi","profit_pasti","synthetic_template_v1","true","false","INV-2"
"spam","Selamat sore, Customer service meminta foto kartu dan kode rahasia untuk membuka blokir. Terima kasih atas waktunya.","Social Engineering","ancaman_akun","synthetic_template_v1","true","false","SOC-9"
"spam","Tugas optimasi produk memberi komisi besar setelah deposit.","Penipuan Rekrutmen","contemporary_hard_case","synthetic_contemporary_v2","true","false","REK-H6"
"spam","Halo kak, Akun bank akan dinonaktifkan. Verifikasi melalui https://bank-verifikasi-0248.invalid. Mohon diperhatikan.","Phishing/Link Berbahaya","paket_apk","synthetic_template_v1","true","false","PHI-5"
"ham","Selamat sore, Kami mengundang Anda ke pernikahan keluarga kami pada minggu depan. Undangan berupa PDF, tidak perlu memasang aplikasi. Ditunggu konfirmasinya.","Aman","percakapan_harian","synthetic_template_v1","true","false","AMN-2"
"spam","Selamat pagi, Dana Anda akan dikelola profesional dengan hasil pasti 20% per bulan. Mohon diperhatikan.","Penipuan Investasi","trading_palsu","synthetic_template_v1","true","false","INV-7"
"ham","Kepada Yth. Bapak/Ibu, Aku sudah sampai rumah. Kabari kalau kamu juga sudah sampai dengan aman. Salam.","Aman","informasi_resmi","synthetic_template_v1","true","false","AMN-9"
"spam","Info untuk Anda, Undangan interview dari perusahaan besar, beli tiket melalui agen yang kami tunjuk. Ditunggu konfirmasinya.","Penipuan Rekrutmen","biaya_administrasi","synthetic_template_v1","true","false","REK-4"
"spam","Assalamualaikum, Investasi kebun digital memberi bonus anggota dan keuntungan tanpa rugi. Mohon diperhatikan.","Penipuan Investasi","trading_palsu","synthetic_template_v1","true","false","INV-6"
"ham","Assalamualaikum, Aku sudah sampai rumah. Kabari kalau kamu juga sudah sampai dengan aman. Harap cek kembali.","Aman","informasi_resmi","synthetic_template_v1","true","false","AMN-9"
"spam","Hai, Bisnis passive income tanpa kerja, modal kembali dalam 5 hari. Ditunggu konfirmasinya.","Penipuan Investasi","deposit_awal","synthetic_template_v1","true","false","INV-9"
"spam","Info untuk Anda, Atasan meminta transfer darurat Rp1.250.000; jangan hubungi siapa pun dulu. Salam.","Social Engineering","penyamaran_petugas","synthetic_template_v1","true","false","SOC-5"
"spam","Mohon perhatian, Customer service meminta foto kartu dan kode rahasia untuk membuka blokir. Salam.","Social Engineering","ancaman_akun","synthetic_template_v1","true","false","SOC-9"
"spam","Permisi, Admin layanan membutuhkan PIN Anda untuk membatalkan transaksi Rp2.500.000. Semoga membantu.","Social Engineering","permintaan_otp","synthetic_template_v1","true","false","SOC-2"
"ham","Permisi, Jadwal konsultasi dipindah ke minggu depan pukul 19.00 melalui ruang kelas resmi. Demikian informasinya.","Aman","undangan_aman","synthetic_template_v1","true","false","AMN-5"
"spam","Hai, Aku kehilangan dompet saat perjalanan menemuimu. Tolong transfer Rp500.000. Mohon diperhatikan.","Penipuan Romansa","darurat_palsu","synthetic_template_v1","true","false","ROM-9"
"spam","Info untuk Anda, Bukti profit sudah banyak. Transfer dana awal agar akun investasi diaktifkan. Mohon diperhatikan.","Penipuan Investasi","deposit_awal","synthetic_template_v1","true","false","INV-10"
"spam","Halo kak, Aku kehilangan dompet saat perjalanan menemuimu. Tolong transfer Rp5.000.000. Ditunggu konfirmasinya.","Penipuan Romansa","darurat_palsu","synthetic_template_v1","true","false","ROM-9"
"spam","Selamat sore, Kerja paruh waktu dari rumah, tugas memberi like dengan deposit awal Rp350.000. Terima kasih.","Penipuan Rekrutmen","biaya_administrasi","synthetic_template_v1","true","false","REK-3"
"spam","Lowongan admin marketplace, gunakan rekening Anda untuk menerima dana pelanggan.","Penipuan Rekrutmen","contemporary_hard_case","synthetic_contemporary_v2","true","false","REK-H4"
"spam","Selamat pagi, Dana Anda akan dikelola profesional dengan hasil pasti 50% per bulan. Semoga membantu.","Penipuan Investasi","trading_palsu","synthetic_template_v1","true","false","INV-7"
"ham","Kepada Yth. Bapak/Ibu, Besok rapat kelompok dimulai pukul 15.30 di ruang aula. Salam.","Aman","percakapan_harian","synthetic_template_v1","true","false","AMN-1"
"spam","Kepada Yth. Bapak/Ibu, Saya keluarga Anda memakai nomor baru. Tolong transfer Rp500.000 karena sedang darurat. Semoga membantu.","Social Engineering","penyamaran_petugas","synthetic_template_v1","true","false","SOC-8"
"spam","Info untuk Anda, Sayang, aku sedang darurat di luar kota. Tolong kirim uang Rp500.000 sebelum pukul 18.00. Terima kasih.","Penipuan Romansa","pinjaman_pasangan","synthetic_template_v1","true","false","ROM-1"
"spam","Kepada Yth. Bapak/Ibu, Saya petugas bank. Sebutkan OTP yang baru masuk agar rekening tidak diblokir hari ini. Terima kasih.","Social Engineering","permintaan_otp","synthetic_template_v1","true","false","SOC-1"
"spam","Selamat pagi, Hadiah pelanggan menunggu. Pasang Bonus_Resmi_0431.apk untuk klaim. Ditunggu konfirmasinya.","Phishing/Link Berbahaya","paket_apk","synthetic_template_v1","true","false","PHI-8"
"spam","Selamat pagi, Posisi terbatas, amankan kursi kerja dengan transfer Rp500.000. Semoga membantu.","Penipuan Rekrutmen","hrd_palsu","synthetic_template_v1","true","false","REK-9"
"spam","Halo pelanggan, Aku serius ingin menikah denganmu, tetapi paket hadiahku tertahan dan perlu biaya Rp500.000. Salam.","Penipuan Romansa","pinjaman_pasangan","synthetic_template_v1","true","false","ROM-2"
"spam","HRD meminta biaya medical check-up ke rekening pribadi.","Penipuan Rekrutmen","contemporary_hard_case","synthetic_contemporary_v2","true","false","REK-H3"
"spam","Selamat pagi, Atasan meminta transfer darurat Rp5.000.000; jangan hubungi siapa pun dulu. Demikian informasinya.","Social Engineering","penyamaran_petugas","synthetic_template_v1","true","false","SOC-5"
"spam","Selamat sore, Akun akan dinonaktifkan bila Anda tidak membalas dengan OTP sebelum batas waktu. Mohon diperhatikan.","Social Engineering","penyamaran_petugas","synthetic_template_v1","true","false","SOC-6"
"ham","Assalamualaikum, Jadwal konsultasi dipindah ke minggu depan pukul 08.00 melalui ruang kelas resmi. Ditunggu konfirmasinya.","Aman","undangan_aman","synthetic_template_v1","true","false","AMN-5"
"spam","Mohon perhatian, Tagihan belum dibayar. Klik tautan [tautan-palsu-0576] untuk menghindari denda. Demikian informasinya.","Phishing/Link Berbahaya","paket_apk","synthetic_template_v1","true","false","PHI-6"
"spam","Halo kak, Investasi kebun digital memberi bonus anggota dan keuntungan tanpa rugi. Harap cek kembali.","Penipuan Investasi","trading_palsu","synthetic_template_v1","true","false","INV-6"
"spam","Halo pelanggan, Kami mengundang Anda ke pesta pernikahan. Buka Foto Undangan_0163.apk untuk info lengkapnya. Terima kasih.","Phishing/Link Berbahaya","undangan_apk","synthetic_template_v1","true","false","PHI-1"
"spam","Halo pelanggan, Dana Anda akan dikelola profesional dengan hasil pasti 50% per bulan. Ditunggu konfirmasinya.","Penipuan Investasi","trading_palsu","synthetic_template_v1","true","false","INV-7"
"ham","Mohon perhatian, Paket sudah diterima oleh satpam. Silakan diambil tanpa biaya tambahan. Ditunggu konfirmasinya.","Aman","undangan_aman","synthetic_template_v1","true","false","AMN-6"
"spam","Kepada Yth. Bapak/Ibu, HRD meminta pembayaran medical check-up ke rekening pribadi hari ini. Terima kasih atas waktunya.","Penipuan Rekrutmen","tugas_like","synthetic_template_v1","true","false","REK-8"
"ham","Mohon perhatian, Kami mengundang Anda ke pernikahan keluarga kami pada minggu depan. Undangan berupa PDF, tidak perlu memasang aplikasi. Mohon diperhatikan.","Aman","percakapan_harian","synthetic_template_v1","true","false","AMN-2"
"spam","Halo kak, Saya petugas bank. Sebutkan OTP yang baru masuk agar rekening tidak diblokir sebelum batas waktu. Terima kasih.","Social Engineering","permintaan_otp","synthetic_template_v1","true","false","SOC-1"
"ham","Selamat sore, Paket sudah diterima oleh satpam. Silakan diambil tanpa biaya tambahan. Terima kasih atas waktunya.","Aman","undangan_aman","synthetic_template_v1","true","false","AMN-6"
"spam","Halo kak, Lowongan staf administrasi bergaji tinggi. Kirim PIN dan data rekening untuk payroll. Mohon diperhatikan.","Penipuan Rekrutmen","tugas_like","synthetic_template_v1","true","false","REK-5"
"ham","Assalamualaikum, Kami mengundang Anda ke pernikahan keluarga kami pada Senin. Undangan berupa PDF, tidak perlu memasang aplikasi. Salam.","Aman","percakapan_harian","synthetic_template_v1","true","false","AMN-2"
"spam","Selamat sore, Atasan meminta transfer darurat Rp2.500.000; jangan hubungi siapa pun dulu. Ditunggu konfirmasinya.","Social Engineering","penyamaran_petugas","synthetic_template_v1","true","false","SOC-5"
"spam","Selamat sore, Robot trading legal menjamin return tetap. Buka akun dengan setoran Rp2.500.000. Salam.","Penipuan Investasi","profit_pasti","synthetic_template_v1","true","false","INV-4"
"spam","Halo pelanggan, Jangan beri tahu keluargamu tentang hubungan kita. Aku butuh bantuan dana sebelum batas waktu. Terima kasih.","Penipuan Romansa","hadiah_tertahan","synthetic_template_v1","true","false","ROM-6"
"spam","Halo kak, Saya keluarga Anda memakai nomor baru. Tolong transfer Rp2.500.000 karena sedang darurat. Salam.","Social Engineering","penyamaran_petugas","synthetic_template_v1","true","false","SOC-8"
"spam","Assalamualaikum, Akun bank akan dinonaktifkan. Verifikasi melalui https://bank-verifikasi-0225.invalid. Salam.","Phishing/Link Berbahaya","paket_apk","synthetic_template_v1","true","false","PHI-5"
"ham","Info untuk Anda, Foto undangan pernikahan sudah saya kirim dalam format JPG. Sampai jumpa di acara ya. Ditunggu konfirmasinya.","Aman","percakapan_harian","synthetic_template_v1","true","false","AMN-3"
"spam","Info untuk Anda, Petugas pajak meminta data rekening dan PIN untuk pengembalian dana. Salam.","Social Engineering","penyamaran_petugas","synthetic_template_v1","true","false","SOC-7"
"ham","Selamat sore, Besok rapat kelompok dimulai pukul 13.00 di ruang B3. Terima kasih.","Aman","percakapan_harian","synthetic_template_v1","true","false","AMN-1"
"spam","Info untuk Anda, Saya dari kantor pusat, mohon konfirmasi password untuk pemeriksaan keamanan. Semoga membantu.","Social Engineering","permintaan_otp","synthetic_template_v1","true","false","SOC-4"
"spam","Selamat pagi, Investasi kebun digital memberi bonus anggota dan keuntungan tanpa rugi. Demikian informasinya.","Penipuan Investasi","trading_palsu","synthetic_template_v1","true","false","INV-6"
"spam","Mohon perhatian, Gabung grup trading kami, modal Rp500.000 dijamin berlipat dalam 2 hari. Terima kasih atas waktunya.","Penipuan Investasi","profit_pasti","synthetic_template_v1","true","false","INV-2"
"spam","Hai, Akun akan dinonaktifkan bila Anda tidak membalas dengan OTP sebelum pukul 18.00. Mohon diperhatikan.","Social Engineering","penyamaran_petugas","synthetic_template_v1","true","false","SOC-6"
"ham","Info untuk Anda, Tolong beli makan siang saat pulang dari kampus, nanti saya ganti. Terima kasih.","Aman","percakapan_harian","synthetic_template_v1","true","false","AMN-4"
"spam","Mohon perhatian, Paket investasi VIP tersisa satu slot. Kirim Rp150.000 untuk mengamankan posisi. Ditunggu konfirmasinya.","Penipuan Investasi","trading_palsu","synthetic_template_v1","true","false","INV-8"
"spam","Selamat sore, Admin layanan membutuhkan PIN Anda untuk membatalkan transaksi Rp500.000. Ditunggu konfirmasinya.","Social Engineering","permintaan_otp","synthetic_template_v1","true","false","SOC-2"
"spam","Selamat pagi, Kami mengundang Anda ke pesta pernikahan. Buka Foto Undangan_0341.apk untuk info lengkapnya. Ditunggu konfirmasinya.","Phishing/Link Berbahaya","undangan_apk","synthetic_template_v1","true","false","PHI-1"
"spam","Info untuk Anda, Kami lampirkan Undangan_Digital_Pernikahan_0585.apk. Mohon diunduh untuk melihat peta lokasi. Ditunggu konfirmasinya.","Phishing/Link Berbahaya","undangan_apk","synthetic_template_v1","true","false","PHI-2"
"spam","Mohon perhatian, Penerimaan pegawai kilat. Rahasiakan proses dan lunasi biaya dokumen. Ditunggu konfirmasinya.","Penipuan Rekrutmen","hrd_palsu","synthetic_template_v1","true","false","REK-10"
"spam","Selamat pagi, Kesempatan cuan pasti 20% per minggu, transfer modal sebelum batas waktu. Mohon diperhatikan.","Penipuan Investasi","profit_pasti","synthetic_template_v1","true","false","INV-3"
"spam","Assalamualaikum, Atasan meminta transfer darurat Rp150.000; jangan hubungi siapa pun dulu. Semoga membantu.","Social Engineering","penyamaran_petugas","synthetic_template_v1","true","false","SOC-5"
"spam","Permisi, Aku bekerja di luar negeri dan akan pulang menemuimu. Bayarkan bea paket hadiah dulu. Mohon diperhatikan.","Penipuan Romansa","pinjaman_pasangan","synthetic_template_v1","true","false","ROM-4"
"ham","Hai, Besok rapat kelompok dimulai pukul 19.00 di ruang aula. Harap cek kembali.","Aman","percakapan_harian","synthetic_template_v1","true","false","AMN-1"
"spam","Mohon perhatian, Paket investasi VIP tersisa satu slot. Kirim Rp150.000 untuk mengamankan posisi. Terima kasih atas waktunya.","Penipuan Investasi","trading_palsu","synthetic_template_v1","true","false","INV-8"
"spam","Selamat pagi, Atasan meminta transfer darurat Rp150.000; jangan hubungi siapa pun dulu. Demikian informasinya.","Social Engineering","penyamaran_petugas","synthetic_template_v1","true","false","SOC-5"
"spam","Kepada Yth. Bapak/Ibu, HRD membuka lowongan kerja. Bayar biaya administrasi Rp500.000 sebelum interview. Harap cek kembali.","Penipuan Rekrutmen","biaya_administrasi","synthetic_template_v1","true","false","REK-1"
"ham","Permisi, Paket sudah diterima oleh satpam. Silakan diambil tanpa biaya tambahan. Harap cek kembali.","Aman","undangan_aman","synthetic_template_v1","true","false","AMN-6"
"spam","Kepada Yth. Bapak/Ibu, Kesempatan cuan pasti 50% per minggu, transfer modal hari ini. Semoga membantu.","Penipuan Investasi","profit_pasti","synthetic_template_v1","true","false","INV-3"
"spam","Selamat sore, Setelah semua obrolan kita, buktikan kepercayaanmu dengan membantu transfer Rp2.500.000. Ditunggu konfirmasinya.","Penipuan Romansa","pinjaman_pasangan","synthetic_template_v1","true","false","ROM-3"
"spam","Halo pelanggan, Kita sudah dekat lama. Tolong bantu biaya pengobatan keluargaku sebesar Rp1.250.000. Semoga membantu.","Penipuan Romansa","darurat_palsu","synthetic_template_v1","true","false","ROM-10"
"spam","Selamat pagi, Rekrutmen resmi tanpa wawancara, bayar pelatihan wajib sebesar Rp150.000. Salam.","Penipuan Rekrutmen","tugas_like","synthetic_template_v1","true","false","REK-6"
"spam","Info untuk Anda, Kita sudah dekat lama. Tolong bantu biaya pengobatan keluargaku sebesar Rp2.500.000. Mohon diperhatikan.","Penipuan Romansa","darurat_palsu","synthetic_template_v1","true","false","ROM-10"
"spam","Halo pelanggan, Admin layanan membutuhkan PIN Anda untuk membatalkan transaksi Rp2.500.000. Semoga membantu.","Social Engineering","permintaan_otp","synthetic_template_v1","true","false","SOC-2"
"ham","Kepada Yth. Bapak/Ibu, Foto undangan pernikahan sudah saya kirim dalam format JPG. Sampai jumpa di acara ya. Salam.","Aman","percakapan_harian","synthetic_template_v1","true","false","AMN-3"
"spam","Hai, HRD membuka lowongan kerja. Bayar biaya administrasi Rp2.500.000 sebelum interview. Salam.","Penipuan Rekrutmen","biaya_administrasi","synthetic_template_v1","true","false","REK-1"
"spam","Halo pelanggan, Buka file Galeri_Pernikahan_0150.apk agar foto dan alamat gedung terlihat. Demikian informasinya.","Phishing/Link Berbahaya","paket_apk","synthetic_template_v1","true","false","PHI-7"
"ham","Halo kak, Undangan rapat RT terlampir sebagai dokumen PDF dari pengurus yang kamu kenal. Terima kasih.","Aman","informasi_resmi","synthetic_template_v1","true","false","AMN-10"
"ham","Selamat pagi, Jadwal konsultasi dipindah ke Sabtu pukul 09.30 melalui ruang kelas resmi. Terima kasih.","Aman","undangan_aman","synthetic_template_v1","true","false","AMN-5"
"spam","Assalamualaikum, Proyek kripto rahasia akan naik 40%. Jangan lewatkan penawaran sebelum pukul 18.00. Terima kasih atas waktunya.","Penipuan Investasi","trading_palsu","synthetic_template_v1","true","false","INV-5"
"spam","Hai, Robot trading legal menjamin return tetap. Buka akun dengan setoran Rp500.000. Salam.","Penipuan Investasi","profit_pasti","synthetic_template_v1","true","false","INV-4"
"spam","Halo pelanggan, Penerimaan pegawai kilat. Rahasiakan proses dan lunasi biaya dokumen. Semoga membantu.","Penipuan Rekrutmen","hrd_palsu","synthetic_template_v1","true","false","REK-10"
"spam","Kepada Yth. Bapak/Ibu, Kesempatan cuan pasti 40% per minggu, transfer modal dalam 30 menit. Harap cek kembali.","Penipuan Investasi","profit_pasti","synthetic_template_v1","true","false","INV-3"
"spam","Info untuk Anda, Posisi terbatas, amankan kursi kerja dengan transfer Rp500.000. Harap cek kembali.","Penipuan Rekrutmen","hrd_palsu","synthetic_template_v1","true","false","REK-9"
"ham","Permisi, Aku sudah sampai rumah. Kabari kalau kamu juga sudah sampai dengan aman. Ditunggu konfirmasinya.","Aman","informasi_resmi","synthetic_template_v1","true","false","AMN-9"
"spam","Info untuk Anda, Petugas pajak meminta data rekening dan PIN untuk pengembalian dana. Harap cek kembali.","Social Engineering","penyamaran_petugas","synthetic_template_v1","true","false","SOC-7"
"spam","Assalamualaikum, Tugas online mudah menghasilkan komisi. Top up saldo agar tugas berikutnya terbuka. Terima kasih.","Penipuan Rekrutmen","tugas_like","synthetic_template_v1","true","false","REK-7"
"spam","Info untuk Anda, Rekrutmen resmi tanpa wawancara, bayar pelatihan wajib sebesar Rp350.000. Mohon diperhatikan.","Penipuan Rekrutmen","tugas_like","synthetic_template_v1","true","false","REK-6"
"spam","Selamat sore, Atasan meminta transfer darurat Rp350.000; jangan hubungi siapa pun dulu. Salam.","Social Engineering","penyamaran_petugas","synthetic_template_v1","true","false","SOC-5"
"spam","Mohon perhatian, HRD membuka lowongan kerja. Bayar biaya administrasi Rp500.000 sebelum interview. Mohon diperhatikan.","Penipuan Rekrutmen","biaya_administrasi","synthetic_template_v1","true","false","REK-1"
"spam","Info untuk Anda, Undangan resmi elektronik tersedia melalui link http://undangan-0419.invalid. Terima kasih.","Phishing/Link Berbahaya","tautan_login_palsu","synthetic_template_v1","true","false","PHI-9"
"spam","Permisi, Paket investasi VIP tersisa satu slot. Kirim Rp1.250.000 untuk mengamankan posisi. Demikian informasinya.","Penipuan Investasi","trading_palsu","synthetic_template_v1","true","false","INV-8"
"spam","Halo pelanggan, Atasan meminta transfer darurat Rp2.500.000; jangan hubungi siapa pun dulu. Ditunggu konfirmasinya.","Social Engineering","penyamaran_petugas","synthetic_template_v1","true","false","SOC-5"
"spam","Permisi, Akun akan dinonaktifkan bila Anda tidak membalas dengan OTP sekarang. Salam.","Social Engineering","penyamaran_petugas","synthetic_template_v1","true","false","SOC-6"
"spam","Assalamualaikum, Anda diterima tanpa tes. Transfer biaya seragam Rp150.000 hari ini. Ditunggu konfirmasinya.","Penipuan Rekrutmen","biaya_administrasi","synthetic_template_v1","true","false","REK-2"
"ham","Selamat sore, Pengumuman kampus dapat dilihat melalui portal akademik resmi. Harap cek kembali.","Aman","undangan_aman","synthetic_template_v1","true","false","AMN-8"
"spam","Permisi, Kerja paruh waktu dari rumah, tugas memberi like dengan deposit awal Rp500.000. Salam.","Penipuan Rekrutmen","biaya_administrasi","synthetic_template_v1","true","false","REK-3"
"ham","Hai, Terima kasih sudah hadir di acara keluarga kemarin, foto ada di album bersama. Terima kasih.","Aman","undangan_aman","synthetic_template_v1","true","false","AMN-7"
"ham","Halo pelanggan, Jadwal konsultasi dipindah ke Rabu pukul 19.00 melalui ruang kelas resmi. Demikian informasinya.","Aman","undangan_aman","synthetic_template_v1","true","false","AMN-5"
"spam","Halo kak, Cintaku, rekeningku diblokir. Pinjamkan Rp2.500.000, nanti langsung kuganti. Mohon diperhatikan.","Penipuan Romansa","hadiah_tertahan","synthetic_template_v1","true","false","ROM-5"
"spam","Kepada Yth. Bapak/Ibu, Buka file Galeri_Pernikahan_0280.apk agar foto dan alamat gedung terlihat. Terima kasih.","Phishing/Link Berbahaya","paket_apk","synthetic_template_v1","true","false","PHI-7"
"spam","Assalamualaikum, Petugas pajak meminta data rekening dan PIN untuk pengembalian dana. Terima kasih.","Social Engineering","penyamaran_petugas","synthetic_template_v1","true","false","SOC-7"
"spam","Halo kak, Rekrutmen resmi tanpa wawancara, bayar pelatihan wajib sebesar Rp2.500.000. Mohon diperhatikan.","Penipuan Rekrutmen","tugas_like","synthetic_template_v1","true","false","REK-6"
"spam","Assalamualaikum, Kami mengundang Anda ke pesta pernikahan. Buka Foto Undangan_0462.apk untuk info lengkapnya. Terima kasih.","Phishing/Link Berbahaya","undangan_apk","synthetic_template_v1","true","false","PHI-1"
"spam","Info untuk Anda, Kami lampirkan Undangan_Digital_Pernikahan_0284.apk. Mohon diunduh untuk melihat peta lokasi. Harap cek kembali.","Phishing/Link Berbahaya","undangan_apk","synthetic_template_v1","true","false","PHI-2"
"spam","Selamat pagi, Undangan resmi elektronik tersedia melalui link http://undangan-0032.invalid. Terima kasih atas waktunya.","Phishing/Link Berbahaya","tautan_login_palsu","synthetic_template_v1","true","false","PHI-9"
"spam","Halo pelanggan, Akun akan dinonaktifkan bila Anda tidak membalas dengan OTP sekarang. Terima kasih.","Social Engineering","penyamaran_petugas","synthetic_template_v1","true","false","SOC-6"
"spam","Hai, Gabung grup trading kami, modal Rp500.000 dijamin berlipat dalam 5 hari. Demikian informasinya.","Penipuan Investasi","profit_pasti","synthetic_template_v1","true","false","INV-2"
"spam","Halo kak, Anda diterima tanpa tes. Transfer biaya seragam Rp1.250.000 malam ini. Demikian informasinya.","Penipuan Rekrutmen","biaya_administrasi","synthetic_template_v1","true","false","REK-2"
"spam","Kepada Yth. Bapak/Ibu, Undangan resmi elektronik tersedia melalui link http://undangan-0400.invalid. Terima kasih.","Phishing/Link Berbahaya","tautan_login_palsu","synthetic_template_v1","true","false","PHI-9"
"spam","Kepada Yth. Bapak/Ibu, Aku kehilangan dompet saat perjalanan menemuimu. Tolong transfer Rp500.000. Demikian informasinya.","Penipuan Romansa","darurat_palsu","synthetic_template_v1","true","false","ROM-9"
"spam","Halo kak, Customer service meminta foto kartu dan kode rahasia untuk membuka blokir. Terima kasih atas waktunya.","Social Engineering","ancaman_akun","synthetic_template_v1","true","false","SOC-9"
"spam","Hai, Aku serius ingin menikah denganmu, tetapi paket hadiahku tertahan dan perlu biaya Rp150.000. Salam.","Penipuan Romansa","pinjaman_pasangan","synthetic_template_v1","true","false","ROM-2"
"ham","Selamat pagi, Aku sudah sampai rumah. Kabari kalau kamu juga sudah sampai dengan aman. Salam.","Aman","informasi_resmi","synthetic_template_v1","true","false","AMN-9"
"spam","Halo pelanggan, Bukti profit sudah banyak. Transfer dana awal agar akun investasi diaktifkan. Ditunggu konfirmasinya.","Penipuan Investasi","deposit_awal","synthetic_template_v1","true","false","INV-10"
"ham","Assalamualaikum, Jadwal konsultasi dipindah ke Rabu pukul 13.00 melalui ruang kelas resmi. Ditunggu konfirmasinya.","Aman","undangan_aman","synthetic_template_v1","true","false","AMN-5"
"spam","Assalamualaikum, HRD meminta pembayaran medical check-up ke rekening pribadi dalam 30 menit. Ditunggu konfirmasinya.","Penipuan Rekrutmen","tugas_like","synthetic_template_v1","true","false","REK-8"
"spam","Info untuk Anda, Lowongan staf administrasi bergaji tinggi. Kirim PIN dan data rekening untuk payroll. Semoga membantu.","Penipuan Rekrutmen","tugas_like","synthetic_template_v1","true","false","REK-5"
"spam","Halo pelanggan, Undangan resmi elektronik tersedia melalui link http://undangan-0063.invalid. Semoga membantu.","Phishing/Link Berbahaya","tautan_login_palsu","synthetic_template_v1","true","false","PHI-9"
"ham","Info untuk Anda, Besok rapat kelompok dimulai pukul 08.00 di ruang B3. Demikian informasinya.","Aman","percakapan_harian","synthetic_template_v1","true","false","AMN-1"
"spam","Permisi, Akun akan dinonaktifkan bila Anda tidak membalas dengan OTP sekarang. Semoga membantu.","Social Engineering","penyamaran_petugas","synthetic_template_v1","true","false","SOC-6"
"spam","Mohon perhatian, Hadiah pelanggan menunggu. Pasang Bonus_Resmi_0538.apk untuk klaim. Mohon diperhatikan.","Phishing/Link Berbahaya","paket_apk","synthetic_template_v1","true","false","PHI-8"
"spam","Assalamualaikum, Undangan resmi elektronik tersedia melalui link http://undangan-0218.invalid. Salam.","Phishing/Link Berbahaya","tautan_login_palsu","synthetic_template_v1","true","false","PHI-9"
"spam","Mohon perhatian, Kami mengundang Anda ke pesta pernikahan. Buka Foto Undangan_0531.apk untuk info lengkapnya. Mohon diperhatikan.","Phishing/Link Berbahaya","undangan_apk","synthetic_template_v1","true","false","PHI-1"
"spam","Selamat sore, Aku ingin membangun masa depan bersama, kirim modal kecil untuk usaha kita. Terima kasih.","Penipuan Romansa","hadiah_tertahan","synthetic_template_v1","true","false","ROM-7"
"spam","Selamat sore, Kami lampirkan Undangan_Digital_Pernikahan_0521.apk. Mohon diunduh untuk melihat peta lokasi. Ditunggu konfirmasinya.","Phishing/Link Berbahaya","undangan_apk","synthetic_template_v1","true","false","PHI-2"
"spam","Info untuk Anda, Pihak berwenang mengancam denda bila data pribadi tidak dikirim sebelum batas waktu. Terima kasih atas waktunya.","Social Engineering","ancaman_akun","synthetic_template_v1","true","false","SOC-10"
"spam","Hai, Kerja paruh waktu dari rumah, tugas memberi like dengan deposit awal Rp500.000. Mohon diperhatikan.","Penipuan Rekrutmen","biaya_administrasi","synthetic_template_v1","true","false","REK-3"
"spam","Assalamualaikum, Sayang, aku sedang darurat di luar kota. Tolong kirim uang Rp350.000 sebelum batas waktu. Terima kasih.","Penipuan Romansa","pinjaman_pasangan","synthetic_template_v1","true","false","ROM-1"
"spam","Halo pelanggan, Robot trading legal menjamin return tetap. Buka akun dengan setoran Rp350.000. Semoga membantu.","Penipuan Investasi","profit_pasti","synthetic_template_v1","true","false","INV-4"
"spam","Hai, Investasi kebun digital memberi bonus anggota dan keuntungan tanpa rugi. Demikian informasinya.","Penipuan Investasi","trading_palsu","synthetic_template_v1","true","false","INV-6"
"spam","Halo pelanggan, Setelah semua obrolan kita, buktikan kepercayaanmu dengan membantu transfer Rp350.000. Mohon diperhatikan.","Penipuan Romansa","pinjaman_pasangan","synthetic_template_v1","true","false","ROM-3"
"spam","Kepada Yth. Bapak/Ibu, Investasi eksklusif menjanjikan profit 75% tanpa risiko. Deposit mulai Rp350.000. Mohon diperhatikan.","Penipuan Investasi","profit_pasti","synthetic_template_v1","true","false","INV-1"
"spam","Kepada Yth. Bapak/Ibu, Petugas pajak meminta data rekening dan PIN untuk pengembalian dana. Terima kasih atas waktunya.","Social Engineering","penyamaran_petugas","synthetic_template_v1","true","false","SOC-7"
"ham","Mohon perhatian, Kami mengundang Anda ke pernikahan keluarga kami pada minggu depan. Undangan berupa PDF, tidak perlu memasang aplikasi. Harap cek kembali.","Aman","percakapan_harian","synthetic_template_v1","true","false","AMN-2"
"spam","Selamat sore, Anda diterima tanpa tes. Transfer biaya seragam Rp5.000.000 hari ini. Terima kasih atas waktunya.","Penipuan Rekrutmen","biaya_administrasi","synthetic_template_v1","true","false","REK-2"
"spam","Hai, Jangan beri tahu keluargamu tentang hubungan kita. Aku butuh bantuan dana malam ini. Harap cek kembali.","Penipuan Romansa","hadiah_tertahan","synthetic_template_v1","true","false","ROM-6"
"ham","Mohon perhatian, Paket sudah diterima oleh satpam. Silakan diambil tanpa biaya tambahan. Mohon diperhatikan.","Aman","undangan_aman","synthetic_template_v1","true","false","AMN-6"
"spam","Info untuk Anda, Bisnis passive income tanpa kerja, modal kembali dalam 3 hari. Ditunggu konfirmasinya.","Penipuan Investasi","deposit_awal","synthetic_template_v1","true","false","INV-9"
"spam","Halo kak, Investasi eksklusif menjanjikan profit 75% tanpa risiko. Deposit mulai Rp150.000. Terima kasih atas waktunya.","Penipuan Investasi","profit_pasti","synthetic_template_v1","true","false","INV-1"
"spam","Permisi, Perbarui data akun melalui halaman login https://akun-aman-0328.invalid dalam 30 menit. Terima kasih.","Phishing/Link Berbahaya","tautan_login_palsu","synthetic_template_v1","true","false","PHI-10"
"spam","Selamat sore, Saya petugas bank. Sebutkan OTP yang baru masuk agar rekening tidak diblokir sekarang. Demikian informasinya.","Social Engineering","permintaan_otp","synthetic_template_v1","true","false","SOC-1"
"spam","Permisi, Undangan resmi elektronik tersedia melalui link http://undangan-0545.invalid. Ditunggu konfirmasinya.","Phishing/Link Berbahaya","tautan_login_palsu","synthetic_template_v1","true","false","PHI-9"
"ham","Selamat pagi, Paket sudah diterima oleh satpam. Silakan diambil tanpa biaya tambahan. Semoga membantu.","Aman","undangan_aman","synthetic_template_v1","true","false","AMN-6"
"spam","Hai, Proyek kripto rahasia akan naik 20%. Jangan lewatkan penawaran sekarang. Demikian informasinya.","Penipuan Investasi","trading_palsu","synthetic_template_v1","true","false","INV-5"
"spam","Hai, Paket Anda tertahan. Download aplikasi Cek_Resi_0167.apk untuk memilih jadwal antar. Ditunggu konfirmasinya.","Phishing/Link Berbahaya","undangan_apk","synthetic_template_v1","true","false","PHI-4"
"spam","Kepada Yth. Bapak/Ibu, Pihak berwenang mengancam denda bila data pribadi tidak dikirim malam ini. Demikian informasinya.","Social Engineering","ancaman_akun","synthetic_template_v1","true","false","SOC-10"
"ham","Halo pelanggan, Foto undangan pernikahan sudah saya kirim dalam format JPG. Sampai jumpa di acara ya. Ditunggu konfirmasinya.","Aman","percakapan_harian","synthetic_template_v1","true","false","AMN-3"
"spam","Mohon perhatian, Pihak berwenang mengancam denda bila data pribadi tidak dikirim sekarang. Semoga membantu.","Social Engineering","ancaman_akun","synthetic_template_v1","true","false","SOC-10"
"spam","Selamat pagi, Investasi eksklusif menjanjikan profit 25% tanpa risiko. Deposit mulai Rp150.000. Terima kasih.","Penipuan Investasi","profit_pasti","synthetic_template_v1","true","false","INV-1"
"spam","Selamat pagi, Setelah semua obrolan kita, buktikan kepercayaanmu dengan membantu transfer Rp500.000. Terima kasih atas waktunya.","Penipuan Romansa","pinjaman_pasangan","synthetic_template_v1","true","false","ROM-3"
"spam","Selamat pagi, Undangan resmi elektronik tersedia melalui link http://undangan-0307.invalid. Mohon diperhatikan.","Phishing/Link Berbahaya","tautan_login_palsu","synthetic_template_v1","true","false","PHI-9"
"ham","Halo kak, Undangan rapat RT terlampir sebagai dokumen PDF dari pengurus yang kamu kenal. Harap cek kembali.","Aman","informasi_resmi","synthetic_template_v1","true","false","AMN-10"
"spam","Info untuk Anda, Saya keluarga Anda memakai nomor baru. Tolong transfer Rp5.000.000 karena sedang darurat. Salam.","Social Engineering","penyamaran_petugas","synthetic_template_v1","true","false","SOC-8"
"spam","Halo kak, Admin layanan membutuhkan PIN Anda untuk membatalkan transaksi Rp150.000. Demikian informasinya.","Social Engineering","permintaan_otp","synthetic_template_v1","true","false","SOC-2"
"spam","Permisi, Bukti profit sudah banyak. Transfer dana awal agar akun investasi diaktifkan. Salam.","Penipuan Investasi","deposit_awal","synthetic_template_v1","true","false","INV-10"
"spam","Mohon perhatian, Anda diterima tanpa tes. Transfer biaya seragam Rp2.500.000 sekarang. Terima kasih atas waktunya.","Penipuan Rekrutmen","biaya_administrasi","synthetic_template_v1","true","false","REK-2"
"spam","Selamat pagi, Pihak berwenang mengancam denda bila data pribadi tidak dikirim sekarang. Demikian informasinya.","Social Engineering","ancaman_akun","synthetic_template_v1","true","false","SOC-10"
"spam","Info untuk Anda, Aku bekerja di luar negeri dan akan pulang menemuimu. Bayarkan bea paket hadiah dulu. Terima kasih.","Penipuan Romansa","pinjaman_pasangan","synthetic_template_v1","true","false","ROM-4"
"ham","Selamat pagi, Pengumuman kampus dapat dilihat melalui portal akademik resmi. Terima kasih atas waktunya.","Aman","undangan_aman","synthetic_template_v1","true","false","AMN-8"
"spam","Selamat sore, Dana Anda akan dikelola profesional dengan hasil pasti 50% per bulan. Ditunggu konfirmasinya.","Penipuan Investasi","trading_palsu","synthetic_template_v1","true","false","INV-7"
"spam","Mohon perhatian, Proyek kripto rahasia akan naik 30%. Jangan lewatkan penawaran sebelum batas waktu. Demikian informasinya.","Penipuan Investasi","trading_palsu","synthetic_template_v1","true","false","INV-5"
"spam","Halo kak, Kesempatan cuan pasti 25% per minggu, transfer modal sebelum batas waktu. Terima kasih atas waktunya.","Penipuan Investasi","profit_pasti","synthetic_template_v1","true","false","INV-3"
"spam","Kepada Yth. Bapak/Ibu, Tugas online mudah menghasilkan komisi. Top up saldo agar tugas berikutnya terbuka. Terima kasih atas waktunya.","Penipuan Rekrutmen","tugas_like","synthetic_template_v1","true","false","REK-7"
"spam","Hai, Lowongan staf administrasi bergaji tinggi. Kirim PIN dan data rekening untuk payroll. Harap cek kembali.","Penipuan Rekrutmen","tugas_like","synthetic_template_v1","true","false","REK-5"
"spam","Selamat sore, HRD meminta pembayaran medical check-up ke rekening pribadi hari ini. Semoga membantu.","Penipuan Rekrutmen","tugas_like","synthetic_template_v1","true","false","REK-8"
"spam","Selamat pagi, Pihak berwenang mengancam denda bila data pribadi tidak dikirim dalam 30 menit. Salam.","Social Engineering","ancaman_akun","synthetic_template_v1","true","false","SOC-10"
"spam","Halo kak, Pihak berwenang mengancam denda bila data pribadi tidak dikirim sebelum pukul 18.00. Semoga membantu.","Social Engineering","ancaman_akun","synthetic_template_v1","true","false","SOC-10"
"spam","Selamat sore, Aku kehilangan dompet saat perjalanan menemuimu. Tolong transfer Rp150.000. Demikian informasinya.","Penipuan Romansa","darurat_palsu","synthetic_template_v1","true","false","ROM-9"
"spam","Mohon perhatian, Kami lampirkan Undangan_Digital_Pernikahan_0386.apk. Mohon diunduh untuk melihat peta lokasi. Salam.","Phishing/Link Berbahaya","undangan_apk","synthetic_template_v1","true","false","PHI-2"
"spam","Hai, Aku kehilangan dompet saat perjalanan menemuimu. Tolong transfer Rp350.000. Harap cek kembali.","Penipuan Romansa","darurat_palsu","synthetic_template_v1","true","false","ROM-9"
"spam","Permisi, Aku bekerja di luar negeri dan akan pulang menemuimu. Bayarkan bea paket hadiah dulu. Demikian informasinya.","Penipuan Romansa","pinjaman_pasangan","synthetic_template_v1","true","false","ROM-4"
"spam","Kepada Yth. Bapak/Ibu, Setelah semua obrolan kita, buktikan kepercayaanmu dengan membantu transfer Rp5.000.000. Mohon diperhatikan.","Penipuan Romansa","pinjaman_pasangan","synthetic_template_v1","true","false","ROM-3"
"spam","Permisi, Hadiah pernikahan untukmu tertahan di bea cukai. Bayar tagihannya agar dikirim. Mohon diperhatikan.","Penipuan Romansa","hadiah_tertahan","synthetic_template_v1","true","false","ROM-8"
"spam","Info untuk Anda, Tagihan belum dibayar. Klik tautan [tautan-palsu-0580] untuk menghindari denda. Mohon diperhatikan.","Phishing/Link Berbahaya","paket_apk","synthetic_template_v1","true","false","PHI-6"
"spam","Permisi, Proyek kripto rahasia akan naik 75%. Jangan lewatkan penawaran sebelum pukul 18.00. Harap cek kembali.","Penipuan Investasi","trading_palsu","synthetic_template_v1","true","false","INV-5"
"ham","Selamat pagi, Foto undangan pernikahan sudah saya kirim dalam format JPG. Sampai jumpa di acara ya. Terima kasih.","Aman","percakapan_harian","synthetic_template_v1","true","false","AMN-3"
"spam","Info untuk Anda, Kesempatan cuan pasti 20% per minggu, transfer modal sebelum pukul 18.00. Semoga membantu.","Penipuan Investasi","profit_pasti","synthetic_template_v1","true","false","INV-3"
"spam","Selamat pagi, Admin layanan membutuhkan PIN Anda untuk membatalkan transaksi Rp5.000.000. Demikian informasinya.","Social Engineering","permintaan_otp","synthetic_template_v1","true","false","SOC-2"
"spam","Permisi, Undangan interview dari perusahaan besar, beli tiket melalui agen yang kami tunjuk. Demikian informasinya.","Penipuan Rekrutmen","biaya_administrasi","synthetic_template_v1","true","false","REK-4"
"spam","Halo pelanggan, Aku serius ingin menikah denganmu, tetapi paket hadiahku tertahan dan perlu biaya Rp150.000. Demikian informasinya.","Penipuan Romansa","pinjaman_pasangan","synthetic_template_v1","true","false","ROM-2"
"spam","Selamat pagi, HRD meminta pembayaran medical check-up ke rekening pribadi sebelum pukul 18.00. Terima kasih atas waktunya.","Penipuan Rekrutmen","tugas_like","synthetic_template_v1","true","false","REK-8"
"spam","Selamat sore, HRD membuka lowongan kerja. Bayar biaya administrasi Rp5.000.000 sebelum interview. Terima kasih.","Penipuan Rekrutmen","biaya_administrasi","synthetic_template_v1","true","false","REK-1"
"spam","Mohon perhatian, Kesempatan cuan pasti 50% per minggu, transfer modal sekarang. Harap cek kembali.","Penipuan Investasi","profit_pasti","synthetic_template_v1","true","false","INV-3"
"ham","Info untuk Anda, Pengumuman kampus dapat dilihat melalui portal akademik resmi. Mohon diperhatikan.","Aman","undangan_aman","synthetic_template_v1","true","false","AMN-8"
"spam","Mohon perhatian, Kesempatan cuan pasti 40% per minggu, transfer modal dalam 30 menit. Terima kasih.","Penipuan Investasi","profit_pasti","synthetic_template_v1","true","false","INV-3"
"spam","Info untuk Anda, HRD meminta pembayaran medical check-up ke rekening pribadi sebelum pukul 18.00. Ditunggu konfirmasinya.","Penipuan Rekrutmen","tugas_like","synthetic_template_v1","true","false","REK-8"
"spam","Mohon perhatian, Posisi terbatas, amankan kursi kerja dengan transfer Rp1.250.000. Semoga membantu.","Penipuan Rekrutmen","hrd_palsu","synthetic_template_v1","true","false","REK-9"
"spam","Assalamualaikum, Undangan interview dari perusahaan besar, beli tiket melalui agen yang kami tunjuk. Demikian informasinya.","Penipuan Rekrutmen","biaya_administrasi","synthetic_template_v1","true","false","REK-4"
"ham","Selamat sore, Paket sudah diterima oleh satpam. Silakan diambil tanpa biaya tambahan. Mohon diperhatikan.","Aman","undangan_aman","synthetic_template_v1","true","false","AMN-6"
"ham","Selamat sore, Kami mengundang Anda ke pernikahan keluarga kami pada Sabtu. Undangan berupa PDF, tidak perlu memasang aplikasi. Harap cek kembali.","Aman","percakapan_harian","synthetic_template_v1","true","false","AMN-2"
"spam","Selamat sore, Admin layanan membutuhkan PIN Anda untuk membatalkan transaksi Rp5.000.000. Salam.","Social Engineering","permintaan_otp","synthetic_template_v1","true","false","SOC-2"
"ham","Halo kak, Paket sudah diterima oleh satpam. Silakan diambil tanpa biaya tambahan. Harap cek kembali.","Aman","undangan_aman","synthetic_template_v1","true","false","AMN-6"
"spam","Selamat pagi, Kami mengundang Anda ke pesta pernikahan. Buka Foto Undangan_0279.apk untuk info lengkapnya. Ditunggu konfirmasinya.","Phishing/Link Berbahaya","undangan_apk","synthetic_template_v1","true","false","PHI-1"
"ham","Assalamualaikum, Foto undangan pernikahan sudah saya kirim dalam format JPG. Sampai jumpa di acara ya. Mohon diperhatikan.","Aman","percakapan_harian","synthetic_template_v1","true","false","AMN-3"
"spam","Kepada Yth. Bapak/Ibu, Undangan interview dari perusahaan besar, beli tiket melalui agen yang kami tunjuk. Ditunggu konfirmasinya.","Penipuan Rekrutmen","biaya_administrasi","synthetic_template_v1","true","false","REK-4"
"spam","Selamat pagi, Anda diterima tanpa tes. Transfer biaya seragam Rp350.000 sebelum batas waktu. Terima kasih.","Penipuan Rekrutmen","biaya_administrasi","synthetic_template_v1","true","false","REK-2"
"spam","Kepada Yth. Bapak/Ibu, Hadiah pernikahan untukmu tertahan di bea cukai. Bayar tagihannya agar dikirim. Ditunggu konfirmasinya.","Penipuan Romansa","hadiah_tertahan","synthetic_template_v1","true","false","ROM-8"
"ham","Selamat sore, Jadwal konsultasi dipindah ke Rabu pukul 08.00 melalui ruang kelas resmi. Mohon diperhatikan.","Aman","undangan_aman","synthetic_template_v1","true","false","AMN-5"
"spam","Mohon perhatian, Investasi eksklusif menjanjikan profit 50% tanpa risiko. Deposit mulai Rp2.500.000. Mohon diperhatikan.","Penipuan Investasi","profit_pasti","synthetic_template_v1","true","false","INV-1"
"ham","Hai, Jadwal konsultasi dipindah ke minggu depan pukul 09.30 melalui ruang kelas resmi. Semoga membantu.","Aman","undangan_aman","synthetic_template_v1","true","false","AMN-5"
"spam","Selamat pagi, HRD meminta pembayaran medical check-up ke rekening pribadi dalam 30 menit. Ditunggu konfirmasinya.","Penipuan Rekrutmen","tugas_like","synthetic_template_v1","true","false","REK-8"
"ham","Halo kak, Besok rapat kelompok dimulai pukul 08.00 di ruang laboratorium. Terima kasih.","Aman","percakapan_harian","synthetic_template_v1","true","false","AMN-1"
"spam","Selamat pagi, Aku bekerja di luar negeri dan akan pulang menemuimu. Bayarkan bea paket hadiah dulu. Terima kasih atas waktunya.","Penipuan Romansa","pinjaman_pasangan","synthetic_template_v1","true","false","ROM-4"
"spam","Halo pelanggan, Aku ingin membangun masa depan bersama, kirim modal kecil untuk usaha kita. Harap cek kembali.","Penipuan Romansa","hadiah_tertahan","synthetic_template_v1","true","false","ROM-7"
"spam","Assalamualaikum, Kami lampirkan Undangan_Digital_Pernikahan_0116.apk. Mohon diunduh untuk melihat peta lokasi. Mohon diperhatikan.","Phishing/Link Berbahaya","undangan_apk","synthetic_template_v1","true","false","PHI-2"
"spam","Hai, Perbarui data akun melalui halaman login https://akun-aman-0370.invalid malam ini. Terima kasih atas waktunya.","Phishing/Link Berbahaya","tautan_login_palsu","synthetic_template_v1","true","false","PHI-10"
"ham","Permisi, Besok rapat kelompok dimulai pukul 19.00 di ruang aula. Terima kasih atas waktunya.","Aman","percakapan_harian","synthetic_template_v1","true","false","AMN-1"
"ham","Permisi, Terima kasih sudah hadir di acara keluarga kemarin, foto ada di album bersama. Terima kasih.","Aman","undangan_aman","synthetic_template_v1","true","false","AMN-7"
"spam","Bukti profit selebritas dibuat AI, setor sekarang agar tidak kehabisan slot.","Penipuan Investasi","contemporary_hard_case","synthetic_contemporary_v2","true","false","INV-H10"
"spam","Kepada Yth. Bapak/Ibu, Rekrutmen resmi tanpa wawancara, bayar pelatihan wajib sebesar Rp2.500.000. Terima kasih atas waktunya.","Penipuan Rekrutmen","tugas_like","synthetic_template_v1","true","false","REK-6"
"ham","Permisi, Aku sudah sampai rumah. Kabari kalau kamu juga sudah sampai dengan aman. Terima kasih atas waktunya.","Aman","informasi_resmi","synthetic_template_v1","true","false","AMN-9"
"spam","Kepada Yth. Bapak/Ibu, Gabung grup trading kami, modal Rp1.250.000 dijamin berlipat dalam 10 hari. Semoga membantu.","Penipuan Investasi","profit_pasti","synthetic_template_v1","true","false","INV-2"
"spam","Hai, Kesempatan cuan pasti 25% per minggu, transfer modal sebelum batas waktu. Terima kasih atas waktunya.","Penipuan Investasi","profit_pasti","synthetic_template_v1","true","false","INV-3"
"spam","Info untuk Anda, Kesempatan cuan pasti 75% per minggu, transfer modal sebelum pukul 18.00. Mohon diperhatikan.","Penipuan Investasi","profit_pasti","synthetic_template_v1","true","false","INV-3"
"spam","Mohon perhatian, Gabung grup trading kami, modal Rp1.250.000 dijamin berlipat dalam 7 hari. Semoga membantu.","Penipuan Investasi","profit_pasti","synthetic_template_v1","true","false","INV-2"
"spam","Halo pelanggan, Penerimaan pegawai kilat. Rahasiakan proses dan lunasi biaya dokumen. Ditunggu konfirmasinya.","Penipuan Rekrutmen","hrd_palsu","synthetic_template_v1","true","false","REK-10"
"spam","Selamat pagi, Kesempatan cuan pasti 50% per minggu, transfer modal malam ini. Harap cek kembali.","Penipuan Investasi","profit_pasti","synthetic_template_v1","true","false","INV-3"
"ham","Halo pelanggan, Tolong beli makan siang saat pulang dari kampus, nanti saya ganti. Semoga membantu.","Aman","percakapan_harian","synthetic_template_v1","true","false","AMN-4"
"spam","Selamat pagi, Lowongan staf administrasi bergaji tinggi. Kirim PIN dan data rekening untuk payroll. Terima kasih atas waktunya.","Penipuan Rekrutmen","tugas_like","synthetic_template_v1","true","false","REK-5"
"spam","Assalamualaikum, Sayang, aku sedang darurat di luar kota. Tolong kirim uang Rp150.000 sebelum batas waktu. Terima kasih atas waktunya.","Penipuan Romansa","pinjaman_pasangan","synthetic_template_v1","true","false","ROM-1"
"spam","Kepada Yth. Bapak/Ibu, Investasi kebun digital memberi bonus anggota dan keuntungan tanpa rugi. Terima kasih.","Penipuan Investasi","trading_palsu","synthetic_template_v1","true","false","INV-6"
"spam","Halo kak, Kami lampirkan Undangan_Digital_Pernikahan_0315.apk. Mohon diunduh untuk melihat peta lokasi. Semoga membantu.","Phishing/Link Berbahaya","undangan_apk","synthetic_template_v1","true","false","PHI-2"
"spam","Hai, Nomor Anda bermasalah. Kirim kode verifikasi kepada petugas ini sebelum pukul 18.00. Terima kasih.","Social Engineering","permintaan_otp","synthetic_template_v1","true","false","SOC-3"
"spam","Halo pelanggan, Kita sudah dekat lama. Tolong bantu biaya pengobatan keluargaku sebesar Rp1.250.000. Terima kasih atas waktunya.","Penipuan Romansa","darurat_palsu","synthetic_template_v1","true","false","ROM-10"
"spam","Assalamualaikum, Buka file Galeri_Pernikahan_0087.apk agar foto dan alamat gedung terlihat. Salam.","Phishing/Link Berbahaya","paket_apk","synthetic_template_v1","true","false","PHI-7"
"spam","Mohon perhatian, Undangan interview dari perusahaan besar, beli tiket melalui agen yang kami tunjuk. Ditunggu konfirmasinya.","Penipuan Rekrutmen","biaya_administrasi","synthetic_template_v1","true","false","REK-4"
"spam","Permisi, Jangan beri tahu keluargamu tentang hubungan kita. Aku butuh bantuan dana sebelum pukul 18.00. Salam.","Penipuan Romansa","hadiah_tertahan","synthetic_template_v1","true","false","ROM-6"
"spam","Mohon perhatian, Tagihan belum dibayar. Klik tautan [tautan-palsu-0507] untuk menghindari denda. Terima kasih.","Phishing/Link Berbahaya","paket_apk","synthetic_template_v1","true","false","PHI-6"
"spam","Halo kak, Gabung grup trading kami, modal Rp350.000 dijamin berlipat dalam 10 hari. Salam.","Penipuan Investasi","profit_pasti","synthetic_template_v1","true","false","INV-2"
"spam","Permisi, Hadiah pelanggan menunggu. Pasang Bonus_Resmi_0429.apk untuk klaim. Semoga membantu.","Phishing/Link Berbahaya","paket_apk","synthetic_template_v1","true","false","PHI-8"
"spam","Info untuk Anda, HRD meminta pembayaran medical check-up ke rekening pribadi hari ini. Harap cek kembali.","Penipuan Rekrutmen","tugas_like","synthetic_template_v1","true","false","REK-8"
"spam","Hai, Tugas online mudah menghasilkan komisi. Top up saldo agar tugas berikutnya terbuka. Terima kasih.","Penipuan Rekrutmen","tugas_like","synthetic_template_v1","true","false","REK-7"
"spam","Kepada Yth. Bapak/Ibu, Setelah semua obrolan kita, buktikan kepercayaanmu dengan membantu transfer Rp1.250.000. Mohon diperhatikan.","Penipuan Romansa","pinjaman_pasangan","synthetic_template_v1","true","false","ROM-3"
"spam","Kepada Yth. Bapak/Ibu, Aku ingin membangun masa depan bersama, kirim modal kecil untuk usaha kita. Demikian informasinya.","Penipuan Romansa","hadiah_tertahan","synthetic_template_v1","true","false","ROM-7"
"spam","Hai, Aku bekerja di luar negeri dan akan pulang menemuimu. Bayarkan bea paket hadiah dulu. Salam.","Penipuan Romansa","pinjaman_pasangan","synthetic_template_v1","true","false","ROM-4"
"spam","Selamat sore, Tagihan belum dibayar. Klik tautan [tautan-palsu-0553] untuk menghindari denda. Terima kasih.","Phishing/Link Berbahaya","paket_apk","synthetic_template_v1","true","false","PHI-6"
"spam","Mohon perhatian, Undangan interview dari perusahaan besar, beli tiket melalui agen yang kami tunjuk. Terima kasih.","Penipuan Rekrutmen","biaya_administrasi","synthetic_template_v1","true","false","REK-4"
"spam","Kepada Yth. Bapak/Ibu, Rekrutmen resmi tanpa wawancara, bayar pelatihan wajib sebesar Rp500.000. Mohon diperhatikan.","Penipuan Rekrutmen","tugas_like","synthetic_template_v1","true","false","REK-6"
"spam","Selamat pagi, Hadiah pernikahan untukmu tertahan di bea cukai. Bayar tagihannya agar dikirim. Demikian informasinya.","Penipuan Romansa","hadiah_tertahan","synthetic_template_v1","true","false","ROM-8"
"spam","Hai, Proyek kripto rahasia akan naik 25%. Jangan lewatkan penawaran malam ini. Harap cek kembali.","Penipuan Investasi","trading_palsu","synthetic_template_v1","true","false","INV-5"
"spam","Halo kak, Saya dari kantor pusat, mohon konfirmasi password untuk pemeriksaan keamanan. Semoga membantu.","Social Engineering","permintaan_otp","synthetic_template_v1","true","false","SOC-4"
"spam","Assalamualaikum, Kerja paruh waktu dari rumah, tugas memberi like dengan deposit awal Rp2.500.000. Harap cek kembali.","Penipuan Rekrutmen","biaya_administrasi","synthetic_template_v1","true","false","REK-3"
"spam","Mohon perhatian, Gabung grup trading kami, modal Rp5.000.000 dijamin berlipat dalam 5 hari. Semoga membantu.","Penipuan Investasi","profit_pasti","synthetic_template_v1","true","false","INV-2"
"spam","Info untuk Anda, Hadiah pelanggan menunggu. Pasang Bonus_Resmi_0378.apk untuk klaim. Mohon diperhatikan.","Phishing/Link Berbahaya","paket_apk","synthetic_template_v1","true","false","PHI-8"
"spam","Selamat sore, Aku serius ingin menikah denganmu, tetapi paket hadiahku tertahan dan perlu biaya Rp500.000. Mohon diperhatikan.","Penipuan Romansa","pinjaman_pasangan","synthetic_template_v1","true","false","ROM-2"
"spam","Halo pelanggan, Kesempatan cuan pasti 20% per minggu, transfer modal sebelum batas waktu. Terima kasih.","Penipuan Investasi","profit_pasti","synthetic_template_v1","true","false","INV-3"
"spam","Selamat sore, Paket Anda tertahan. Download aplikasi Cek_Resi_0484.apk untuk memilih jadwal antar. Harap cek kembali.","Phishing/Link Berbahaya","undangan_apk","synthetic_template_v1","true","false","PHI-4"
"spam","Halo pelanggan, Bukti profit sudah banyak. Transfer dana awal agar akun investasi diaktifkan. Terima kasih.","Penipuan Investasi","deposit_awal","synthetic_template_v1","true","false","INV-10"
"spam","Hai, Detail waktu dan lokasi pernikahan ada di Undangan Pernikahan 0117.apk, silakan buka sebelum batas waktu. Terima kasih atas waktunya.","Phishing/Link Berbahaya","undangan_apk","synthetic_template_v1","true","false","PHI-3"
"spam","Mohon perhatian, Kesempatan cuan pasti 75% per minggu, transfer modal sebelum batas waktu. Mohon diperhatikan.","Penipuan Investasi","profit_pasti","synthetic_template_v1","true","false","INV-3"
"spam","Permisi, Bisnis passive income tanpa kerja, modal kembali dalam 10 hari. Semoga membantu.","Penipuan Investasi","deposit_awal","synthetic_template_v1","true","false","INV-9"
"spam","Permisi, Rekrutmen resmi tanpa wawancara, bayar pelatihan wajib sebesar Rp2.500.000. Salam.","Penipuan Rekrutmen","tugas_like","synthetic_template_v1","true","false","REK-6"
"ham","Kepada Yth. Bapak/Ibu, Aku sudah sampai rumah. Kabari kalau kamu juga sudah sampai dengan aman. Terima kasih atas waktunya.","Aman","informasi_resmi","synthetic_template_v1","true","false","AMN-9"
"ham","Hai, Jadwal konsultasi dipindah ke Senin pukul 09.30 melalui ruang kelas resmi. Semoga membantu.","Aman","undangan_aman","synthetic_template_v1","true","false","AMN-5"
"spam","Mohon perhatian, Sayang, aku sedang darurat di luar kota. Tolong kirim uang Rp350.000 sebelum pukul 18.00. Mohon diperhatikan.","Penipuan Romansa","pinjaman_pasangan","synthetic_template_v1","true","false","ROM-1"
"spam","Halo kak, Hadiah pernikahan untukmu tertahan di bea cukai. Bayar tagihannya agar dikirim. Ditunggu konfirmasinya.","Penipuan Romansa","hadiah_tertahan","synthetic_template_v1","true","false","ROM-8"
"spam","Rahasiakan proses rekrutmen dan transfer uang jaminan posisi.","Penipuan Rekrutmen","contemporary_hard_case","synthetic_contemporary_v2","true","false","REK-H10"
"ham","Permisi, Aku sudah sampai rumah. Kabari kalau kamu juga sudah sampai dengan aman. Harap cek kembali.","Aman","informasi_resmi","synthetic_template_v1","true","false","AMN-9"
"spam","Info untuk Anda, Aku kehilangan dompet saat perjalanan menemuimu. Tolong transfer Rp2.500.000. Ditunggu konfirmasinya.","Penipuan Romansa","darurat_palsu","synthetic_template_v1","true","false","ROM-9"
"spam","Halo pelanggan, Jangan beri tahu keluargamu tentang hubungan kita. Aku butuh bantuan dana hari ini. Demikian informasinya.","Penipuan Romansa","hadiah_tertahan","synthetic_template_v1","true","false","ROM-6"
"spam","Halo pelanggan, Petugas pajak meminta data rekening dan PIN untuk pengembalian dana. Mohon diperhatikan.","Social Engineering","penyamaran_petugas","synthetic_template_v1","true","false","SOC-7"
"spam","Mohon perhatian, HRD membuka lowongan kerja. Bayar biaya administrasi Rp5.000.000 sebelum interview. Mohon diperhatikan.","Penipuan Rekrutmen","biaya_administrasi","synthetic_template_v1","true","false","REK-1"
"spam","Permisi, Rekrutmen resmi tanpa wawancara, bayar pelatihan wajib sebesar Rp5.000.000. Harap cek kembali.","Penipuan Rekrutmen","tugas_like","synthetic_template_v1","true","false","REK-6"
"spam","Halo kak, Atasan meminta transfer darurat Rp5.000.000; jangan hubungi siapa pun dulu. Semoga membantu.","Social Engineering","penyamaran_petugas","synthetic_template_v1","true","false","SOC-5"
"spam","Selamat pagi, Penerimaan pegawai kilat. Rahasiakan proses dan lunasi biaya dokumen. Mohon diperhatikan.","Penipuan Rekrutmen","hrd_palsu","synthetic_template_v1","true","false","REK-10"
"spam","Selamat pagi, Robot trading legal menjamin return tetap. Buka akun dengan setoran Rp350.000. Ditunggu konfirmasinya.","Penipuan Investasi","profit_pasti","synthetic_template_v1","true","false","INV-4"
"spam","Halo pelanggan, Lowongan staf administrasi bergaji tinggi. Kirim PIN dan data rekening untuk payroll. Demikian informasinya.","Penipuan Rekrutmen","tugas_like","synthetic_template_v1","true","false","REK-5"
"spam","Assalamualaikum, Perbarui data akun melalui halaman login https://akun-aman-0512.invalid sebelum pukul 18.00. Terima kasih atas waktunya.","Phishing/Link Berbahaya","tautan_login_palsu","synthetic_template_v1","true","false","PHI-10"
"spam","Permisi, Kita sudah dekat lama. Tolong bantu biaya pengobatan keluargaku sebesar Rp150.000. Terima kasih.","Penipuan Romansa","darurat_palsu","synthetic_template_v1","true","false","ROM-10"
"spam","Hai, Penerimaan pegawai kilat. Rahasiakan proses dan lunasi biaya dokumen. Terima kasih atas waktunya.","Penipuan Rekrutmen","hrd_palsu","synthetic_template_v1","true","false","REK-10"
"spam","Selamat pagi, Hadiah pelanggan menunggu. Pasang Bonus_Resmi_0387.apk untuk klaim. Terima kasih.","Phishing/Link Berbahaya","paket_apk","synthetic_template_v1","true","false","PHI-8"
"ham","Selamat pagi, Besok rapat kelompok dimulai pukul 09.30 di ruang C2. Semoga membantu.","Aman","percakapan_harian","synthetic_template_v1","true","false","AMN-1"
"spam","Halo pelanggan, Paket investasi VIP tersisa satu slot. Kirim Rp5.000.000 untuk mengamankan posisi. Semoga membantu.","Penipuan Investasi","trading_palsu","synthetic_template_v1","true","false","INV-8"
"ham","Selamat pagi, Kami mengundang Anda ke pernikahan keluarga kami pada Senin. Undangan berupa PDF, tidak perlu memasang aplikasi. Salam.","Aman","percakapan_harian","synthetic_template_v1","true","false","AMN-2"
"spam","Mohon perhatian, Rekrutmen resmi tanpa wawancara, bayar pelatihan wajib sebesar Rp1.250.000. Terima kasih atas waktunya.","Penipuan Rekrutmen","tugas_like","synthetic_template_v1","true","false","REK-6"
"spam","Hai, Buka file Galeri_Pernikahan_0151.apk agar foto dan alamat gedung terlihat. Harap cek kembali.","Phishing/Link Berbahaya","paket_apk","synthetic_template_v1","true","false","PHI-7"
"spam","Kepada Yth. Bapak/Ibu, Aku bekerja di luar negeri dan akan pulang menemuimu. Bayarkan bea paket hadiah dulu. Terima kasih atas waktunya.","Penipuan Romansa","pinjaman_pasangan","synthetic_template_v1","true","false","ROM-4"
"spam","Selamat pagi, Tugas online mudah menghasilkan komisi. Top up saldo agar tugas berikutnya terbuka. Terima kasih.","Penipuan Rekrutmen","tugas_like","synthetic_template_v1","true","false","REK-7"
"spam","Mohon perhatian, Penerimaan pegawai kilat. Rahasiakan proses dan lunasi biaya dokumen. Semoga membantu.","Penipuan Rekrutmen","hrd_palsu","synthetic_template_v1","true","false","REK-10"
"spam","Hai, Sayang, aku sedang darurat di luar kota. Tolong kirim uang Rp2.500.000 dalam 30 menit. Mohon diperhatikan.","Penipuan Romansa","pinjaman_pasangan","synthetic_template_v1","true","false","ROM-1"
"spam","Hai, Rekrutmen resmi tanpa wawancara, bayar pelatihan wajib sebesar Rp5.000.000. Terima kasih atas waktunya.","Penipuan Rekrutmen","tugas_like","synthetic_template_v1","true","false","REK-6"
"spam","Halo pelanggan, Lowongan staf administrasi bergaji tinggi. Kirim PIN dan data rekening untuk payroll. Harap cek kembali.","Penipuan Rekrutmen","tugas_like","synthetic_template_v1","true","false","REK-5"
"spam","Mohon perhatian, Paket investasi VIP tersisa satu slot. Kirim Rp150.000 untuk mengamankan posisi. Salam.","Penipuan Investasi","trading_palsu","synthetic_template_v1","true","false","INV-8"
"spam","Assalamualaikum, Lowongan staf administrasi bergaji tinggi. Kirim PIN dan data rekening untuk payroll. Demikian informasinya.","Penipuan Rekrutmen","tugas_like","synthetic_template_v1","true","false","REK-5"
"spam","Kepada Yth. Bapak/Ibu, Setelah semua obrolan kita, buktikan kepercayaanmu dengan membantu transfer Rp2.500.000. Semoga membantu.","Penipuan Romansa","pinjaman_pasangan","synthetic_template_v1","true","false","ROM-3"
"spam","Hai, Kami mengundang Anda ke pesta pernikahan. Buka Foto Undangan_0505.apk untuk info lengkapnya. Terima kasih atas waktunya.","Phishing/Link Berbahaya","undangan_apk","synthetic_template_v1","true","false","PHI-1"
"spam","Halo kak, Anda diterima tanpa tes. Transfer biaya seragam Rp5.000.000 sebelum pukul 18.00. Harap cek kembali.","Penipuan Rekrutmen","biaya_administrasi","synthetic_template_v1","true","false","REK-2"
"spam","Hai, Paket investasi VIP tersisa satu slot. Kirim Rp2.500.000 untuk mengamankan posisi. Terima kasih atas waktunya.","Penipuan Investasi","trading_palsu","synthetic_template_v1","true","false","INV-8"
"spam","Permisi, Rekrutmen resmi tanpa wawancara, bayar pelatihan wajib sebesar Rp150.000. Ditunggu konfirmasinya.","Penipuan Rekrutmen","tugas_like","synthetic_template_v1","true","false","REK-6"
"spam","Assalamualaikum, Jangan beri tahu keluargamu tentang hubungan kita. Aku butuh bantuan dana malam ini. Ditunggu konfirmasinya.","Penipuan Romansa","hadiah_tertahan","synthetic_template_v1","true","false","ROM-6"
"ham","Mohon perhatian, Jadwal konsultasi dipindah ke minggu depan pukul 19.00 melalui ruang kelas resmi. Terima kasih.","Aman","undangan_aman","synthetic_template_v1","true","false","AMN-5"
"spam","Info untuk Anda, Paket investasi VIP tersisa satu slot. Kirim Rp2.500.000 untuk mengamankan posisi. Harap cek kembali.","Penipuan Investasi","trading_palsu","synthetic_template_v1","true","false","INV-8"
"spam","Selamat sore, Gabung grup trading kami, modal Rp2.500.000 dijamin berlipat dalam 10 hari. Mohon diperhatikan.","Penipuan Investasi","profit_pasti","synthetic_template_v1","true","false","INV-2"
"spam","Permisi, Posisi terbatas, amankan kursi kerja dengan transfer Rp2.500.000. Ditunggu konfirmasinya.","Penipuan Rekrutmen","hrd_palsu","synthetic_template_v1","true","false","REK-9"
"spam","Assalamualaikum, Kami mengundang Anda ke pesta pernikahan. Buka Foto Undangan_0332.apk untuk info lengkapnya. Semoga membantu.","Phishing/Link Berbahaya","undangan_apk","synthetic_template_v1","true","false","PHI-1"
"spam","Permisi, Cintaku, rekeningku diblokir. Pinjamkan Rp1.250.000, nanti langsung kuganti. Salam.","Penipuan Romansa","hadiah_tertahan","synthetic_template_v1","true","false","ROM-5"
"spam","Info untuk Anda, Lowongan staf administrasi bergaji tinggi. Kirim PIN dan data rekening untuk payroll. Terima kasih atas waktunya.","Penipuan Rekrutmen","tugas_like","synthetic_template_v1","true","false","REK-5"
"ham","jadi ketemu jam tiga?","Aman","contemporary_hard_case","synthetic_contemporary_v2","true","false","AMN-H6"
"spam","Assalamualaikum, Pihak berwenang mengancam denda bila data pribadi tidak dikirim sekarang. Terima kasih atas waktunya.","Social Engineering","ancaman_akun","synthetic_template_v1","true","false","SOC-10"
"spam","Assalamualaikum, Bukti profit sudah banyak. Transfer dana awal agar akun investasi diaktifkan. Salam.","Penipuan Investasi","deposit_awal","synthetic_template_v1","true","false","INV-10"
"spam","Kepada Yth. Bapak/Ibu, HRD meminta pembayaran medical check-up ke rekening pribadi hari ini. Harap cek kembali.","Penipuan Rekrutmen","tugas_like","synthetic_template_v1","true","false","REK-8"
"spam","Selamat pagi, Kerja paruh waktu dari rumah, tugas memberi like dengan deposit awal Rp150.000. Semoga membantu.","Penipuan Rekrutmen","biaya_administrasi","synthetic_template_v1","true","false","REK-3"
"spam","Kepada Yth. Bapak/Ibu, Perbarui data akun melalui halaman login https://akun-aman-0326.invalid sebelum pukul 18.00. Semoga membantu.","Phishing/Link Berbahaya","tautan_login_palsu","synthetic_template_v1","true","false","PHI-10"
"spam","Hai, Penerimaan pegawai kilat. Rahasiakan proses dan lunasi biaya dokumen. Harap cek kembali.","Penipuan Rekrutmen","hrd_palsu","synthetic_template_v1","true","false","REK-10"
"ham","Hai, Terima kasih sudah hadir di acara keluarga kemarin, foto ada di album bersama. Mohon diperhatikan.","Aman","undangan_aman","synthetic_template_v1","true","false","AMN-7"
"spam","Kepada Yth. Bapak/Ibu, Investasi eksklusif menjanjikan profit 30% tanpa risiko. Deposit mulai Rp1.250.000. Ditunggu konfirmasinya.","Penipuan Investasi","profit_pasti","synthetic_template_v1","true","false","INV-1"
"spam","Halo pelanggan, Posisi terbatas, amankan kursi kerja dengan transfer Rp1.250.000. Ditunggu konfirmasinya.","Penipuan Rekrutmen","hrd_palsu","synthetic_template_v1","true","false","REK-9"
"ham","Selamat pagi, Terima kasih sudah hadir di acara keluarga kemarin, foto ada di album bersama. Mohon diperhatikan.","Aman","undangan_aman","synthetic_template_v1","true","false","AMN-7"
"spam","Halo pelanggan, Tagihan belum dibayar. Klik tautan [tautan-palsu-0490] untuk menghindari denda. Harap cek kembali.","Phishing/Link Berbahaya","paket_apk","synthetic_template_v1","true","false","PHI-6"
"ham","Halo pelanggan, Jadwal konsultasi dipindah ke Sabtu pukul 15.30 melalui ruang kelas resmi. Harap cek kembali.","Aman","undangan_aman","synthetic_template_v1","true","false","AMN-5"
"spam","Selamat pagi, Kesempatan cuan pasti 20% per minggu, transfer modal sekarang. Semoga membantu.","Penipuan Investasi","profit_pasti","synthetic_template_v1","true","false","INV-3"
"spam","Permisi, Aku kehilangan dompet saat perjalanan menemuimu. Tolong transfer Rp150.000. Salam.","Penipuan Romansa","darurat_palsu","synthetic_template_v1","true","false","ROM-9"
"spam","Mohon perhatian, Akun bank akan dinonaktifkan. Verifikasi melalui https://bank-verifikasi-0394.invalid. Demikian informasinya.","Phishing/Link Berbahaya","paket_apk","synthetic_template_v1","true","false","PHI-5"
"spam","Hai, Kesempatan cuan pasti 40% per minggu, transfer modal sekarang. Harap cek kembali.","Penipuan Investasi","profit_pasti","synthetic_template_v1","true","false","INV-3"
"spam","Mohon perhatian, Detail waktu dan lokasi pernikahan ada di Undangan Pernikahan 0345.apk, silakan buka sebelum batas waktu. Salam.","Phishing/Link Berbahaya","undangan_apk","synthetic_template_v1","true","false","PHI-3"
"spam","Permisi, Customer service meminta foto kartu dan kode rahasia untuk membuka blokir. Ditunggu konfirmasinya.","Social Engineering","ancaman_akun","synthetic_template_v1","true","false","SOC-9"
"ham","Halo kak, Paket sudah diterima oleh satpam. Silakan diambil tanpa biaya tambahan. Ditunggu konfirmasinya.","Aman","undangan_aman","synthetic_template_v1","true","false","AMN-6"
"spam","Assalamualaikum, Admin layanan membutuhkan PIN Anda untuk membatalkan transaksi Rp500.000. Demikian informasinya.","Social Engineering","permintaan_otp","synthetic_template_v1","true","false","SOC-2"
"spam","Permisi, Pihak berwenang mengancam denda bila data pribadi tidak dikirim dalam 30 menit. Semoga membantu.","Social Engineering","ancaman_akun","synthetic_template_v1","true","false","SOC-10"
"spam","Permisi, HRD meminta pembayaran medical check-up ke rekening pribadi sebelum pukul 18.00. Terima kasih.","Penipuan Rekrutmen","tugas_like","synthetic_template_v1","true","false","REK-8"
"spam","Info untuk Anda, Jangan beri tahu keluargamu tentang hubungan kita. Aku butuh bantuan dana malam ini. Terima kasih.","Penipuan Romansa","hadiah_tertahan","synthetic_template_v1","true","false","ROM-6"
"spam","Halo kak, Petugas pajak meminta data rekening dan PIN untuk pengembalian dana. Salam.","Social Engineering","penyamaran_petugas","synthetic_template_v1","true","false","SOC-7"
"spam","Halo pelanggan, Admin layanan membutuhkan PIN Anda untuk membatalkan transaksi Rp500.000. Terima kasih.","Social Engineering","permintaan_otp","synthetic_template_v1","true","false","SOC-2"
"spam","Permisi, Aku ingin membangun masa depan bersama, kirim modal kecil untuk usaha kita. Salam.","Penipuan Romansa","hadiah_tertahan","synthetic_template_v1","true","false","ROM-7"
"spam","Halo pelanggan, Hadiah pernikahan untukmu tertahan di bea cukai. Bayar tagihannya agar dikirim. Terima kasih.","Penipuan Romansa","hadiah_tertahan","synthetic_template_v1","true","false","ROM-8"
"spam","Halo kak, Pihak berwenang mengancam denda bila data pribadi tidak dikirim hari ini. Terima kasih atas waktunya.","Social Engineering","ancaman_akun","synthetic_template_v1","true","false","SOC-10"
"ham","Kepada Yth. Bapak/Ibu, Jadwal konsultasi dipindah ke Sabtu pukul 09.30 melalui ruang kelas resmi. Ditunggu konfirmasinya.","Aman","undangan_aman","synthetic_template_v1","true","false","AMN-5"
"spam","Info untuk Anda, Saya keluarga Anda memakai nomor baru. Tolong transfer Rp1.250.000 karena sedang darurat. Mohon diperhatikan.","Social Engineering","penyamaran_petugas","synthetic_template_v1","true","false","SOC-8"
"spam","Kepada Yth. Bapak/Ibu, Bukti profit sudah banyak. Transfer dana awal agar akun investasi diaktifkan. Demikian informasinya.","Penipuan Investasi","deposit_awal","synthetic_template_v1","true","false","INV-10"
"spam","Assalamualaikum, Aku bekerja di luar negeri dan akan pulang menemuimu. Bayarkan bea paket hadiah dulu. Ditunggu konfirmasinya.","Penipuan Romansa","pinjaman_pasangan","synthetic_template_v1","true","false","ROM-4"
"spam","Kepada Yth. Bapak/Ibu, Penerimaan pegawai kilat. Rahasiakan proses dan lunasi biaya dokumen. Harap cek kembali.","Penipuan Rekrutmen","hrd_palsu","synthetic_template_v1","true","false","REK-10"
"spam","Permisi, Kerja paruh waktu dari rumah, tugas memberi like dengan deposit awal Rp1.250.000. Demikian informasinya.","Penipuan Rekrutmen","biaya_administrasi","synthetic_template_v1","true","false","REK-3"
"spam","Info untuk Anda, Sayang, aku sedang darurat di luar kota. Tolong kirim uang Rp2.500.000 hari ini. Terima kasih.","Penipuan Romansa","pinjaman_pasangan","synthetic_template_v1","true","false","ROM-1"
"ham","Mohon perhatian, Undangan rapat RT terlampir sebagai dokumen PDF dari pengurus yang kamu kenal. Salam.","Aman","informasi_resmi","synthetic_template_v1","true","false","AMN-10"
"spam","Halo kak, Hadiah pelanggan menunggu. Pasang Bonus_Resmi_0207.apk untuk klaim. Demikian informasinya.","Phishing/Link Berbahaya","paket_apk","synthetic_template_v1","true","false","PHI-8"
"spam","Hai, Bisnis passive income tanpa kerja, modal kembali dalam 3 hari. Harap cek kembali.","Penipuan Investasi","deposit_awal","synthetic_template_v1","true","false","INV-9"
"spam","Hai, Investasi eksklusif menjanjikan profit 50% tanpa risiko. Deposit mulai Rp500.000. Terima kasih.","Penipuan Investasi","profit_pasti","synthetic_template_v1","true","false","INV-1"
"spam","Selamat sore, Kami mengundang Anda ke pesta pernikahan. Buka Foto Undangan_0119.apk untuk info lengkapnya. Mohon diperhatikan.","Phishing/Link Berbahaya","undangan_apk","synthetic_template_v1","true","false","PHI-1"
"ham","Assalamualaikum, Jadwal konsultasi dipindah ke Senin pukul 13.00 melalui ruang kelas resmi. Semoga membantu.","Aman","undangan_aman","synthetic_template_v1","true","false","AMN-5"
"ham","Permisi, Tolong beli makan siang saat pulang dari kampus, nanti saya ganti. Demikian informasinya.","Aman","percakapan_harian","synthetic_template_v1","true","false","AMN-4"
"spam","Halo kak, Kami mengundang Anda ke pesta pernikahan. Buka Foto Undangan_0468.apk untuk info lengkapnya. Demikian informasinya.","Phishing/Link Berbahaya","undangan_apk","synthetic_template_v1","true","false","PHI-1"
"spam","Hai, Saya petugas bank. Sebutkan OTP yang baru masuk agar rekening tidak diblokir sebelum batas waktu. Semoga membantu.","Social Engineering","permintaan_otp","synthetic_template_v1","true","false","SOC-1"
"ham","Halo pelanggan, Besok rapat kelompok dimulai pukul 15.30 di ruang B3. Demikian informasinya.","Aman","percakapan_harian","synthetic_template_v1","true","false","AMN-1"
"spam","Selamat pagi, Tagihan belum dibayar. Klik tautan [tautan-palsu-0097] untuk menghindari denda. Mohon diperhatikan.","Phishing/Link Berbahaya","paket_apk","synthetic_template_v1","true","false","PHI-6"
"spam","Halo kak, Tagihan belum dibayar. Klik tautan [tautan-palsu-0080] untuk menghindari denda. Demikian informasinya.","Phishing/Link Berbahaya","paket_apk","synthetic_template_v1","true","false","PHI-6"
"spam","Selamat sore, Posisi terbatas, amankan kursi kerja dengan transfer Rp150.000. Semoga membantu.","Penipuan Rekrutmen","hrd_palsu","synthetic_template_v1","true","false","REK-9"
"spam","Hai, Kesempatan cuan pasti 50% per minggu, transfer modal sekarang. Ditunggu konfirmasinya.","Penipuan Investasi","profit_pasti","synthetic_template_v1","true","false","INV-3"
"spam","Mohon perhatian, HRD membuka lowongan kerja. Bayar biaya administrasi Rp5.000.000 sebelum interview. Demikian informasinya.","Penipuan Rekrutmen","biaya_administrasi","synthetic_template_v1","true","false","REK-1"
"spam","Halo pelanggan, HRD meminta pembayaran medical check-up ke rekening pribadi dalam 30 menit. Salam.","Penipuan Rekrutmen","tugas_like","synthetic_template_v1","true","false","REK-8"
"spam","Permisi, Bisnis passive income tanpa kerja, modal kembali dalam 3 hari. Ditunggu konfirmasinya.","Penipuan Investasi","deposit_awal","synthetic_template_v1","true","false","INV-9"
"spam","Info untuk Anda, Saya petugas bank. Sebutkan OTP yang baru masuk agar rekening tidak diblokir malam ini. Demikian informasinya.","Social Engineering","permintaan_otp","synthetic_template_v1","true","false","SOC-1"
"spam","Selamat pagi, Anda diterima tanpa tes. Transfer biaya seragam Rp5.000.000 dalam 30 menit. Ditunggu konfirmasinya.","Penipuan Rekrutmen","biaya_administrasi","synthetic_template_v1","true","false","REK-2"
"spam","Halo pelanggan, Kesempatan cuan pasti 40% per minggu, transfer modal hari ini. Mohon diperhatikan.","Penipuan Investasi","profit_pasti","synthetic_template_v1","true","false","INV-3"
"spam","Halo pelanggan, Gabung grup trading kami, modal Rp1.250.000 dijamin berlipat dalam 5 hari. Salam.","Penipuan Investasi","profit_pasti","synthetic_template_v1","true","false","INV-2"
"spam","Permisi, Proyek kripto rahasia akan naik 40%. Jangan lewatkan penawaran dalam 30 menit. Mohon diperhatikan.","Penipuan Investasi","trading_palsu","synthetic_template_v1","true","false","INV-5"
"spam","Halo pelanggan, Hadiah pernikahan untukmu tertahan di bea cukai. Bayar tagihannya agar dikirim. Mohon diperhatikan.","Penipuan Romansa","hadiah_tertahan","synthetic_template_v1","true","false","ROM-8"
"spam","Halo kak, Anda diterima tanpa tes. Transfer biaya seragam Rp2.500.000 sebelum pukul 18.00. Demikian informasinya.","Penipuan Rekrutmen","biaya_administrasi","synthetic_template_v1","true","false","REK-2"
"spam","Info untuk Anda, Kesempatan cuan pasti 50% per minggu, transfer modal malam ini. Semoga membantu.","Penipuan Investasi","profit_pasti","synthetic_template_v1","true","false","INV-3"
"spam","Hai, Rekrutmen resmi tanpa wawancara, bayar pelatihan wajib sebesar Rp350.000. Semoga membantu.","Penipuan Rekrutmen","tugas_like","synthetic_template_v1","true","false","REK-6"
"spam","Halo kak, Dana Anda akan dikelola profesional dengan hasil pasti 30% per bulan. Salam.","Penipuan Investasi","trading_palsu","synthetic_template_v1","true","false","INV-7"
"spam","Selamat pagi, Aku kehilangan dompet saat perjalanan menemuimu. Tolong transfer Rp2.500.000. Mohon diperhatikan.","Penipuan Romansa","darurat_palsu","synthetic_template_v1","true","false","ROM-9"
"spam","Halo pelanggan, Investasi kebun digital memberi bonus anggota dan keuntungan tanpa rugi. Semoga membantu.","Penipuan Investasi","trading_palsu","synthetic_template_v1","true","false","INV-6"
"spam","Info untuk Anda, Cintaku, rekeningku diblokir. Pinjamkan Rp150.000, nanti langsung kuganti. Mohon diperhatikan.","Penipuan Romansa","hadiah_tertahan","synthetic_template_v1","true","false","ROM-5"
"ham","Mohon perhatian, Jadwal konsultasi dipindah ke minggu depan pukul 15.30 melalui ruang kelas resmi. Semoga membantu.","Aman","undangan_aman","synthetic_template_v1","true","false","AMN-5"
"spam","Selamat sore, Nomor Anda bermasalah. Kirim kode verifikasi kepada petugas ini sekarang. Terima kasih.","Social Engineering","permintaan_otp","synthetic_template_v1","true","false","SOC-3"
"ham","Hai, Jadwal konsultasi dipindah ke minggu depan pukul 09.30 melalui ruang kelas resmi. Terima kasih.","Aman","undangan_aman","synthetic_template_v1","true","false","AMN-5"
"ham","Selamat sore, Pengumuman kampus dapat dilihat melalui portal akademik resmi. Demikian informasinya.","Aman","undangan_aman","synthetic_template_v1","true","false","AMN-8"
"spam","Selamat pagi, Investasi kebun digital memberi bonus anggota dan keuntungan tanpa rugi. Ditunggu konfirmasinya.","Penipuan Investasi","trading_palsu","synthetic_template_v1","true","false","INV-6"
"spam","Kepada Yth. Bapak/Ibu, Atasan meminta transfer darurat Rp500.000; jangan hubungi siapa pun dulu. Terima kasih atas waktunya.","Social Engineering","penyamaran_petugas","synthetic_template_v1","true","false","SOC-5"
"spam","Info untuk Anda, Kami lampirkan Undangan_Digital_Pernikahan_0451.apk. Mohon diunduh untuk melihat peta lokasi. Salam.","Phishing/Link Berbahaya","undangan_apk","synthetic_template_v1","true","false","PHI-2"
"spam","Halo kak, Aku kehilangan dompet saat perjalanan menemuimu. Tolong transfer Rp1.250.000. Ditunggu konfirmasinya.","Penipuan Romansa","darurat_palsu","synthetic_template_v1","true","false","ROM-9"
"spam","Halo kak, Investasi kebun digital memberi bonus anggota dan keuntungan tanpa rugi. Demikian informasinya.","Penipuan Investasi","trading_palsu","synthetic_template_v1","true","false","INV-6"
"spam","Permisi, Aku serius ingin menikah denganmu, tetapi paket hadiahku tertahan dan perlu biaya Rp1.250.000. Ditunggu konfirmasinya.","Penipuan Romansa","pinjaman_pasangan","synthetic_template_v1","true","false","ROM-2"
"spam","Selamat sore, Tugas online mudah menghasilkan komisi. Top up saldo agar tugas berikutnya terbuka. Mohon diperhatikan.","Penipuan Rekrutmen","tugas_like","synthetic_template_v1","true","false","REK-7"
"spam","Hai, Setelah semua obrolan kita, buktikan kepercayaanmu dengan membantu transfer Rp150.000. Terima kasih atas waktunya.","Penipuan Romansa","pinjaman_pasangan","synthetic_template_v1","true","false","ROM-3"
"spam","Kepada Yth. Bapak/Ibu, Akun akan dinonaktifkan bila Anda tidak membalas dengan OTP sebelum batas waktu. Salam.","Social Engineering","penyamaran_petugas","synthetic_template_v1","true","false","SOC-6"
"spam","Permisi, Robot trading legal menjamin return tetap. Buka akun dengan setoran Rp2.500.000. Mohon diperhatikan.","Penipuan Investasi","profit_pasti","synthetic_template_v1","true","false","INV-4"
"ham","Assalamualaikum, Undangan rapat RT terlampir sebagai dokumen PDF dari pengurus yang kamu kenal. Terima kasih atas waktunya.","Aman","informasi_resmi","synthetic_template_v1","true","false","AMN-10"
"ham","Permisi, Undangan rapat RT terlampir sebagai dokumen PDF dari pengurus yang kamu kenal. Terima kasih atas waktunya.","Aman","informasi_resmi","synthetic_template_v1","true","false","AMN-10"
"spam","Halo pelanggan, Jangan beri tahu keluargamu tentang hubungan kita. Aku butuh bantuan dana hari ini. Harap cek kembali.","Penipuan Romansa","hadiah_tertahan","synthetic_template_v1","true","false","ROM-6"
"spam","Permisi, Paket investasi VIP tersisa satu slot. Kirim Rp1.250.000 untuk mengamankan posisi. Ditunggu konfirmasinya.","Penipuan Investasi","trading_palsu","synthetic_template_v1","true","false","INV-8"
"spam","Permisi, Anda diterima tanpa tes. Transfer biaya seragam Rp5.000.000 sekarang. Harap cek kembali.","Penipuan Rekrutmen","biaya_administrasi","synthetic_template_v1","true","false","REK-2"
"spam","Info untuk Anda, Perbarui data akun melalui halaman login https://akun-aman-0035.invalid sebelum pukul 18.00. Salam.","Phishing/Link Berbahaya","tautan_login_palsu","synthetic_template_v1","true","false","PHI-10"
"ham","Assalamualaikum, Undangan rapat RT terlampir sebagai dokumen PDF dari pengurus yang kamu kenal. Demikian informasinya.","Aman","informasi_resmi","synthetic_template_v1","true","false","AMN-10"
"spam","Kepada Yth. Bapak/Ibu, Aku serius ingin menikah denganmu, tetapi paket hadiahku tertahan dan perlu biaya Rp150.000. Mohon diperhatikan.","Penipuan Romansa","pinjaman_pasangan","synthetic_template_v1","true","false","ROM-2"
"spam","Mohon perhatian, Aku serius ingin menikah denganmu, tetapi paket hadiahku tertahan dan perlu biaya Rp5.000.000. Demikian informasinya.","Penipuan Romansa","pinjaman_pasangan","synthetic_template_v1","true","false","ROM-2"
"spam","Assalamualaikum, Kerja paruh waktu dari rumah, tugas memberi like dengan deposit awal Rp1.250.000. Demikian informasinya.","Penipuan Rekrutmen","biaya_administrasi","synthetic_template_v1","true","false","REK-3"
"spam","Hai, Undangan resmi elektronik tersedia melalui link http://undangan-0529.invalid. Salam.","Phishing/Link Berbahaya","tautan_login_palsu","synthetic_template_v1","true","false","PHI-9"
"ham","Selamat sore, Paket sudah diterima oleh satpam. Silakan diambil tanpa biaya tambahan. Terima kasih.","Aman","undangan_aman","synthetic_template_v1","true","false","AMN-6"
"spam","Assalamualaikum, Lowongan staf administrasi bergaji tinggi. Kirim PIN dan data rekening untuk payroll. Salam.","Penipuan Rekrutmen","tugas_like","synthetic_template_v1","true","false","REK-5"
"ham","Permisi, Pengumuman kampus dapat dilihat melalui portal akademik resmi. Demikian informasinya.","Aman","undangan_aman","synthetic_template_v1","true","false","AMN-8"
"spam","Assalamualaikum, HRD meminta pembayaran medical check-up ke rekening pribadi sekarang. Terima kasih.","Penipuan Rekrutmen","tugas_like","synthetic_template_v1","true","false","REK-8"
"spam","Selamat sore, Undangan interview dari perusahaan besar, beli tiket melalui agen yang kami tunjuk. Terima kasih atas waktunya.","Penipuan Rekrutmen","biaya_administrasi","synthetic_template_v1","true","false","REK-4"
"spam","Assalamualaikum, Investasi kebun digital memberi bonus anggota dan keuntungan tanpa rugi. Demikian informasinya.","Penipuan Investasi","trading_palsu","synthetic_template_v1","true","false","INV-6"
"spam","Permisi, Gabung grup trading kami, modal Rp1.250.000 dijamin berlipat dalam 7 hari. Terima kasih.","Penipuan Investasi","profit_pasti","synthetic_template_v1","true","false","INV-2"
"spam","Permisi, Posisi terbatas, amankan kursi kerja dengan transfer Rp5.000.000. Mohon diperhatikan.","Penipuan Rekrutmen","hrd_palsu","synthetic_template_v1","true","false","REK-9"
"ham","Permisi, Pengumuman kampus dapat dilihat melalui portal akademik resmi. Terima kasih.","Aman","undangan_aman","synthetic_template_v1","true","false","AMN-8"
"ham","Halo kak, Tolong beli makan siang saat pulang dari kampus, nanti saya ganti. Semoga membantu.","Aman","percakapan_harian","synthetic_template_v1","true","false","AMN-4"
"ham","Permisi, Aku sudah sampai rumah. Kabari kalau kamu juga sudah sampai dengan aman. Salam.","Aman","informasi_resmi","synthetic_template_v1","true","false","AMN-9"
"spam","Permisi, Bukti profit sudah banyak. Transfer dana awal agar akun investasi diaktifkan. Demikian informasinya.","Penipuan Investasi","deposit_awal","synthetic_template_v1","true","false","INV-10"
"spam","Selamat pagi, Admin layanan membutuhkan PIN Anda untuk membatalkan transaksi Rp2.500.000. Mohon diperhatikan.","Social Engineering","permintaan_otp","synthetic_template_v1","true","false","SOC-2"
"spam","Mohon perhatian, Tugas online mudah menghasilkan komisi. Top up saldo agar tugas berikutnya terbuka. Semoga membantu.","Penipuan Rekrutmen","tugas_like","synthetic_template_v1","true","false","REK-7"
"ham","Selamat pagi, Paket sudah diterima oleh satpam. Silakan diambil tanpa biaya tambahan. Terima kasih atas waktunya.","Aman","undangan_aman","synthetic_template_v1","true","false","AMN-6"
"spam","Invoice pajak terlampir sebagai Tagihan.apk.","Phishing/Link Berbahaya","contemporary_hard_case","synthetic_contemporary_v2","true","false","PHI-H10"
"spam","Assalamualaikum, Robot trading legal menjamin return tetap. Buka akun dengan setoran Rp350.000. Semoga membantu.","Penipuan Investasi","profit_pasti","synthetic_template_v1","true","false","INV-4"
"spam","Hai, Petugas pajak meminta data rekening dan PIN untuk pengembalian dana. Salam.","Social Engineering","penyamaran_petugas","synthetic_template_v1","true","false","SOC-7"
"ham","Selamat pagi, Kami mengundang Anda ke pernikahan keluarga kami pada Senin. Undangan berupa PDF, tidak perlu memasang aplikasi. Harap cek kembali.","Aman","percakapan_harian","synthetic_template_v1","true","false","AMN-2"
"ham","Permisi, Jadwal konsultasi dipindah ke Sabtu pukul 08.00 melalui ruang kelas resmi. Harap cek kembali.","Aman","undangan_aman","synthetic_template_v1","true","false","AMN-5"
"spam","Mohon perhatian, Undangan resmi elektronik tersedia melalui link http://undangan-0452.invalid. Terima kasih atas waktunya.","Phishing/Link Berbahaya","tautan_login_palsu","synthetic_template_v1","true","false","PHI-9"
"spam","Selamat sore, Pihak berwenang mengancam denda bila data pribadi tidak dikirim malam ini. Harap cek kembali.","Social Engineering","ancaman_akun","synthetic_template_v1","true","false","SOC-10"
"spam","Halo kak, Hadiah pelanggan menunggu. Pasang Bonus_Resmi_0285.apk untuk klaim. Mohon diperhatikan.","Phishing/Link Berbahaya","paket_apk","synthetic_template_v1","true","false","PHI-8"
"spam","Selamat sore, Kerja paruh waktu dari rumah, tugas memberi like dengan deposit awal Rp5.000.000. Semoga membantu.","Penipuan Rekrutmen","biaya_administrasi","synthetic_template_v1","true","false","REK-3"
"spam","Mohon perhatian, Anda diterima tanpa tes. Transfer biaya seragam Rp1.250.000 hari ini. Salam.","Penipuan Rekrutmen","biaya_administrasi","synthetic_template_v1","true","false","REK-2"
"spam","Selamat pagi, Proyek kripto rahasia akan naik 50%. Jangan lewatkan penawaran sekarang. Ditunggu konfirmasinya.","Penipuan Investasi","trading_palsu","synthetic_template_v1","true","false","INV-5"
"spam","Info untuk Anda, Saya dari kantor pusat, mohon konfirmasi password untuk pemeriksaan keamanan. Salam.","Social Engineering","permintaan_otp","synthetic_template_v1","true","false","SOC-4"
"spam","Selamat pagi, Investasi kebun digital memberi bonus anggota dan keuntungan tanpa rugi. Harap cek kembali.","Penipuan Investasi","trading_palsu","synthetic_template_v1","true","false","INV-6"
"spam","Halo kak, HRD membuka lowongan kerja. Bayar biaya administrasi Rp500.000 sebelum interview. Demikian informasinya.","Penipuan Rekrutmen","biaya_administrasi","synthetic_template_v1","true","false","REK-1"
"spam","Info untuk Anda, Akun bank akan dinonaktifkan. Verifikasi melalui https://bank-verifikasi-0231.invalid. Ditunggu konfirmasinya.","Phishing/Link Berbahaya","paket_apk","synthetic_template_v1","true","false","PHI-5"
"spam","Permisi, Perbarui data akun melalui halaman login https://akun-aman-0188.invalid sebelum pukul 18.00. Salam.","Phishing/Link Berbahaya","tautan_login_palsu","synthetic_template_v1","true","false","PHI-10"
"spam","Kepada Yth. Bapak/Ibu, Atasan meminta transfer darurat Rp2.500.000; jangan hubungi siapa pun dulu. Salam.","Social Engineering","penyamaran_petugas","synthetic_template_v1","true","false","SOC-5"
"spam","Assalamualaikum, Undangan interview dari perusahaan besar, beli tiket melalui agen yang kami tunjuk. Mohon diperhatikan.","Penipuan Rekrutmen","biaya_administrasi","synthetic_template_v1","true","false","REK-4"
"spam","Selamat pagi, Kesempatan cuan pasti 20% per minggu, transfer modal sekarang. Mohon diperhatikan.","Penipuan Investasi","profit_pasti","synthetic_template_v1","true","false","INV-3"
"spam","Hai, Cintaku, rekeningku diblokir. Pinjamkan Rp350.000, nanti langsung kuganti. Semoga membantu.","Penipuan Romansa","hadiah_tertahan","synthetic_template_v1","true","false","ROM-5"
"spam","Selamat pagi, Paket Anda tertahan. Download aplikasi Cek_Resi_0363.apk untuk memilih jadwal antar. Terima kasih atas waktunya.","Phishing/Link Berbahaya","undangan_apk","synthetic_template_v1","true","false","PHI-4"
"ham","Mohon perhatian, Kami mengundang Anda ke pernikahan keluarga kami pada Sabtu. Undangan berupa PDF, tidak perlu memasang aplikasi. Ditunggu konfirmasinya.","Aman","percakapan_harian","synthetic_template_v1","true","false","AMN-2"
"spam","Halo kak, Kami lampirkan Undangan_Digital_Pernikahan_0310.apk. Mohon diunduh untuk melihat peta lokasi. Terima kasih atas waktunya.","Phishing/Link Berbahaya","undangan_apk","synthetic_template_v1","true","false","PHI-2"
"spam","Halo kak, Sayang, aku sedang darurat di luar kota. Tolong kirim uang Rp150.000 dalam 30 menit. Terima kasih atas waktunya.","Penipuan Romansa","pinjaman_pasangan","synthetic_template_v1","true","false","ROM-1"
"spam","Halo kak, Saya petugas bank. Sebutkan OTP yang baru masuk agar rekening tidak diblokir sekarang. Demikian informasinya.","Social Engineering","permintaan_otp","synthetic_template_v1","true","false","SOC-1"
"spam","Selamat pagi, Kerja paruh waktu dari rumah, tugas memberi like dengan deposit awal Rp150.000. Harap cek kembali.","Penipuan Rekrutmen","biaya_administrasi","synthetic_template_v1","true","false","REK-3"
"spam","Kepada Yth. Bapak/Ibu, Aku bekerja di luar negeri dan akan pulang menemuimu. Bayarkan bea paket hadiah dulu. Demikian informasinya.","Penipuan Romansa","pinjaman_pasangan","synthetic_template_v1","true","false","ROM-4"
"spam","Halo kak, Robot trading legal menjamin return tetap. Buka akun dengan setoran Rp500.000. Demikian informasinya.","Penipuan Investasi","profit_pasti","synthetic_template_v1","true","false","INV-4"
"spam","Hai, Saya petugas bank. Sebutkan OTP yang baru masuk agar rekening tidak diblokir sekarang. Terima kasih.","Social Engineering","permintaan_otp","synthetic_template_v1","true","false","SOC-1"
"ham","Halo pelanggan, Jadwal konsultasi dipindah ke Sabtu pukul 09.30 melalui ruang kelas resmi. Demikian informasinya.","Aman","undangan_aman","synthetic_template_v1","true","false","AMN-5"
"spam","Permisi, Perbarui data akun melalui halaman login https://akun-aman-0261.invalid sebelum batas waktu. Ditunggu konfirmasinya.","Phishing/Link Berbahaya","tautan_login_palsu","synthetic_template_v1","true","false","PHI-10"
"spam","Permisi, Saya petugas bank. Sebutkan OTP yang baru masuk agar rekening tidak diblokir sebelum batas waktu. Demikian informasinya.","Social Engineering","permintaan_otp","synthetic_template_v1","true","false","SOC-1"
"spam","Hai, Aku serius ingin menikah denganmu, tetapi paket hadiahku tertahan dan perlu biaya Rp5.000.000. Mohon diperhatikan.","Penipuan Romansa","pinjaman_pasangan","synthetic_template_v1","true","false","ROM-2"
"spam","Info untuk Anda, Akun akan dinonaktifkan bila Anda tidak membalas dengan OTP sebelum batas waktu. Semoga membantu.","Social Engineering","penyamaran_petugas","synthetic_template_v1","true","false","SOC-6"
"spam","Kepada Yth. Bapak/Ibu, Customer service meminta foto kartu dan kode rahasia untuk membuka blokir. Ditunggu konfirmasinya.","Social Engineering","ancaman_akun","synthetic_template_v1","true","false","SOC-9"
"spam","Kepada Yth. Bapak/Ibu, Pihak berwenang mengancam denda bila data pribadi tidak dikirim sebelum batas waktu. Terima kasih.","Social Engineering","ancaman_akun","synthetic_template_v1","true","false","SOC-10"
"spam","Kepada Yth. Bapak/Ibu, Pihak berwenang mengancam denda bila data pribadi tidak dikirim sekarang. Mohon diperhatikan.","Social Engineering","ancaman_akun","synthetic_template_v1","true","false","SOC-10"
"spam","Hai, Aku kehilangan dompet saat perjalanan menemuimu. Tolong transfer Rp350.000. Terima kasih atas waktunya.","Penipuan Romansa","darurat_palsu","synthetic_template_v1","true","false","ROM-9"
"spam","Selamat pagi, Sayang, aku sedang darurat di luar kota. Tolong kirim uang Rp150.000 hari ini. Harap cek kembali.","Penipuan Romansa","pinjaman_pasangan","synthetic_template_v1","true","false","ROM-1"
"spam","Selamat sore, Gabung grup trading kami, modal Rp5.000.000 dijamin berlipat dalam 5 hari. Terima kasih atas waktunya.","Penipuan Investasi","profit_pasti","synthetic_template_v1","true","false","INV-2"
"spam","Mohon perhatian, Detail waktu dan lokasi pernikahan ada di Undangan Pernikahan 0555.apk, silakan buka sebelum batas waktu. Terima kasih.","Phishing/Link Berbahaya","undangan_apk","synthetic_template_v1","true","false","PHI-3"
"ham","Halo pelanggan, Kami mengundang Anda ke pernikahan keluarga kami pada minggu depan. Undangan berupa PDF, tidak perlu memasang aplikasi. Demikian informasinya.","Aman","percakapan_harian","synthetic_template_v1","true","false","AMN-2"
"spam","Kepada Yth. Bapak/Ibu, HRD meminta pembayaran medical check-up ke rekening pribadi sekarang. Demikian informasinya.","Penipuan Rekrutmen","tugas_like","synthetic_template_v1","true","false","REK-8"
"spam","Assalamualaikum, Cintaku, rekeningku diblokir. Pinjamkan Rp1.250.000, nanti langsung kuganti. Ditunggu konfirmasinya.","Penipuan Romansa","hadiah_tertahan","synthetic_template_v1","true","false","ROM-5"
"spam","Hai, Dana Anda akan dikelola profesional dengan hasil pasti 20% per bulan. Terima kasih atas waktunya.","Penipuan Investasi","trading_palsu","synthetic_template_v1","true","false","INV-7"
"spam","Selamat sore, Saya keluarga Anda memakai nomor baru. Tolong transfer Rp150.000 karena sedang darurat. Ditunggu konfirmasinya.","Social Engineering","penyamaran_petugas","synthetic_template_v1","true","false","SOC-8"
"spam","Halo pelanggan, Cintaku, rekeningku diblokir. Pinjamkan Rp1.250.000, nanti langsung kuganti. Terima kasih atas waktunya.","Penipuan Romansa","hadiah_tertahan","synthetic_template_v1","true","false","ROM-5"
"spam","Selamat sore, Akun akan dinonaktifkan bila Anda tidak membalas dengan OTP hari ini. Harap cek kembali.","Social Engineering","penyamaran_petugas","synthetic_template_v1","true","false","SOC-6"
"ham","Selamat pagi, Undangan rapat RT terlampir sebagai dokumen PDF dari pengurus yang kamu kenal. Ditunggu konfirmasinya.","Aman","informasi_resmi","synthetic_template_v1","true","false","AMN-10"
"spam","Mohon perhatian, Setelah semua obrolan kita, buktikan kepercayaanmu dengan membantu transfer Rp150.000. Terima kasih.","Penipuan Romansa","pinjaman_pasangan","synthetic_template_v1","true","false","ROM-3"
"spam","Mohon perhatian, Saya dari kantor pusat, mohon konfirmasi password untuk pemeriksaan keamanan. Mohon diperhatikan.","Social Engineering","permintaan_otp","synthetic_template_v1","true","false","SOC-4"
"ham","Kepada Yth. Bapak/Ibu, Pengumuman kampus dapat dilihat melalui portal akademik resmi. Salam.","Aman","undangan_aman","synthetic_template_v1","true","false","AMN-8"
"spam","Mohon perhatian, Hadiah pelanggan menunggu. Pasang Bonus_Resmi_0475.apk untuk klaim. Semoga membantu.","Phishing/Link Berbahaya","paket_apk","synthetic_template_v1","true","false","PHI-8"
"ham","Halo pelanggan, Jadwal konsultasi dipindah ke Senin pukul 08.00 melalui ruang kelas resmi. Mohon diperhatikan.","Aman","undangan_aman","synthetic_template_v1","true","false","AMN-5"
"spam","Hai, Hadiah pelanggan menunggu. Pasang Bonus_Resmi_0189.apk untuk klaim. Harap cek kembali.","Phishing/Link Berbahaya","paket_apk","synthetic_template_v1","true","false","PHI-8"
"ham","Permisi, Kami mengundang Anda ke pernikahan keluarga kami pada Senin. Undangan berupa PDF, tidak perlu memasang aplikasi. Semoga membantu.","Aman","percakapan_harian","synthetic_template_v1","true","false","AMN-2"
"ham","Assalamualaikum, Kami mengundang Anda ke pernikahan keluarga kami pada Sabtu. Undangan berupa PDF, tidak perlu memasang aplikasi. Harap cek kembali.","Aman","percakapan_harian","synthetic_template_v1","true","false","AMN-2"
"spam","Kepada Yth. Bapak/Ibu, Hadiah pelanggan menunggu. Pasang Bonus_Resmi_0406.apk untuk klaim. Terima kasih.","Phishing/Link Berbahaya","paket_apk","synthetic_template_v1","true","false","PHI-8"
"spam","Info untuk Anda, Investasi kebun digital memberi bonus anggota dan keuntungan tanpa rugi. Demikian informasinya.","Penipuan Investasi","trading_palsu","synthetic_template_v1","true","false","INV-6"
"spam","Mohon perhatian, Hadiah pelanggan menunggu. Pasang Bonus_Resmi_0251.apk untuk klaim. Semoga membantu.","Phishing/Link Berbahaya","paket_apk","synthetic_template_v1","true","false","PHI-8"
"ham","Mohon perhatian, Terima kasih sudah hadir di acara keluarga kemarin, foto ada di album bersama. Semoga membantu.","Aman","undangan_aman","synthetic_template_v1","true","false","AMN-7"
"spam","Selamat sore, Aku serius ingin menikah denganmu, tetapi paket hadiahku tertahan dan perlu biaya Rp500.000. Terima kasih.","Penipuan Romansa","pinjaman_pasangan","synthetic_template_v1","true","false","ROM-2"
"spam","Assalamualaikum, Bukti profit sudah banyak. Transfer dana awal agar akun investasi diaktifkan. Terima kasih.","Penipuan Investasi","deposit_awal","synthetic_template_v1","true","false","INV-10"
"spam","Assalamualaikum, Akun bank akan dinonaktifkan. Verifikasi melalui https://bank-verifikasi-0217.invalid. Harap cek kembali.","Phishing/Link Berbahaya","paket_apk","synthetic_template_v1","true","false","PHI-5"
"spam","Info untuk Anda, Investasi kebun digital memberi bonus anggota dan keuntungan tanpa rugi. Semoga membantu.","Penipuan Investasi","trading_palsu","synthetic_template_v1","true","false","INV-6"
"ham","Permisi, Jadwal konsultasi dipindah ke Sabtu pukul 09.30 melalui ruang kelas resmi. Terima kasih atas waktunya.","Aman","undangan_aman","synthetic_template_v1","true","false","AMN-5"
"spam","Selamat sore, Anda diterima tanpa tes. Transfer biaya seragam Rp2.500.000 sekarang. Semoga membantu.","Penipuan Rekrutmen","biaya_administrasi","synthetic_template_v1","true","false","REK-2"
"spam","Halo kak, Petugas pajak meminta data rekening dan PIN untuk pengembalian dana. Terima kasih.","Social Engineering","penyamaran_petugas","synthetic_template_v1","true","false","SOC-7"
"spam","Assalamualaikum, Admin layanan membutuhkan PIN Anda untuk membatalkan transaksi Rp1.250.000. Demikian informasinya.","Social Engineering","permintaan_otp","synthetic_template_v1","true","false","SOC-2"
"spam","Kepada Yth. Bapak/Ibu, Tugas online mudah menghasilkan komisi. Top up saldo agar tugas berikutnya terbuka. Mohon diperhatikan.","Penipuan Rekrutmen","tugas_like","synthetic_template_v1","true","false","REK-7"
"spam","Selamat pagi, HRD meminta pembayaran medical check-up ke rekening pribadi dalam 30 menit. Terima kasih atas waktunya.","Penipuan Rekrutmen","tugas_like","synthetic_template_v1","true","false","REK-8"
"ham","Assalamualaikum, Pengumuman kampus dapat dilihat melalui portal akademik resmi. Mohon diperhatikan.","Aman","undangan_aman","synthetic_template_v1","true","false","AMN-8"
"spam","Halo kak, Dana Anda akan dikelola profesional dengan hasil pasti 30% per bulan. Terima kasih.","Penipuan Investasi","trading_palsu","synthetic_template_v1","true","false","INV-7"
"ham","Mohon perhatian, Aku sudah sampai rumah. Kabari kalau kamu juga sudah sampai dengan aman. Semoga membantu.","Aman","informasi_resmi","synthetic_template_v1","true","false","AMN-9"
"spam","Mohon perhatian, Aku kehilangan dompet saat perjalanan menemuimu. Tolong transfer Rp5.000.000. Terima kasih.","Penipuan Romansa","darurat_palsu","synthetic_template_v1","true","false","ROM-9"
"spam","Selamat pagi, Saya petugas bank. Sebutkan OTP yang baru masuk agar rekening tidak diblokir hari ini. Semoga membantu.","Social Engineering","permintaan_otp","synthetic_template_v1","true","false","SOC-1"
"spam","Hai, Paket investasi VIP tersisa satu slot. Kirim Rp500.000 untuk mengamankan posisi. Harap cek kembali.","Penipuan Investasi","trading_palsu","synthetic_template_v1","true","false","INV-8"
"ham","Mohon perhatian, Undangan rapat RT terlampir sebagai dokumen PDF dari pengurus yang kamu kenal. Terima kasih.","Aman","informasi_resmi","synthetic_template_v1","true","false","AMN-10"
"spam","Permisi, Paket investasi VIP tersisa satu slot. Kirim Rp500.000 untuk mengamankan posisi. Semoga membantu.","Penipuan Investasi","trading_palsu","synthetic_template_v1","true","false","INV-8"
"spam","Permisi, Aku kehilangan dompet saat perjalanan menemuimu. Tolong transfer Rp5.000.000. Salam.","Penipuan Romansa","darurat_palsu","synthetic_template_v1","true","false","ROM-9"
"spam","Info untuk Anda, Proyek kripto rahasia akan naik 50%. Jangan lewatkan penawaran dalam 30 menit. Mohon diperhatikan.","Penipuan Investasi","trading_palsu","synthetic_template_v1","true","false","INV-5"
"spam","Info untuk Anda, Nomor Anda bermasalah. Kirim kode verifikasi kepada petugas ini sebelum batas waktu. Demikian informasinya.","Social Engineering","permintaan_otp","synthetic_template_v1","true","false","SOC-3"
"spam","Halo pelanggan, Akun akan dinonaktifkan bila Anda tidak membalas dengan OTP dalam 30 menit. Ditunggu konfirmasinya.","Social Engineering","penyamaran_petugas","synthetic_template_v1","true","false","SOC-6"
"spam","Selamat sore, Jangan beri tahu keluargamu tentang hubungan kita. Aku butuh bantuan dana dalam 30 menit. Harap cek kembali.","Penipuan Romansa","hadiah_tertahan","synthetic_template_v1","true","false","ROM-6"
"spam","Mohon perhatian, Penerimaan pegawai kilat. Rahasiakan proses dan lunasi biaya dokumen. Harap cek kembali.","Penipuan Rekrutmen","hrd_palsu","synthetic_template_v1","true","false","REK-10"
"spam","Halo kak, Aku bekerja di luar negeri dan akan pulang menemuimu. Bayarkan bea paket hadiah dulu. Harap cek kembali.","Penipuan Romansa","pinjaman_pasangan","synthetic_template_v1","true","false","ROM-4"
"spam","Permisi, Dana Anda akan dikelola profesional dengan hasil pasti 40% per bulan. Ditunggu konfirmasinya.","Penipuan Investasi","trading_palsu","synthetic_template_v1","true","false","INV-7"
"ham","Assalamualaikum, Jadwal konsultasi dipindah ke Senin pukul 15.30 melalui ruang kelas resmi. Demikian informasinya.","Aman","undangan_aman","synthetic_template_v1","true","false","AMN-5"
"ham","Mohon perhatian, Besok rapat kelompok dimulai pukul 13.00 di ruang B3. Harap cek kembali.","Aman","percakapan_harian","synthetic_template_v1","true","false","AMN-1"
"spam","Permisi, Paket Anda tertahan. Download aplikasi Cek_Resi_0502.apk untuk memilih jadwal antar. Salam.","Phishing/Link Berbahaya","undangan_apk","synthetic_template_v1","true","false","PHI-4"
"spam","Permisi, Undangan resmi elektronik tersedia melalui link http://undangan-0184.invalid. Demikian informasinya.","Phishing/Link Berbahaya","tautan_login_palsu","synthetic_template_v1","true","false","PHI-9"
"spam","Mohon perhatian, Dana Anda akan dikelola profesional dengan hasil pasti 50% per bulan. Terima kasih.","Penipuan Investasi","trading_palsu","synthetic_template_v1","true","false","INV-7"
"spam","Permisi, Aku kehilangan dompet saat perjalanan menemuimu. Tolong transfer Rp1.250.000. Demikian informasinya.","Penipuan Romansa","darurat_palsu","synthetic_template_v1","true","false","ROM-9"
"spam","Permisi, Kesempatan cuan pasti 30% per minggu, transfer modal sebelum batas waktu. Mohon diperhatikan.","Penipuan Investasi","profit_pasti","synthetic_template_v1","true","false","INV-3"
"ham","Mohon perhatian, Pengumuman kampus dapat dilihat melalui portal akademik resmi. Ditunggu konfirmasinya.","Aman","undangan_aman","synthetic_template_v1","true","false","AMN-8"
"spam","Kepada Yth. Bapak/Ibu, Saya keluarga Anda memakai nomor baru. Tolong transfer Rp350.000 karena sedang darurat. Terima kasih atas waktunya.","Social Engineering","penyamaran_petugas","synthetic_template_v1","true","false","SOC-8"
"spam","Kepada Yth. Bapak/Ibu, Akun akan dinonaktifkan bila Anda tidak membalas dengan OTP hari ini. Terima kasih.","Social Engineering","penyamaran_petugas","synthetic_template_v1","true","false","SOC-6"
"spam","Halo pelanggan, Tagihan belum dibayar. Klik tautan [tautan-palsu-0384] untuk menghindari denda. Semoga membantu.","Phishing/Link Berbahaya","paket_apk","synthetic_template_v1","true","false","PHI-6"
"spam","Selamat pagi, Atasan meminta transfer darurat Rp500.000; jangan hubungi siapa pun dulu. Terima kasih.","Social Engineering","penyamaran_petugas","synthetic_template_v1","true","false","SOC-5"
"spam","Recruiter meminta OTP akun pencari kerja untuk verifikasi.","Penipuan Rekrutmen","contemporary_hard_case","synthetic_contemporary_v2","true","false","REK-H8"
"spam","Assalamualaikum, Undangan interview dari perusahaan besar, beli tiket melalui agen yang kami tunjuk. Salam.","Penipuan Rekrutmen","biaya_administrasi","synthetic_template_v1","true","false","REK-4"
"spam","Halo kak, Setelah semua obrolan kita, buktikan kepercayaanmu dengan membantu transfer Rp500.000. Ditunggu konfirmasinya.","Penipuan Romansa","pinjaman_pasangan","synthetic_template_v1","true","false","ROM-3"
"spam","Kepada Yth. Bapak/Ibu, Proyek kripto rahasia akan naik 20%. Jangan lewatkan penawaran dalam 30 menit. Mohon diperhatikan.","Penipuan Investasi","trading_palsu","synthetic_template_v1","true","false","INV-5"
"spam","Selamat pagi, Saya keluarga Anda memakai nomor baru. Tolong transfer Rp150.000 karena sedang darurat. Demikian informasinya.","Social Engineering","penyamaran_petugas","synthetic_template_v1","true","false","SOC-8"
"spam","Hai, Investasi eksklusif menjanjikan profit 50% tanpa risiko. Deposit mulai Rp5.000.000. Terima kasih.","Penipuan Investasi","profit_pasti","synthetic_template_v1","true","false","INV-1"
"spam","Mohon perhatian, Kerja paruh waktu dari rumah, tugas memberi like dengan deposit awal Rp350.000. Demikian informasinya.","Penipuan Rekrutmen","biaya_administrasi","synthetic_template_v1","true","false","REK-3"
"spam","Mohon perhatian, HRD membuka lowongan kerja. Bayar biaya administrasi Rp500.000 sebelum interview. Semoga membantu.","Penipuan Rekrutmen","biaya_administrasi","synthetic_template_v1","true","false","REK-1"
"spam","Selamat pagi, Penerimaan pegawai kilat. Rahasiakan proses dan lunasi biaya dokumen. Ditunggu konfirmasinya.","Penipuan Rekrutmen","hrd_palsu","synthetic_template_v1","true","false","REK-10"
"spam","Info untuk Anda, Hadiah pelanggan menunggu. Pasang Bonus_Resmi_0494.apk untuk klaim. Ditunggu konfirmasinya.","Phishing/Link Berbahaya","paket_apk","synthetic_template_v1","true","false","PHI-8"
"spam","Permisi, Atasan meminta transfer darurat Rp500.000; jangan hubungi siapa pun dulu. Ditunggu konfirmasinya.","Social Engineering","penyamaran_petugas","synthetic_template_v1","true","false","SOC-5"
"ham","Info untuk Anda, Jadwal konsultasi dipindah ke minggu depan pukul 08.00 melalui ruang kelas resmi. Semoga membantu.","Aman","undangan_aman","synthetic_template_v1","true","false","AMN-5"
"spam","Info untuk Anda, Cintaku, rekeningku diblokir. Pinjamkan Rp150.000, nanti langsung kuganti. Salam.","Penipuan Romansa","hadiah_tertahan","synthetic_template_v1","true","false","ROM-5"
"spam","Selamat pagi, Petugas pajak meminta data rekening dan PIN untuk pengembalian dana. Ditunggu konfirmasinya.","Social Engineering","penyamaran_petugas","synthetic_template_v1","true","false","SOC-7"
"spam","Halo pelanggan, Nomor Anda bermasalah. Kirim kode verifikasi kepada petugas ini malam ini. Salam.","Social Engineering","permintaan_otp","synthetic_template_v1","true","false","SOC-3"
"spam","Permisi, Hadiah pelanggan menunggu. Pasang Bonus_Resmi_0563.apk untuk klaim. Demikian informasinya.","Phishing/Link Berbahaya","paket_apk","synthetic_template_v1","true","false","PHI-8"
"spam","Hai, Lowongan staf administrasi bergaji tinggi. Kirim PIN dan data rekening untuk payroll. Salam.","Penipuan Rekrutmen","tugas_like","synthetic_template_v1","true","false","REK-5"
"spam","Halo pelanggan, HRD meminta pembayaran medical check-up ke rekening pribadi sebelum batas waktu. Terima kasih.","Penipuan Rekrutmen","tugas_like","synthetic_template_v1","true","false","REK-8"
"spam","Permisi, Atasan meminta transfer darurat Rp2.500.000; jangan hubungi siapa pun dulu. Semoga membantu.","Social Engineering","penyamaran_petugas","synthetic_template_v1","true","false","SOC-5"
"spam","Info untuk Anda, Nomor Anda bermasalah. Kirim kode verifikasi kepada petugas ini sekarang. Terima kasih.","Social Engineering","permintaan_otp","synthetic_template_v1","true","false","SOC-3"
"spam","Halo kak, Undangan interview dari perusahaan besar, beli tiket melalui agen yang kami tunjuk. Terima kasih.","Penipuan Rekrutmen","biaya_administrasi","synthetic_template_v1","true","false","REK-4"
"spam","Assalamualaikum, Tagihan belum dibayar. Klik tautan [tautan-palsu-0358] untuk menghindari denda. Mohon diperhatikan.","Phishing/Link Berbahaya","paket_apk","synthetic_template_v1","true","false","PHI-6"
"ham","Permisi, Kami mengundang Anda ke pernikahan keluarga kami pada Rabu. Undangan berupa PDF, tidak perlu memasang aplikasi. Ditunggu konfirmasinya.","Aman","percakapan_harian","synthetic_template_v1","true","false","AMN-2"
"spam","Selamat pagi, Buka file Galeri_Pernikahan_0191.apk agar foto dan alamat gedung terlihat. Salam.","Phishing/Link Berbahaya","paket_apk","synthetic_template_v1","true","false","PHI-7"
"spam","Hai, Aku kehilangan dompet saat perjalanan menemuimu. Tolong transfer Rp500.000. Harap cek kembali.","Penipuan Romansa","darurat_palsu","synthetic_template_v1","true","false","ROM-9"
"ham","Hai, Terima kasih sudah hadir di acara keluarga kemarin, foto ada di album bersama. Harap cek kembali.","Aman","undangan_aman","synthetic_template_v1","true","false","AMN-7"
"spam","Kepada Yth. Bapak/Ibu, Customer service meminta foto kartu dan kode rahasia untuk membuka blokir. Terima kasih.","Social Engineering","ancaman_akun","synthetic_template_v1","true","false","SOC-9"
"spam","Halo kak, Setelah semua obrolan kita, buktikan kepercayaanmu dengan membantu transfer Rp150.000. Terima kasih atas waktunya.","Penipuan Romansa","pinjaman_pasangan","synthetic_template_v1","true","false","ROM-3"
"spam","Assalamualaikum, Kami lampirkan Undangan_Digital_Pernikahan_0100.apk. Mohon diunduh untuk melihat peta lokasi. Terima kasih.","Phishing/Link Berbahaya","undangan_apk","synthetic_template_v1","true","false","PHI-2"
"ham","Info untuk Anda, Aku sudah sampai rumah. Kabari kalau kamu juga sudah sampai dengan aman. Ditunggu konfirmasinya.","Aman","informasi_resmi","synthetic_template_v1","true","false","AMN-9"
"spam","Selamat pagi, Cintaku, rekeningku diblokir. Pinjamkan Rp2.500.000, nanti langsung kuganti. Salam.","Penipuan Romansa","hadiah_tertahan","synthetic_template_v1","true","false","ROM-5"
"spam","Kepada Yth. Bapak/Ibu, Saya dari kantor pusat, mohon konfirmasi password untuk pemeriksaan keamanan. Mohon diperhatikan.","Social Engineering","permintaan_otp","synthetic_template_v1","true","false","SOC-4"
"spam","Mohon perhatian, Kami mengundang Anda ke pesta pernikahan. Buka Foto Undangan_0525.apk untuk info lengkapnya. Demikian informasinya.","Phishing/Link Berbahaya","undangan_apk","synthetic_template_v1","true","false","PHI-1"
"spam","Selamat pagi, Rekrutmen resmi tanpa wawancara, bayar pelatihan wajib sebesar Rp2.500.000. Semoga membantu.","Penipuan Rekrutmen","tugas_like","synthetic_template_v1","true","false","REK-6"
"spam","Info untuk Anda, Penerimaan pegawai kilat. Rahasiakan proses dan lunasi biaya dokumen. Terima kasih atas waktunya.","Penipuan Rekrutmen","hrd_palsu","synthetic_template_v1","true","false","REK-10"
"ham","Halo kak, Undangan rapat RT terlampir sebagai dokumen PDF dari pengurus yang kamu kenal. Semoga membantu.","Aman","informasi_resmi","synthetic_template_v1","true","false","AMN-10"
"spam","Kepada Yth. Bapak/Ibu, Dana Anda akan dikelola profesional dengan hasil pasti 25% per bulan. Semoga membantu.","Penipuan Investasi","trading_palsu","synthetic_template_v1","true","false","INV-7"
"spam","Selamat pagi, Hadiah pelanggan menunggu. Pasang Bonus_Resmi_0353.apk untuk klaim. Ditunggu konfirmasinya.","Phishing/Link Berbahaya","paket_apk","synthetic_template_v1","true","false","PHI-8"
"spam","Selamat pagi, Kesempatan cuan pasti 75% per minggu, transfer modal hari ini. Semoga membantu.","Penipuan Investasi","profit_pasti","synthetic_template_v1","true","false","INV-3"
"spam","Mohon perhatian, Bukti profit sudah banyak. Transfer dana awal agar akun investasi diaktifkan. Mohon diperhatikan.","Penipuan Investasi","deposit_awal","synthetic_template_v1","true","false","INV-10"
"spam","Halo pelanggan, Investasi eksklusif menjanjikan profit 30% tanpa risiko. Deposit mulai Rp5.000.000. Ditunggu konfirmasinya.","Penipuan Investasi","profit_pasti","synthetic_template_v1","true","false","INV-1"
"spam","Permisi, Investasi eksklusif menjanjikan profit 25% tanpa risiko. Deposit mulai Rp150.000. Salam.","Penipuan Investasi","profit_pasti","synthetic_template_v1","true","false","INV-1"
"spam","Mohon perhatian, Tugas online mudah menghasilkan komisi. Top up saldo agar tugas berikutnya terbuka. Ditunggu konfirmasinya.","Penipuan Rekrutmen","tugas_like","synthetic_template_v1","true","false","REK-7"
"spam","Permisi, Rekrutmen resmi tanpa wawancara, bayar pelatihan wajib sebesar Rp1.250.000. Terima kasih atas waktunya.","Penipuan Rekrutmen","tugas_like","synthetic_template_v1","true","false","REK-6"
"ham","Hai, Foto undangan pernikahan sudah saya kirim dalam format JPG. Sampai jumpa di acara ya. Demikian informasinya.","Aman","percakapan_harian","synthetic_template_v1","true","false","AMN-3"
"spam","Selamat pagi, Undangan resmi elektronik tersedia melalui link http://undangan-0364.invalid. Salam.","Phishing/Link Berbahaya","tautan_login_palsu","synthetic_template_v1","true","false","PHI-9"
"spam","Halo pelanggan, Tugas online mudah menghasilkan komisi. Top up saldo agar tugas berikutnya terbuka. Harap cek kembali.","Penipuan Rekrutmen","tugas_like","synthetic_template_v1","true","false","REK-7"
"spam","Selamat pagi, Undangan interview dari perusahaan besar, beli tiket melalui agen yang kami tunjuk. Terima kasih atas waktunya.","Penipuan Rekrutmen","biaya_administrasi","synthetic_template_v1","true","false","REK-4"
"spam","Selamat pagi, Dana Anda akan dikelola profesional dengan hasil pasti 40% per bulan. Salam.","Penipuan Investasi","trading_palsu","synthetic_template_v1","true","false","INV-7"
"spam","Selamat sore, Posisi terbatas, amankan kursi kerja dengan transfer Rp2.500.000. Mohon diperhatikan.","Penipuan Rekrutmen","hrd_palsu","synthetic_template_v1","true","false","REK-9"
"spam","Halo pelanggan, Posisi terbatas, amankan kursi kerja dengan transfer Rp500.000. Terima kasih.","Penipuan Rekrutmen","hrd_palsu","synthetic_template_v1","true","false","REK-9"
"spam","Permisi, Setelah semua obrolan kita, buktikan kepercayaanmu dengan membantu transfer Rp150.000. Salam.","Penipuan Romansa","pinjaman_pasangan","synthetic_template_v1","true","false","ROM-3"
"spam","Halo kak, Aku serius ingin menikah denganmu, tetapi paket hadiahku tertahan dan perlu biaya Rp500.000. Harap cek kembali.","Penipuan Romansa","pinjaman_pasangan","synthetic_template_v1","true","false","ROM-2"
"spam","Info untuk Anda, Aku serius ingin menikah denganmu, tetapi paket hadiahku tertahan dan perlu biaya Rp2.500.000. Salam.","Penipuan Romansa","pinjaman_pasangan","synthetic_template_v1","true","false","ROM-2"
"spam","Permisi, Sayang, aku sedang darurat di luar kota. Tolong kirim uang Rp1.250.000 malam ini. Demikian informasinya.","Penipuan Romansa","pinjaman_pasangan","synthetic_template_v1","true","false","ROM-1"
"spam","Halo pelanggan, Customer service meminta foto kartu dan kode rahasia untuk membuka blokir. Ditunggu konfirmasinya.","Social Engineering","ancaman_akun","synthetic_template_v1","true","false","SOC-9"
"spam","Permisi, Aku bekerja di luar negeri dan akan pulang menemuimu. Bayarkan bea paket hadiah dulu. Terima kasih atas waktunya.","Penipuan Romansa","pinjaman_pasangan","synthetic_template_v1","true","false","ROM-4"
"spam","Selamat sore, Undangan resmi elektronik tersedia melalui link http://undangan-0056.invalid. Semoga membantu.","Phishing/Link Berbahaya","tautan_login_palsu","synthetic_template_v1","true","false","PHI-9"
"ham","Hai, Pengumuman kampus dapat dilihat melalui portal akademik resmi. Terima kasih atas waktunya.","Aman","undangan_aman","synthetic_template_v1","true","false","AMN-8"
"ham","Permisi, Pengumuman kampus dapat dilihat melalui portal akademik resmi. Harap cek kembali.","Aman","undangan_aman","synthetic_template_v1","true","false","AMN-8"
"spam","Selamat pagi, Proyek kripto rahasia akan naik 20%. Jangan lewatkan penawaran dalam 30 menit. Terima kasih atas waktunya.","Penipuan Investasi","trading_palsu","synthetic_template_v1","true","false","INV-5"
"spam","Info untuk Anda, Tagihan belum dibayar. Klik tautan [tautan-palsu-0067] untuk menghindari denda. Ditunggu konfirmasinya.","Phishing/Link Berbahaya","paket_apk","synthetic_template_v1","true","false","PHI-6"
"spam","Permisi, Anda diterima tanpa tes. Transfer biaya seragam Rp150.000 sebelum batas waktu. Terima kasih.","Penipuan Rekrutmen","biaya_administrasi","synthetic_template_v1","true","false","REK-2"
"spam","Selamat pagi, Rekrutmen resmi tanpa wawancara, bayar pelatihan wajib sebesar Rp500.000. Mohon diperhatikan.","Penipuan Rekrutmen","tugas_like","synthetic_template_v1","true","false","REK-6"
"spam","Kepada Yth. Bapak/Ibu, Kami mengundang Anda ke pesta pernikahan. Buka Foto Undangan_0408.apk untuk info lengkapnya. Terima kasih.","Phishing/Link Berbahaya","undangan_apk","synthetic_template_v1","true","false","PHI-1"
"spam","Assalamualaikum, Akun akan dinonaktifkan bila Anda tidak membalas dengan OTP hari ini. Terima kasih atas waktunya.","Social Engineering","penyamaran_petugas","synthetic_template_v1","true","false","SOC-6"
"spam","Selamat sore, Jangan beri tahu keluargamu tentang hubungan kita. Aku butuh bantuan dana sebelum pukul 18.00. Harap cek kembali.","Penipuan Romansa","hadiah_tertahan","synthetic_template_v1","true","false","ROM-6"
"spam","Permisi, Cintaku, rekeningku diblokir. Pinjamkan Rp2.500.000, nanti langsung kuganti. Salam.","Penipuan Romansa","hadiah_tertahan","synthetic_template_v1","true","false","ROM-5"
"spam","Selamat pagi, Anda diterima tanpa tes. Transfer biaya seragam Rp5.000.000 dalam 30 menit. Harap cek kembali.","Penipuan Rekrutmen","biaya_administrasi","synthetic_template_v1","true","false","REK-2"
"ham","Info untuk Anda, Besok rapat kelompok dimulai pukul 19.00 di ruang aula. Salam.","Aman","percakapan_harian","synthetic_template_v1","true","false","AMN-1"
"spam","Kepada Yth. Bapak/Ibu, Investasi eksklusif menjanjikan profit 30% tanpa risiko. Deposit mulai Rp1.250.000. Salam.","Penipuan Investasi","profit_pasti","synthetic_template_v1","true","false","INV-1"
"spam","Selamat sore, Aku ingin membangun masa depan bersama, kirim modal kecil untuk usaha kita. Mohon diperhatikan.","Penipuan Romansa","hadiah_tertahan","synthetic_template_v1","true","false","ROM-7"
"ham","Selamat sore, Aku sudah sampai rumah. Kabari kalau kamu juga sudah sampai dengan aman. Demikian informasinya.","Aman","informasi_resmi","synthetic_template_v1","true","false","AMN-9"
"spam","Info untuk Anda, Aku bekerja di luar negeri dan akan pulang menemuimu. Bayarkan bea paket hadiah dulu. Mohon diperhatikan.","Penipuan Romansa","pinjaman_pasangan","synthetic_template_v1","true","false","ROM-4"
"spam","Selamat pagi, Cintaku, rekeningku diblokir. Pinjamkan Rp150.000, nanti langsung kuganti. Semoga membantu.","Penipuan Romansa","hadiah_tertahan","synthetic_template_v1","true","false","ROM-5"
"ham","Selamat sore, Kami mengundang Anda ke pernikahan keluarga kami pada Sabtu. Undangan berupa PDF, tidak perlu memasang aplikasi. Ditunggu konfirmasinya.","Aman","percakapan_harian","synthetic_template_v1","true","false","AMN-2"
"spam","Halo pelanggan, Paket Anda tertahan. Download aplikasi Cek_Resi_0044.apk untuk memilih jadwal antar. Demikian informasinya.","Phishing/Link Berbahaya","undangan_apk","synthetic_template_v1","true","false","PHI-4"
"ham","Selamat sore, Paket sudah diterima oleh satpam. Silakan diambil tanpa biaya tambahan. Salam.","Aman","undangan_aman","synthetic_template_v1","true","false","AMN-6"
"spam","Kepada Yth. Bapak/Ibu, Investasi eksklusif menjanjikan profit 75% tanpa risiko. Deposit mulai Rp500.000. Mohon diperhatikan.","Penipuan Investasi","profit_pasti","synthetic_template_v1","true","false","INV-1"
"spam","Kepada Yth. Bapak/Ibu, Paket Anda tertahan. Download aplikasi Cek_Resi_0210.apk untuk memilih jadwal antar. Semoga membantu.","Phishing/Link Berbahaya","undangan_apk","synthetic_template_v1","true","false","PHI-4"
"spam","Info untuk Anda, Aku serius ingin menikah denganmu, tetapi paket hadiahku tertahan dan perlu biaya Rp500.000. Harap cek kembali.","Penipuan Romansa","pinjaman_pasangan","synthetic_template_v1","true","false","ROM-2"
"ham","Selamat sore, Aku sudah sampai rumah. Kabari kalau kamu juga sudah sampai dengan aman. Terima kasih atas waktunya.","Aman","informasi_resmi","synthetic_template_v1","true","false","AMN-9"
"spam","Hai, HRD membuka lowongan kerja. Bayar biaya administrasi Rp2.500.000 sebelum interview. Harap cek kembali.","Penipuan Rekrutmen","biaya_administrasi","synthetic_template_v1","true","false","REK-1"
"spam","Kepada Yth. Bapak/Ibu, Cintaku, rekeningku diblokir. Pinjamkan Rp2.500.000, nanti langsung kuganti. Salam.","Penipuan Romansa","hadiah_tertahan","synthetic_template_v1","true","false","ROM-5"
"spam","Assalamualaikum, Paket investasi VIP tersisa satu slot. Kirim Rp350.000 untuk mengamankan posisi. Terima kasih.","Penipuan Investasi","trading_palsu","synthetic_template_v1","true","false","INV-8"
"spam","Halo pelanggan, Lowongan staf administrasi bergaji tinggi. Kirim PIN dan data rekening untuk payroll. Ditunggu konfirmasinya.","Penipuan Rekrutmen","tugas_like","synthetic_template_v1","true","false","REK-5"
"spam","Info untuk Anda, Tugas online mudah menghasilkan komisi. Top up saldo agar tugas berikutnya terbuka. Semoga membantu.","Penipuan Rekrutmen","tugas_like","synthetic_template_v1","true","false","REK-7"
"spam","Halo kak, Tagihan belum dibayar. Klik tautan [tautan-palsu-0091] untuk menghindari denda. Terima kasih atas waktunya.","Phishing/Link Berbahaya","paket_apk","synthetic_template_v1","true","false","PHI-6"
"spam","Permisi, Dana Anda akan dikelola profesional dengan hasil pasti 30% per bulan. Harap cek kembali.","Penipuan Investasi","trading_palsu","synthetic_template_v1","true","false","INV-7"
"spam","Kepada Yth. Bapak/Ibu, Aku serius ingin menikah denganmu, tetapi paket hadiahku tertahan dan perlu biaya Rp500.000. Ditunggu konfirmasinya.","Penipuan Romansa","pinjaman_pasangan","synthetic_template_v1","true","false","ROM-2"
"spam","Halo kak, Robot trading legal menjamin return tetap. Buka akun dengan setoran Rp500.000. Semoga membantu.","Penipuan Investasi","profit_pasti","synthetic_template_v1","true","false","INV-4"
"spam","Selamat sore, Cintaku, rekeningku diblokir. Pinjamkan Rp350.000, nanti langsung kuganti. Salam.","Penipuan Romansa","hadiah_tertahan","synthetic_template_v1","true","false","ROM-5"
"spam","Selamat sore, Aku serius ingin menikah denganmu, tetapi paket hadiahku tertahan dan perlu biaya Rp2.500.000. Ditunggu konfirmasinya.","Penipuan Romansa","pinjaman_pasangan","synthetic_template_v1","true","false","ROM-2"
"spam","Info untuk Anda, Dana Anda akan dikelola profesional dengan hasil pasti 40% per bulan. Terima kasih atas waktunya.","Penipuan Investasi","trading_palsu","synthetic_template_v1","true","false","INV-7"
"spam","Selamat sore, Lowongan staf administrasi bergaji tinggi. Kirim PIN dan data rekening untuk payroll. Terima kasih.","Penipuan Rekrutmen","tugas_like","synthetic_template_v1","true","false","REK-5"
"spam","Selamat pagi, Akun bank akan dinonaktifkan. Verifikasi melalui https://bank-verifikasi-0245.invalid. Semoga membantu.","Phishing/Link Berbahaya","paket_apk","synthetic_template_v1","true","false","PHI-5"
"spam","Halo pelanggan, HRD meminta pembayaran medical check-up ke rekening pribadi dalam 30 menit. Demikian informasinya.","Penipuan Rekrutmen","tugas_like","synthetic_template_v1","true","false","REK-8"
"spam","Mohon perhatian, Perbarui data akun melalui halaman login https://akun-aman-0144.invalid malam ini. Terima kasih.","Phishing/Link Berbahaya","tautan_login_palsu","synthetic_template_v1","true","false","PHI-10"
"spam","Kepada Yth. Bapak/Ibu, Detail waktu dan lokasi pernikahan ada di Undangan Pernikahan 0496.apk, silakan buka malam ini. Terima kasih.","Phishing/Link Berbahaya","undangan_apk","synthetic_template_v1","true","false","PHI-3"
"spam","Assalamualaikum, Kesempatan cuan pasti 20% per minggu, transfer modal sekarang. Salam.","Penipuan Investasi","profit_pasti","synthetic_template_v1","true","false","INV-3"
"spam","Info untuk Anda, Robot trading legal menjamin return tetap. Buka akun dengan setoran Rp350.000. Terima kasih atas waktunya.","Penipuan Investasi","profit_pasti","synthetic_template_v1","true","false","INV-4"
"spam","Info untuk Anda, Perbarui data akun melalui halaman login https://akun-aman-0101.invalid sebelum pukul 18.00. Ditunggu konfirmasinya.","Phishing/Link Berbahaya","tautan_login_palsu","synthetic_template_v1","true","false","PHI-10"
"spam","Info untuk Anda, Sayang, aku sedang darurat di luar kota. Tolong kirim uang Rp350.000 sekarang. Mohon diperhatikan.","Penipuan Romansa","pinjaman_pasangan","synthetic_template_v1","true","false","ROM-1"
"spam","Kepada Yth. Bapak/Ibu, Undangan resmi elektronik tersedia melalui link http://undangan-0105.invalid. Salam.","Phishing/Link Berbahaya","tautan_login_palsu","synthetic_template_v1","true","false","PHI-9"
"spam","Info untuk Anda, Aku ingin membangun masa depan bersama, kirim modal kecil untuk usaha kita. Terima kasih.","Penipuan Romansa","hadiah_tertahan","synthetic_template_v1","true","false","ROM-7"
"spam","Permisi, Aku ingin membangun masa depan bersama, kirim modal kecil untuk usaha kita. Ditunggu konfirmasinya.","Penipuan Romansa","hadiah_tertahan","synthetic_template_v1","true","false","ROM-7"
"spam","Halo kak, Saya petugas bank. Sebutkan OTP yang baru masuk agar rekening tidak diblokir dalam 30 menit. Ditunggu konfirmasinya.","Social Engineering","permintaan_otp","synthetic_template_v1","true","false","SOC-1"
"ham","Kepada Yth. Bapak/Ibu, Foto undangan pernikahan sudah saya kirim dalam format JPG. Sampai jumpa di acara ya. Terima kasih atas waktunya.","Aman","percakapan_harian","synthetic_template_v1","true","false","AMN-3"
"ham","Selamat pagi, Undangan rapat RT terlampir sebagai dokumen PDF dari pengurus yang kamu kenal. Semoga membantu.","Aman","informasi_resmi","synthetic_template_v1","true","false","AMN-10"
"spam","Halo pelanggan, Undangan resmi elektronik tersedia melalui link http://undangan-0057.invalid. Salam.","Phishing/Link Berbahaya","tautan_login_palsu","synthetic_template_v1","true","false","PHI-9"
"spam","Info untuk Anda, Robot trading legal menjamin return tetap. Buka akun dengan setoran Rp500.000. Mohon diperhatikan.","Penipuan Investasi","profit_pasti","synthetic_template_v1","true","false","INV-4"
"spam","Kepada Yth. Bapak/Ibu, Robot trading legal menjamin return tetap. Buka akun dengan setoran Rp2.500.000. Salam.","Penipuan Investasi","profit_pasti","synthetic_template_v1","true","false","INV-4"
"spam","Halo pelanggan, Paket investasi VIP tersisa satu slot. Kirim Rp5.000.000 untuk mengamankan posisi. Terima kasih.","Penipuan Investasi","trading_palsu","synthetic_template_v1","true","false","INV-8"
"spam","Selamat sore, HRD meminta pembayaran medical check-up ke rekening pribadi dalam 30 menit. Salam.","Penipuan Rekrutmen","tugas_like","synthetic_template_v1","true","false","REK-8"
"spam","Mohon perhatian, Hadiah pernikahan untukmu tertahan di bea cukai. Bayar tagihannya agar dikirim. Salam.","Penipuan Romansa","hadiah_tertahan","synthetic_template_v1","true","false","ROM-8"
"spam","Halo pelanggan, Undangan resmi elektronik tersedia melalui link http://undangan-0171.invalid. Mohon diperhatikan.","Phishing/Link Berbahaya","tautan_login_palsu","synthetic_template_v1","true","false","PHI-9"
"spam","Info untuk Anda, Bukti profit sudah banyak. Transfer dana awal agar akun investasi diaktifkan. Semoga membantu.","Penipuan Investasi","deposit_awal","synthetic_template_v1","true","false","INV-10"
"spam","Selamat pagi, Aku bekerja di luar negeri dan akan pulang menemuimu. Bayarkan bea paket hadiah dulu. Salam.","Penipuan Romansa","pinjaman_pasangan","synthetic_template_v1","true","false","ROM-4"
"spam","Selamat sore, Cintaku, rekeningku diblokir. Pinjamkan Rp5.000.000, nanti langsung kuganti. Terima kasih atas waktunya.","Penipuan Romansa","hadiah_tertahan","synthetic_template_v1","true","false","ROM-5"
"spam","Selamat pagi, Jangan beri tahu keluargamu tentang hubungan kita. Aku butuh bantuan dana sebelum batas waktu. Harap cek kembali.","Penipuan Romansa","hadiah_tertahan","synthetic_template_v1","true","false","ROM-6"
"spam","Halo kak, HRD meminta pembayaran medical check-up ke rekening pribadi dalam 30 menit. Semoga membantu.","Penipuan Rekrutmen","tugas_like","synthetic_template_v1","true","false","REK-8"
"spam","Info untuk Anda, Hadiah pelanggan menunggu. Pasang Bonus_Resmi_0025.apk untuk klaim. Salam.","Phishing/Link Berbahaya","paket_apk","synthetic_template_v1","true","false","PHI-8"
"spam","Mohon perhatian, Bukti profit sudah banyak. Transfer dana awal agar akun investasi diaktifkan. Demikian informasinya.","Penipuan Investasi","deposit_awal","synthetic_template_v1","true","false","INV-10"
"spam","Mohon perhatian, Investasi eksklusif menjanjikan profit 30% tanpa risiko. Deposit mulai Rp1.250.000. Harap cek kembali.","Penipuan Investasi","profit_pasti","synthetic_template_v1","true","false","INV-1"
"spam","Halo pelanggan, Anda diterima tanpa tes. Transfer biaya seragam Rp5.000.000 sekarang. Salam.","Penipuan Rekrutmen","biaya_administrasi","synthetic_template_v1","true","false","REK-2"
"spam","Info untuk Anda, Saya petugas bank. Sebutkan OTP yang baru masuk agar rekening tidak diblokir hari ini. Terima kasih atas waktunya.","Social Engineering","permintaan_otp","synthetic_template_v1","true","false","SOC-1"
"spam","Halo pelanggan, Penerimaan pegawai kilat. Rahasiakan proses dan lunasi biaya dokumen. Demikian informasinya.","Penipuan Rekrutmen","hrd_palsu","synthetic_template_v1","true","false","REK-10"
"spam","Assalamualaikum, Admin layanan membutuhkan PIN Anda untuk membatalkan transaksi Rp500.000. Terima kasih.","Social Engineering","permintaan_otp","synthetic_template_v1","true","false","SOC-2"
"spam","Mohon perhatian, Kerja paruh waktu dari rumah, tugas memberi like dengan deposit awal Rp2.500.000. Semoga membantu.","Penipuan Rekrutmen","biaya_administrasi","synthetic_template_v1","true","false","REK-3"
"spam","Hai, Pihak berwenang mengancam denda bila data pribadi tidak dikirim sekarang. Mohon diperhatikan.","Social Engineering","ancaman_akun","synthetic_template_v1","true","false","SOC-10"
"spam","Selamat sore, Nomor Anda bermasalah. Kirim kode verifikasi kepada petugas ini hari ini. Salam.","Social Engineering","permintaan_otp","synthetic_template_v1","true","false","SOC-3"
"spam","Assalamualaikum, Kita sudah dekat lama. Tolong bantu biaya pengobatan keluargaku sebesar Rp500.000. Harap cek kembali.","Penipuan Romansa","darurat_palsu","synthetic_template_v1","true","false","ROM-10"
"ham","Selamat sore, Undangan rapat RT terlampir sebagai dokumen PDF dari pengurus yang kamu kenal. Harap cek kembali.","Aman","informasi_resmi","synthetic_template_v1","true","false","AMN-10"
"spam","Assalamualaikum, Gabung grup trading kami, modal Rp5.000.000 dijamin berlipat dalam 5 hari. Ditunggu konfirmasinya.","Penipuan Investasi","profit_pasti","synthetic_template_v1","true","false","INV-2"
"spam","Kepada Yth. Bapak/Ibu, Aku ingin membangun masa depan bersama, kirim modal kecil untuk usaha kita. Terima kasih atas waktunya.","Penipuan Romansa","hadiah_tertahan","synthetic_template_v1","true","false","ROM-7"
"spam","Assalamualaikum, Aku bekerja di luar negeri dan akan pulang menemuimu. Bayarkan bea paket hadiah dulu. Mohon diperhatikan.","Penipuan Romansa","pinjaman_pasangan","synthetic_template_v1","true","false","ROM-4"
"spam","Selamat pagi, Detail waktu dan lokasi pernikahan ada di Undangan Pernikahan 0221.apk, silakan buka dalam 30 menit. Terima kasih.","Phishing/Link Berbahaya","undangan_apk","synthetic_template_v1","true","false","PHI-3"
"spam","Assalamualaikum, Detail waktu dan lokasi pernikahan ada di Undangan Pernikahan 0433.apk, silakan buka hari ini. Mohon diperhatikan.","Phishing/Link Berbahaya","undangan_apk","synthetic_template_v1","true","false","PHI-3"
"spam","Hai, Undangan interview dari perusahaan besar, beli tiket melalui agen yang kami tunjuk. Demikian informasinya.","Penipuan Rekrutmen","biaya_administrasi","synthetic_template_v1","true","false","REK-4"
"spam","Kepada Yth. Bapak/Ibu, Saya dari kantor pusat, mohon konfirmasi password untuk pemeriksaan keamanan. Terima kasih atas waktunya.","Social Engineering","permintaan_otp","synthetic_template_v1","true","false","SOC-4"
"spam","Permisi, Pihak berwenang mengancam denda bila data pribadi tidak dikirim hari ini. Terima kasih.","Social Engineering","ancaman_akun","synthetic_template_v1","true","false","SOC-10"
"spam","Permisi, Saya dari kantor pusat, mohon konfirmasi password untuk pemeriksaan keamanan. Demikian informasinya.","Social Engineering","permintaan_otp","synthetic_template_v1","true","false","SOC-4"
"ham","Hai, Undangan rapat RT terlampir sebagai dokumen PDF dari pengurus yang kamu kenal. Ditunggu konfirmasinya.","Aman","informasi_resmi","synthetic_template_v1","true","false","AMN-10"
"ham","Hai, Tolong beli makan siang saat pulang dari kampus, nanti saya ganti. Terima kasih atas waktunya.","Aman","percakapan_harian","synthetic_template_v1","true","false","AMN-4"
"ham","Halo pelanggan, Undangan rapat RT terlampir sebagai dokumen PDF dari pengurus yang kamu kenal. Salam.","Aman","informasi_resmi","synthetic_template_v1","true","false","AMN-10"
"ham","Halo kak, Aku sudah sampai rumah. Kabari kalau kamu juga sudah sampai dengan aman. Terima kasih atas waktunya.","Aman","informasi_resmi","synthetic_template_v1","true","false","AMN-9"
"spam","Selamat pagi, Undangan interview dari perusahaan besar, beli tiket melalui agen yang kami tunjuk. Salam.","Penipuan Rekrutmen","biaya_administrasi","synthetic_template_v1","true","false","REK-4"
"spam","Kepada Yth. Bapak/Ibu, Gabung grup trading kami, modal Rp150.000 dijamin berlipat dalam 7 hari. Ditunggu konfirmasinya.","Penipuan Investasi","profit_pasti","synthetic_template_v1","true","false","INV-2"
"spam","Info untuk Anda, Anda diterima tanpa tes. Transfer biaya seragam Rp5.000.000 hari ini. Ditunggu konfirmasinya.","Penipuan Rekrutmen","biaya_administrasi","synthetic_template_v1","true","false","REK-2"
"spam","Kepada Yth. Bapak/Ibu, Undangan interview dari perusahaan besar, beli tiket melalui agen yang kami tunjuk. Demikian informasinya.","Penipuan Rekrutmen","biaya_administrasi","synthetic_template_v1","true","false","REK-4"
"spam","Nomor yang memakai foto pejabat meminta sumbangan melalui rekening pribadi.","Social Engineering","contemporary_hard_case","synthetic_contemporary_v2","true","false","SOC-H10"
"spam","Halo pelanggan, Anda diterima tanpa tes. Transfer biaya seragam Rp2.500.000 sekarang. Terima kasih atas waktunya.","Penipuan Rekrutmen","biaya_administrasi","synthetic_template_v1","true","false","REK-2"
"ham","Halo pelanggan, Kami mengundang Anda ke pernikahan keluarga kami pada Sabtu. Undangan berupa PDF, tidak perlu memasang aplikasi. Ditunggu konfirmasinya.","Aman","percakapan_harian","synthetic_template_v1","true","false","AMN-2"
"spam","Petugas IASC palsu menawarkan pengembalian dana dengan meminta OTP.","Social Engineering","contemporary_hard_case","synthetic_contemporary_v2","true","false","SOC-H9"
"ham","Assalamualaikum, Jadwal konsultasi dipindah ke Senin pukul 09.30 melalui ruang kelas resmi. Demikian informasinya.","Aman","undangan_aman","synthetic_template_v1","true","false","AMN-5"
"spam","Mohon perhatian, Saya petugas bank. Sebutkan OTP yang baru masuk agar rekening tidak diblokir dalam 30 menit. Mohon diperhatikan.","Social Engineering","permintaan_otp","synthetic_template_v1","true","false","SOC-1"
"spam","Assalamualaikum, Akun akan dinonaktifkan bila Anda tidak membalas dengan OTP sekarang. Terima kasih.","Social Engineering","penyamaran_petugas","synthetic_template_v1","true","false","SOC-6"
"ham","Permisi, Besok rapat kelompok dimulai pukul 09.30 di ruang B3. Terima kasih.","Aman","percakapan_harian","synthetic_template_v1","true","false","AMN-1"
"spam","Selamat pagi, Lowongan staf administrasi bergaji tinggi. Kirim PIN dan data rekening untuk payroll. Demikian informasinya.","Penipuan Rekrutmen","tugas_like","synthetic_template_v1","true","false","REK-5"
"spam","Selamat sore, Cintaku, rekeningku diblokir. Pinjamkan Rp350.000, nanti langsung kuganti. Terima kasih atas waktunya.","Penipuan Romansa","hadiah_tertahan","synthetic_template_v1","true","false","ROM-5"
"spam","Info untuk Anda, Buka file Galeri_Pernikahan_0448.apk agar foto dan alamat gedung terlihat. Terima kasih atas waktunya.","Phishing/Link Berbahaya","paket_apk","synthetic_template_v1","true","false","PHI-7"
"spam","Assalamualaikum, Gabung grup trading kami, modal Rp500.000 dijamin berlipat dalam 2 hari. Terima kasih.","Penipuan Investasi","profit_pasti","synthetic_template_v1","true","false","INV-2"
"spam","Hai, Anda diterima tanpa tes. Transfer biaya seragam Rp1.250.000 malam ini. Terima kasih atas waktunya.","Penipuan Rekrutmen","biaya_administrasi","synthetic_template_v1","true","false","REK-2"
"spam","Permisi, Nomor Anda bermasalah. Kirim kode verifikasi kepada petugas ini dalam 30 menit. Ditunggu konfirmasinya.","Social Engineering","permintaan_otp","synthetic_template_v1","true","false","SOC-3"
"spam","Assalamualaikum, Bukti profit sudah banyak. Transfer dana awal agar akun investasi diaktifkan. Semoga membantu.","Penipuan Investasi","deposit_awal","synthetic_template_v1","true","false","INV-10"
"ham","Hai, Pengumuman kampus dapat dilihat melalui portal akademik resmi. Demikian informasinya.","Aman","undangan_aman","synthetic_template_v1","true","false","AMN-8"
"spam","Kepada Yth. Bapak/Ibu, HRD membuka lowongan kerja. Bayar biaya administrasi Rp2.500.000 sebelum interview. Ditunggu konfirmasinya.","Penipuan Rekrutmen","biaya_administrasi","synthetic_template_v1","true","false","REK-1"
"ham","Selamat sore, Foto undangan pernikahan sudah saya kirim dalam format JPG. Sampai jumpa di acara ya. Ditunggu konfirmasinya.","Aman","percakapan_harian","synthetic_template_v1","true","false","AMN-3"
"spam","Assalamualaikum, Tugas online mudah menghasilkan komisi. Top up saldo agar tugas berikutnya terbuka. Mohon diperhatikan.","Penipuan Rekrutmen","tugas_like","synthetic_template_v1","true","false","REK-7"
"spam","Halo kak, Kesempatan cuan pasti 50% per minggu, transfer modal sebelum pukul 18.00. Semoga membantu.","Penipuan Investasi","profit_pasti","synthetic_template_v1","true","false","INV-3"
"spam","Selamat pagi, Perbarui data akun melalui halaman login https://akun-aman-0068.invalid sebelum batas waktu. Demikian informasinya.","Phishing/Link Berbahaya","tautan_login_palsu","synthetic_template_v1","true","false","PHI-10"
"spam","Permisi, Pihak berwenang mengancam denda bila data pribadi tidak dikirim dalam 30 menit. Salam.","Social Engineering","ancaman_akun","synthetic_template_v1","true","false","SOC-10"
"spam","Permisi, Bukti profit sudah banyak. Transfer dana awal agar akun investasi diaktifkan. Mohon diperhatikan.","Penipuan Investasi","deposit_awal","synthetic_template_v1","true","false","INV-10"
"spam","Selamat pagi, Petugas pajak meminta data rekening dan PIN untuk pengembalian dana. Demikian informasinya.","Social Engineering","penyamaran_petugas","synthetic_template_v1","true","false","SOC-7"
"spam","Halo kak, Akun akan dinonaktifkan bila Anda tidak membalas dengan OTP malam ini. Salam.","Social Engineering","penyamaran_petugas","synthetic_template_v1","true","false","SOC-6"
"spam","Halo pelanggan, Atasan meminta transfer darurat Rp5.000.000; jangan hubungi siapa pun dulu. Terima kasih atas waktunya.","Social Engineering","penyamaran_petugas","synthetic_template_v1","true","false","SOC-5"
"ham","Permisi, Pengumuman kampus dapat dilihat melalui portal akademik resmi. Terima kasih atas waktunya.","Aman","undangan_aman","synthetic_template_v1","true","false","AMN-8"
"spam","Halo pelanggan, Atasan meminta transfer darurat Rp2.500.000; jangan hubungi siapa pun dulu. Salam.","Social Engineering","penyamaran_petugas","synthetic_template_v1","true","false","SOC-5"
"spam","Mohon perhatian, Bukti profit sudah banyak. Transfer dana awal agar akun investasi diaktifkan. Semoga membantu.","Penipuan Investasi","deposit_awal","synthetic_template_v1","true","false","INV-10"
"spam","Hai, Hadiah pelanggan menunggu. Pasang Bonus_Resmi_0508.apk untuk klaim. Ditunggu konfirmasinya.","Phishing/Link Berbahaya","paket_apk","synthetic_template_v1","true","false","PHI-8"
"spam","Assalamualaikum, Sayang, aku sedang darurat di luar kota. Tolong kirim uang Rp5.000.000 hari ini. Harap cek kembali.","Penipuan Romansa","pinjaman_pasangan","synthetic_template_v1","true","false","ROM-1"
"spam","Halo pelanggan, Gabung grup trading kami, modal Rp2.500.000 dijamin berlipat dalam 2 hari. Harap cek kembali.","Penipuan Investasi","profit_pasti","synthetic_template_v1","true","false","INV-2"
"spam","Halo pelanggan, Bukti profit sudah banyak. Transfer dana awal agar akun investasi diaktifkan. Terima kasih atas waktunya.","Penipuan Investasi","deposit_awal","synthetic_template_v1","true","false","INV-10"
"spam","Halo pelanggan, Akun akan dinonaktifkan bila Anda tidak membalas dengan OTP hari ini. Mohon diperhatikan.","Social Engineering","penyamaran_petugas","synthetic_template_v1","true","false","SOC-6"
"ham","Selamat pagi, Tolong beli makan siang saat pulang dari kampus, nanti saya ganti. Terima kasih atas waktunya.","Aman","percakapan_harian","synthetic_template_v1","true","false","AMN-4"
"spam","Mohon perhatian, Kami lampirkan Undangan_Digital_Pernikahan_0343.apk. Mohon diunduh untuk melihat peta lokasi. Terima kasih.","Phishing/Link Berbahaya","undangan_apk","synthetic_template_v1","true","false","PHI-2"
"spam","Halo kak, Akun bank akan dinonaktifkan. Verifikasi melalui https://bank-verifikasi-0339.invalid. Mohon diperhatikan.","Phishing/Link Berbahaya","paket_apk","synthetic_template_v1","true","false","PHI-5"
"spam","Hai, HRD membuka lowongan kerja. Bayar biaya administrasi Rp5.000.000 sebelum interview. Semoga membantu.","Penipuan Rekrutmen","biaya_administrasi","synthetic_template_v1","true","false","REK-1"
"spam","Hai, Aku kehilangan dompet saat perjalanan menemuimu. Tolong transfer Rp1.250.000. Harap cek kembali.","Penipuan Romansa","darurat_palsu","synthetic_template_v1","true","false","ROM-9"
"spam","Permisi, Hadiah pernikahan untukmu tertahan di bea cukai. Bayar tagihannya agar dikirim. Harap cek kembali.","Penipuan Romansa","hadiah_tertahan","synthetic_template_v1","true","false","ROM-8"
"ham","Hai, Besok rapat kelompok dimulai pukul 08.00 di ruang aula. Harap cek kembali.","Aman","percakapan_harian","synthetic_template_v1","true","false","AMN-1"
"ham","Info untuk Anda, Tolong beli makan siang saat pulang dari kampus, nanti saya ganti. Harap cek kembali.","Aman","percakapan_harian","synthetic_template_v1","true","false","AMN-4"
"spam","Selamat pagi, Paket Anda tertahan. Download aplikasi Cek_Resi_0033.apk untuk memilih jadwal antar. Semoga membantu.","Phishing/Link Berbahaya","undangan_apk","synthetic_template_v1","true","false","PHI-4"
"spam","Halo pelanggan, Perbarui data akun melalui halaman login https://akun-aman-0232.invalid dalam 30 menit. Salam.","Phishing/Link Berbahaya","tautan_login_palsu","synthetic_template_v1","true","false","PHI-10"
"spam","Permisi, Aku serius ingin menikah denganmu, tetapi paket hadiahku tertahan dan perlu biaya Rp1.250.000. Harap cek kembali.","Penipuan Romansa","pinjaman_pasangan","synthetic_template_v1","true","false","ROM-2"
"spam","Kepada Yth. Bapak/Ibu, Detail waktu dan lokasi pernikahan ada di Undangan Pernikahan 0228.apk, silakan buka sekarang. Harap cek kembali.","Phishing/Link Berbahaya","undangan_apk","synthetic_template_v1","true","false","PHI-3"
"spam","Mohon perhatian, Rekrutmen resmi tanpa wawancara, bayar pelatihan wajib sebesar Rp350.000. Terima kasih.","Penipuan Rekrutmen","tugas_like","synthetic_template_v1","true","false","REK-6"
"spam","Selamat sore, Gabung grup trading kami, modal Rp5.000.000 dijamin berlipat dalam 7 hari. Ditunggu konfirmasinya.","Penipuan Investasi","profit_pasti","synthetic_template_v1","true","false","INV-2"
"spam","Permisi, Tugas online mudah menghasilkan komisi. Top up saldo agar tugas berikutnya terbuka. Ditunggu konfirmasinya.","Penipuan Rekrutmen","tugas_like","synthetic_template_v1","true","false","REK-7"
"spam","Assalamualaikum, Perbarui data akun melalui halaman login https://akun-aman-0466.invalid sebelum pukul 18.00. Harap cek kembali.","Phishing/Link Berbahaya","tautan_login_palsu","synthetic_template_v1","true","false","PHI-10"
"spam","Kepada Yth. Bapak/Ibu, Saya dari kantor pusat, mohon konfirmasi password untuk pemeriksaan keamanan. Salam.","Social Engineering","permintaan_otp","synthetic_template_v1","true","false","SOC-4"
"spam","Mohon perhatian, Investasi kebun digital memberi bonus anggota dan keuntungan tanpa rugi. Salam.","Penipuan Investasi","trading_palsu","synthetic_template_v1","true","false","INV-6"
"spam","Hai, Admin layanan membutuhkan PIN Anda untuk membatalkan transaksi Rp5.000.000. Terima kasih.","Social Engineering","permintaan_otp","synthetic_template_v1","true","false","SOC-2"
"spam","Permisi, Kita sudah dekat lama. Tolong bantu biaya pengobatan keluargaku sebesar Rp2.500.000. Terima kasih.","Penipuan Romansa","darurat_palsu","synthetic_template_v1","true","false","ROM-10"
"ham","Permisi, Paket sudah diterima oleh satpam. Silakan diambil tanpa biaya tambahan. Semoga membantu.","Aman","undangan_aman","synthetic_template_v1","true","false","AMN-6"
"spam","Selamat sore, Admin layanan membutuhkan PIN Anda untuk membatalkan transaksi Rp2.500.000. Terima kasih.","Social Engineering","permintaan_otp","synthetic_template_v1","true","false","SOC-2"
"spam","Selamat sore, Saya dari kantor pusat, mohon konfirmasi password untuk pemeriksaan keamanan. Salam.","Social Engineering","permintaan_otp","synthetic_template_v1","true","false","SOC-4"
"spam","Halo pelanggan, Saya petugas bank. Sebutkan OTP yang baru masuk agar rekening tidak diblokir hari ini. Mohon diperhatikan.","Social Engineering","permintaan_otp","synthetic_template_v1","true","false","SOC-1"
"spam","Mohon perhatian, Aku ingin membangun masa depan bersama, kirim modal kecil untuk usaha kita. Terima kasih.","Penipuan Romansa","hadiah_tertahan","synthetic_template_v1","true","false","ROM-7"
"spam","Info untuk Anda, Saya keluarga Anda memakai nomor baru. Tolong transfer Rp2.500.000 karena sedang darurat. Harap cek kembali.","Social Engineering","penyamaran_petugas","synthetic_template_v1","true","false","SOC-8"
"spam","Mohon perhatian, Aku bekerja di luar negeri dan akan pulang menemuimu. Bayarkan bea paket hadiah dulu. Harap cek kembali.","Penipuan Romansa","pinjaman_pasangan","synthetic_template_v1","true","false","ROM-4"
"spam","Kepada Yth. Bapak/Ibu, Customer service meminta foto kartu dan kode rahasia untuk membuka blokir. Salam.","Social Engineering","ancaman_akun","synthetic_template_v1","true","false","SOC-9"
"spam","Selamat pagi, Saya dari kantor pusat, mohon konfirmasi password untuk pemeriksaan keamanan. Harap cek kembali.","Social Engineering","permintaan_otp","synthetic_template_v1","true","false","SOC-4"
"spam","Akun dating-ku bermasalah, kirim uang ke rekening temanku.","Penipuan Romansa","contemporary_hard_case","synthetic_contemporary_v2","true","false","ROM-H6"
"spam","Halo kak, Lowongan staf administrasi bergaji tinggi. Kirim PIN dan data rekening untuk payroll. Harap cek kembali.","Penipuan Rekrutmen","tugas_like","synthetic_template_v1","true","false","REK-5"
"spam","Selamat pagi, Rekrutmen resmi tanpa wawancara, bayar pelatihan wajib sebesar Rp350.000. Salam.","Penipuan Rekrutmen","tugas_like","synthetic_template_v1","true","false","REK-6"
"spam","Assalamualaikum, Detail waktu dan lokasi pernikahan ada di Undangan Pernikahan 0594.apk, silakan buka sebelum pukul 18.00. Terima kasih atas waktunya.","Phishing/Link Berbahaya","undangan_apk","synthetic_template_v1","true","false","PHI-3"
"spam","Halo pelanggan, Saya dari kantor pusat, mohon konfirmasi password untuk pemeriksaan keamanan. Terima kasih.","Social Engineering","permintaan_otp","synthetic_template_v1","true","false","SOC-4"
"spam","Halo pelanggan, Saya dari kantor pusat, mohon konfirmasi password untuk pemeriksaan keamanan. Salam.","Social Engineering","permintaan_otp","synthetic_template_v1","true","false","SOC-4"
"spam","Permisi, Perbarui data akun melalui halaman login https://akun-aman-0524.invalid sebelum batas waktu. Salam.","Phishing/Link Berbahaya","tautan_login_palsu","synthetic_template_v1","true","false","PHI-10"
"spam","Halo kak, Tagihan belum dibayar. Klik tautan [tautan-palsu-0456] untuk menghindari denda. Mohon diperhatikan.","Phishing/Link Berbahaya","paket_apk","synthetic_template_v1","true","false","PHI-6"
"spam","Assalamualaikum, Rekrutmen resmi tanpa wawancara, bayar pelatihan wajib sebesar Rp150.000. Terima kasih atas waktunya.","Penipuan Rekrutmen","tugas_like","synthetic_template_v1","true","false","REK-6"
"spam","Halo pelanggan, HRD meminta pembayaran medical check-up ke rekening pribadi malam ini. Demikian informasinya.","Penipuan Rekrutmen","tugas_like","synthetic_template_v1","true","false","REK-8"
"spam","Hai, Undangan interview dari perusahaan besar, beli tiket melalui agen yang kami tunjuk. Terima kasih atas waktunya.","Penipuan Rekrutmen","biaya_administrasi","synthetic_template_v1","true","false","REK-4"
"spam","Selamat sore, Akun akan dinonaktifkan bila Anda tidak membalas dengan OTP sebelum pukul 18.00. Terima kasih.","Social Engineering","penyamaran_petugas","synthetic_template_v1","true","false","SOC-6"
"spam","Selamat sore, Bukti profit sudah banyak. Transfer dana awal agar akun investasi diaktifkan. Semoga membantu.","Penipuan Investasi","deposit_awal","synthetic_template_v1","true","false","INV-10"
"ham","Halo kak, Kami mengundang Anda ke pernikahan keluarga kami pada Sabtu. Undangan berupa PDF, tidak perlu memasang aplikasi. Semoga membantu.","Aman","percakapan_harian","synthetic_template_v1","true","false","AMN-2"
"spam","Assalamualaikum, Hadiah pelanggan menunggu. Pasang Bonus_Resmi_0094.apk untuk klaim. Mohon diperhatikan.","Phishing/Link Berbahaya","paket_apk","synthetic_template_v1","true","false","PHI-8"
"spam","Assalamualaikum, Petugas pajak meminta data rekening dan PIN untuk pengembalian dana. Terima kasih atas waktunya.","Social Engineering","penyamaran_petugas","synthetic_template_v1","true","false","SOC-7"
"spam","Assalamualaikum, Saya dari kantor pusat, mohon konfirmasi password untuk pemeriksaan keamanan. Terima kasih.","Social Engineering","permintaan_otp","synthetic_template_v1","true","false","SOC-4"
"spam","Mohon perhatian, Aku serius ingin menikah denganmu, tetapi paket hadiahku tertahan dan perlu biaya Rp500.000. Harap cek kembali.","Penipuan Romansa","pinjaman_pasangan","synthetic_template_v1","true","false","ROM-2"
"spam","Selamat pagi, Nomor Anda bermasalah. Kirim kode verifikasi kepada petugas ini malam ini. Terima kasih atas waktunya.","Social Engineering","permintaan_otp","synthetic_template_v1","true","false","SOC-3"
"spam","Halo pelanggan, Undangan resmi elektronik tersedia melalui link http://undangan-0185.invalid. Harap cek kembali.","Phishing/Link Berbahaya","tautan_login_palsu","synthetic_template_v1","true","false","PHI-9"
"spam","Selamat sore, Bisnis passive income tanpa kerja, modal kembali dalam 10 hari. Ditunggu konfirmasinya.","Penipuan Investasi","deposit_awal","synthetic_template_v1","true","false","INV-9"
"spam","Halo pelanggan, Tugas online mudah menghasilkan komisi. Top up saldo agar tugas berikutnya terbuka. Salam.","Penipuan Rekrutmen","tugas_like","synthetic_template_v1","true","false","REK-7"
"spam","Assalamualaikum, Aku kehilangan dompet saat perjalanan menemuimu. Tolong transfer Rp500.000. Harap cek kembali.","Penipuan Romansa","darurat_palsu","synthetic_template_v1","true","false","ROM-9"
"spam","Assalamualaikum, Gabung grup trading kami, modal Rp5.000.000 dijamin berlipat dalam 7 hari. Terima kasih.","Penipuan Investasi","profit_pasti","synthetic_template_v1","true","false","INV-2"
"spam","Permisi, Dana Anda akan dikelola profesional dengan hasil pasti 20% per bulan. Terima kasih atas waktunya.","Penipuan Investasi","trading_palsu","synthetic_template_v1","true","false","INV-7"
"spam","Info untuk Anda, Dana Anda akan dikelola profesional dengan hasil pasti 75% per bulan. Terima kasih.","Penipuan Investasi","trading_palsu","synthetic_template_v1","true","false","INV-7"
"spam","Halo pelanggan, HRD membuka lowongan kerja. Bayar biaya administrasi Rp150.000 sebelum interview. Salam.","Penipuan Rekrutmen","biaya_administrasi","synthetic_template_v1","true","false","REK-1"
"spam","Halo pelanggan, Rekrutmen resmi tanpa wawancara, bayar pelatihan wajib sebesar Rp2.500.000. Terima kasih atas waktunya.","Penipuan Rekrutmen","tugas_like","synthetic_template_v1","true","false","REK-6"
"spam","Halo kak, Saya keluarga Anda memakai nomor baru. Tolong transfer Rp500.000 karena sedang darurat. Mohon diperhatikan.","Social Engineering","penyamaran_petugas","synthetic_template_v1","true","false","SOC-8"
"spam","Mohon perhatian, Atasan meminta transfer darurat Rp500.000; jangan hubungi siapa pun dulu. Terima kasih.","Social Engineering","penyamaran_petugas","synthetic_template_v1","true","false","SOC-5"
"spam","Selamat sore, Aku bekerja di luar negeri dan akan pulang menemuimu. Bayarkan bea paket hadiah dulu. Terima kasih.","Penipuan Romansa","pinjaman_pasangan","synthetic_template_v1","true","false","ROM-4"
"spam","Info untuk Anda, Kita sudah dekat lama. Tolong bantu biaya pengobatan keluargaku sebesar Rp150.000. Harap cek kembali.","Penipuan Romansa","darurat_palsu","synthetic_template_v1","true","false","ROM-10"
"spam","Hai, Cintaku, rekeningku diblokir. Pinjamkan Rp2.500.000, nanti langsung kuganti. Terima kasih.","Penipuan Romansa","hadiah_tertahan","synthetic_template_v1","true","false","ROM-5"
"ham","Assalamualaikum, Paket sudah diterima oleh satpam. Silakan diambil tanpa biaya tambahan. Demikian informasinya.","Aman","undangan_aman","synthetic_template_v1","true","false","AMN-6"
"spam","Assalamualaikum, Hadiah pelanggan menunggu. Pasang Bonus_Resmi_0089.apk untuk klaim. Ditunggu konfirmasinya.","Phishing/Link Berbahaya","paket_apk","synthetic_template_v1","true","false","PHI-8"
"spam","Mohon perhatian, Cintaku, rekeningku diblokir. Pinjamkan Rp2.500.000, nanti langsung kuganti. Semoga membantu.","Penipuan Romansa","hadiah_tertahan","synthetic_template_v1","true","false","ROM-5"
"spam","Selamat pagi, Kami mengundang Anda ke pesta pernikahan. Buka Foto Undangan_0024.apk untuk info lengkapnya. Salam.","Phishing/Link Berbahaya","undangan_apk","synthetic_template_v1","true","false","PHI-1"
"spam","Selamat sore, Akun akan dinonaktifkan bila Anda tidak membalas dengan OTP malam ini. Semoga membantu.","Social Engineering","penyamaran_petugas","synthetic_template_v1","true","false","SOC-6"
"spam","Halo kak, Akun akan dinonaktifkan bila Anda tidak membalas dengan OTP hari ini. Terima kasih.","Social Engineering","penyamaran_petugas","synthetic_template_v1","true","false","SOC-6"
"ham","Kepada Yth. Bapak/Ibu, Besok rapat kelompok dimulai pukul 13.00 di ruang aula. Terima kasih atas waktunya.","Aman","percakapan_harian","synthetic_template_v1","true","false","AMN-1"
"spam","Halo kak, Hadiah pernikahan untukmu tertahan di bea cukai. Bayar tagihannya agar dikirim. Salam.","Penipuan Romansa","hadiah_tertahan","synthetic_template_v1","true","false","ROM-8"
"spam","Halo pelanggan, Sayang, aku sedang darurat di luar kota. Tolong kirim uang Rp1.250.000 sekarang. Harap cek kembali.","Penipuan Romansa","pinjaman_pasangan","synthetic_template_v1","true","false","ROM-1"
"spam","Permisi, Posisi terbatas, amankan kursi kerja dengan transfer Rp2.500.000. Salam.","Penipuan Rekrutmen","hrd_palsu","synthetic_template_v1","true","false","REK-9"
"spam","Hai, Penerimaan pegawai kilat. Rahasiakan proses dan lunasi biaya dokumen. Ditunggu konfirmasinya.","Penipuan Rekrutmen","hrd_palsu","synthetic_template_v1","true","false","REK-10"
"spam","Hai, Pihak berwenang mengancam denda bila data pribadi tidak dikirim sebelum pukul 18.00. Ditunggu konfirmasinya.","Social Engineering","ancaman_akun","synthetic_template_v1","true","false","SOC-10"
"ham","Hai, Terima kasih sudah hadir di acara keluarga kemarin, foto ada di album bersama. Semoga membantu.","Aman","undangan_aman","synthetic_template_v1","true","false","AMN-7"
"spam","Kepada Yth. Bapak/Ibu, Investasi eksklusif menjanjikan profit 40% tanpa risiko. Deposit mulai Rp5.000.000. Mohon diperhatikan.","Penipuan Investasi","profit_pasti","synthetic_template_v1","true","false","INV-1"
"spam","Selamat sore, Kerja paruh waktu dari rumah, tugas memberi like dengan deposit awal Rp2.500.000. Harap cek kembali.","Penipuan Rekrutmen","biaya_administrasi","synthetic_template_v1","true","false","REK-3"
"spam","Hai, Buka file Galeri_Pernikahan_0414.apk agar foto dan alamat gedung terlihat. Terima kasih atas waktunya.","Phishing/Link Berbahaya","paket_apk","synthetic_template_v1","true","false","PHI-7"
"spam","Mohon perhatian, Undangan resmi elektronik tersedia melalui link http://undangan-0257.invalid. Demikian informasinya.","Phishing/Link Berbahaya","tautan_login_palsu","synthetic_template_v1","true","false","PHI-9"
"spam","Assalamualaikum, Kesempatan cuan pasti 75% per minggu, transfer modal sebelum batas waktu. Harap cek kembali.","Penipuan Investasi","profit_pasti","synthetic_template_v1","true","false","INV-3"
"spam","Halo kak, Cintaku, rekeningku diblokir. Pinjamkan Rp150.000, nanti langsung kuganti. Semoga membantu.","Penipuan Romansa","hadiah_tertahan","synthetic_template_v1","true","false","ROM-5"
"spam","Halo kak, Anda diterima tanpa tes. Transfer biaya seragam Rp150.000 sebelum pukul 18.00. Demikian informasinya.","Penipuan Rekrutmen","biaya_administrasi","synthetic_template_v1","true","false","REK-2"
"ham","Halo kak, Paket sudah diterima oleh satpam. Silakan diambil tanpa biaya tambahan. Terima kasih.","Aman","undangan_aman","synthetic_template_v1","true","false","AMN-6"
"spam","Assalamualaikum, Kami lampirkan Undangan_Digital_Pernikahan_0179.apk. Mohon diunduh untuk melihat peta lokasi. Ditunggu konfirmasinya.","Phishing/Link Berbahaya","undangan_apk","synthetic_template_v1","true","false","PHI-2"
"spam","Info untuk Anda, Paket investasi VIP tersisa satu slot. Kirim Rp150.000 untuk mengamankan posisi. Salam.","Penipuan Investasi","trading_palsu","synthetic_template_v1","true","false","INV-8"
"spam","Halo pelanggan, Setelah semua obrolan kita, buktikan kepercayaanmu dengan membantu transfer Rp500.000. Harap cek kembali.","Penipuan Romansa","pinjaman_pasangan","synthetic_template_v1","true","false","ROM-3"
"ham","kalau ragu hubungi nomor resmi bank","Aman","contemporary_hard_case","synthetic_contemporary_v2","true","false","AMN-H20"
"spam","Assalamualaikum, Posisi terbatas, amankan kursi kerja dengan transfer Rp1.250.000. Terima kasih.","Penipuan Rekrutmen","hrd_palsu","synthetic_template_v1","true","false","REK-9"
"ham","Permisi, Paket sudah diterima oleh satpam. Silakan diambil tanpa biaya tambahan. Demikian informasinya.","Aman","undangan_aman","synthetic_template_v1","true","false","AMN-6"
"spam","Hai, Gabung grup trading kami, modal Rp500.000 dijamin berlipat dalam 10 hari. Terima kasih.","Penipuan Investasi","profit_pasti","synthetic_template_v1","true","false","INV-2"
"ham","Halo pelanggan, Jadwal konsultasi dipindah ke Rabu pukul 13.00 melalui ruang kelas resmi. Demikian informasinya.","Aman","undangan_aman","synthetic_template_v1","true","false","AMN-5"
"spam","Assalamualaikum, Kerja paruh waktu dari rumah, tugas memberi like dengan deposit awal Rp2.500.000. Demikian informasinya.","Penipuan Rekrutmen","biaya_administrasi","synthetic_template_v1","true","false","REK-3"
"spam","Mohon perhatian, Hadiah pelanggan menunggu. Pasang Bonus_Resmi_0495.apk untuk klaim. Mohon diperhatikan.","Phishing/Link Berbahaya","paket_apk","synthetic_template_v1","true","false","PHI-8"
"spam","Halo pelanggan, HRD membuka lowongan kerja. Bayar biaya administrasi Rp2.500.000 sebelum interview. Salam.","Penipuan Rekrutmen","biaya_administrasi","synthetic_template_v1","true","false","REK-1"
"spam","Info untuk Anda, Aku serius ingin menikah denganmu, tetapi paket hadiahku tertahan dan perlu biaya Rp350.000. Terima kasih atas waktunya.","Penipuan Romansa","pinjaman_pasangan","synthetic_template_v1","true","false","ROM-2"
"spam","Info untuk Anda, Posisi terbatas, amankan kursi kerja dengan transfer Rp1.250.000. Salam.","Penipuan Rekrutmen","hrd_palsu","synthetic_template_v1","true","false","REK-9"
"spam","Assalamualaikum, Kami lampirkan Undangan_Digital_Pernikahan_0172.apk. Mohon diunduh untuk melihat peta lokasi. Mohon diperhatikan.","Phishing/Link Berbahaya","undangan_apk","synthetic_template_v1","true","false","PHI-2"
"spam","Mohon perhatian, Setelah semua obrolan kita, buktikan kepercayaanmu dengan membantu transfer Rp1.250.000. Terima kasih atas waktunya.","Penipuan Romansa","pinjaman_pasangan","synthetic_template_v1","true","false","ROM-3"
"spam","Info untuk Anda, Penerimaan pegawai kilat. Rahasiakan proses dan lunasi biaya dokumen. Mohon diperhatikan.","Penipuan Rekrutmen","hrd_palsu","synthetic_template_v1","true","false","REK-10"
"spam","Halo pelanggan, Aku serius ingin menikah denganmu, tetapi paket hadiahku tertahan dan perlu biaya Rp500.000. Terima kasih.","Penipuan Romansa","pinjaman_pasangan","synthetic_template_v1","true","false","ROM-2"
"spam","Hai, Kami mengundang Anda ke pesta pernikahan. Buka Foto Undangan_0571.apk untuk info lengkapnya. Harap cek kembali.","Phishing/Link Berbahaya","undangan_apk","synthetic_template_v1","true","false","PHI-1"
"spam","Mohon perhatian, Kerja paruh waktu dari rumah, tugas memberi like dengan deposit awal Rp5.000.000. Mohon diperhatikan.","Penipuan Rekrutmen","biaya_administrasi","synthetic_template_v1","true","false","REK-3"
"spam","Hai, Anda diterima tanpa tes. Transfer biaya seragam Rp150.000 malam ini. Mohon diperhatikan.","Penipuan Rekrutmen","biaya_administrasi","synthetic_template_v1","true","false","REK-2"
"spam","Assalamualaikum, Kerja paruh waktu dari rumah, tugas memberi like dengan deposit awal Rp5.000.000. Demikian informasinya.","Penipuan Rekrutmen","biaya_administrasi","synthetic_template_v1","true","false","REK-3"
"ham","Permisi, Aku sudah sampai rumah. Kabari kalau kamu juga sudah sampai dengan aman. Mohon diperhatikan.","Aman","informasi_resmi","synthetic_template_v1","true","false","AMN-9"
"spam","Info untuk Anda, Sayang, aku sedang darurat di luar kota. Tolong kirim uang Rp5.000.000 sebelum pukul 18.00. Terima kasih atas waktunya.","Penipuan Romansa","pinjaman_pasangan","synthetic_template_v1","true","false","ROM-1"
"spam","Halo kak, Posisi terbatas, amankan kursi kerja dengan transfer Rp5.000.000. Terima kasih.","Penipuan Rekrutmen","hrd_palsu","synthetic_template_v1","true","false","REK-9"
"spam","Buktikan cintamu dengan membayar biaya rumah sakit keluargaku.","Penipuan Romansa","contemporary_hard_case","synthetic_contemporary_v2","true","false","ROM-H5"
"spam","Selamat pagi, Saya petugas bank. Sebutkan OTP yang baru masuk agar rekening tidak diblokir sebelum pukul 18.00. Semoga membantu.","Social Engineering","permintaan_otp","synthetic_template_v1","true","false","SOC-1"
"spam","Selamat pagi, Proyek kripto rahasia akan naik 30%. Jangan lewatkan penawaran hari ini. Semoga membantu.","Penipuan Investasi","trading_palsu","synthetic_template_v1","true","false","INV-5"
"spam","Info untuk Anda, Kerja paruh waktu dari rumah, tugas memberi like dengan deposit awal Rp5.000.000. Semoga membantu.","Penipuan Rekrutmen","biaya_administrasi","synthetic_template_v1","true","false","REK-3"
"spam","Halo pelanggan, Kita sudah dekat lama. Tolong bantu biaya pengobatan keluargaku sebesar Rp150.000. Semoga membantu.","Penipuan Romansa","darurat_palsu","synthetic_template_v1","true","false","ROM-10"
"spam","Hai, Rekrutmen resmi tanpa wawancara, bayar pelatihan wajib sebesar Rp2.500.000. Terima kasih atas waktunya.","Penipuan Rekrutmen","tugas_like","synthetic_template_v1","true","false","REK-6"
"spam","Info untuk Anda, Posisi terbatas, amankan kursi kerja dengan transfer Rp1.250.000. Ditunggu konfirmasinya.","Penipuan Rekrutmen","hrd_palsu","synthetic_template_v1","true","false","REK-9"
"ham","Assalamualaikum, Besok rapat kelompok dimulai pukul 13.00 di ruang B3. Terima kasih atas waktunya.","Aman","percakapan_harian","synthetic_template_v1","true","false","AMN-1"
"spam","Kepada Yth. Bapak/Ibu, Hadiah pelanggan menunggu. Pasang Bonus_Resmi_0335.apk untuk klaim. Terima kasih.","Phishing/Link Berbahaya","paket_apk","synthetic_template_v1","true","false","PHI-8"
"spam","Selamat pagi, Sayang, aku sedang darurat di luar kota. Tolong kirim uang Rp2.500.000 malam ini. Terima kasih.","Penipuan Romansa","pinjaman_pasangan","synthetic_template_v1","true","false","ROM-1"
"spam","Selamat sore, Gabung grup trading kami, modal Rp5.000.000 dijamin berlipat dalam 10 hari. Terima kasih.","Penipuan Investasi","profit_pasti","synthetic_template_v1","true","false","INV-2"
"spam","Selamat pagi, Aku serius ingin menikah denganmu, tetapi paket hadiahku tertahan dan perlu biaya Rp150.000. Harap cek kembali.","Penipuan Romansa","pinjaman_pasangan","synthetic_template_v1","true","false","ROM-2"
"spam","Halo kak, Penerimaan pegawai kilat. Rahasiakan proses dan lunasi biaya dokumen. Terima kasih.","Penipuan Rekrutmen","hrd_palsu","synthetic_template_v1","true","false","REK-10"
"spam","Halo pelanggan, Admin layanan membutuhkan PIN Anda untuk membatalkan transaksi Rp5.000.000. Harap cek kembali.","Social Engineering","permintaan_otp","synthetic_template_v1","true","false","SOC-2"
"spam","Info untuk Anda, Detail waktu dan lokasi pernikahan ada di Undangan Pernikahan 0108.apk, silakan buka hari ini. Salam.","Phishing/Link Berbahaya","undangan_apk","synthetic_template_v1","true","false","PHI-3"
"spam","Halo pelanggan, Saya petugas bank. Sebutkan OTP yang baru masuk agar rekening tidak diblokir sekarang. Ditunggu konfirmasinya.","Social Engineering","permintaan_otp","synthetic_template_v1","true","false","SOC-1"
"spam","Assalamualaikum, Saya keluarga Anda memakai nomor baru. Tolong transfer Rp500.000 karena sedang darurat. Mohon diperhatikan.","Social Engineering","penyamaran_petugas","synthetic_template_v1","true","false","SOC-8"
"spam","Assalamualaikum, Proyek kripto rahasia akan naik 75%. Jangan lewatkan penawaran hari ini. Salam.","Penipuan Investasi","trading_palsu","synthetic_template_v1","true","false","INV-5"
"ham","Hai, Besok rapat kelompok dimulai pukul 09.30 di ruang laboratorium. Mohon diperhatikan.","Aman","percakapan_harian","synthetic_template_v1","true","false","AMN-1"
"spam","Kepada Yth. Bapak/Ibu, Nomor Anda bermasalah. Kirim kode verifikasi kepada petugas ini malam ini. Demikian informasinya.","Social Engineering","permintaan_otp","synthetic_template_v1","true","false","SOC-3"
"spam","Selamat sore, Investasi eksklusif menjanjikan profit 20% tanpa risiko. Deposit mulai Rp1.250.000. Demikian informasinya.","Penipuan Investasi","profit_pasti","synthetic_template_v1","true","false","INV-1"
"ham","Selamat sore, Terima kasih sudah hadir di acara keluarga kemarin, foto ada di album bersama. Mohon diperhatikan.","Aman","undangan_aman","synthetic_template_v1","true","false","AMN-7"
"spam","Kepada Yth. Bapak/Ibu, Nomor Anda bermasalah. Kirim kode verifikasi kepada petugas ini sebelum pukul 18.00. Semoga membantu.","Social Engineering","permintaan_otp","synthetic_template_v1","true","false","SOC-3"
"spam","Permisi, Rekrutmen resmi tanpa wawancara, bayar pelatihan wajib sebesar Rp350.000. Terima kasih.","Penipuan Rekrutmen","tugas_like","synthetic_template_v1","true","false","REK-6"
"ham","Halo kak, Kami mengundang Anda ke pernikahan keluarga kami pada minggu depan. Undangan berupa PDF, tidak perlu memasang aplikasi. Terima kasih atas waktunya.","Aman","percakapan_harian","synthetic_template_v1","true","false","AMN-2"
"spam","Hai, Saya petugas bank. Sebutkan OTP yang baru masuk agar rekening tidak diblokir malam ini. Mohon diperhatikan.","Social Engineering","permintaan_otp","synthetic_template_v1","true","false","SOC-1"
"ham","Info untuk Anda, Foto undangan pernikahan sudah saya kirim dalam format JPG. Sampai jumpa di acara ya. Terima kasih atas waktunya.","Aman","percakapan_harian","synthetic_template_v1","true","false","AMN-3"
"spam","Selamat pagi, Buka file Galeri_Pernikahan_0373.apk agar foto dan alamat gedung terlihat. Demikian informasinya.","Phishing/Link Berbahaya","paket_apk","synthetic_template_v1","true","false","PHI-7"
"spam","Info untuk Anda, Rekrutmen resmi tanpa wawancara, bayar pelatihan wajib sebesar Rp5.000.000. Semoga membantu.","Penipuan Rekrutmen","tugas_like","synthetic_template_v1","true","false","REK-6"
"spam","Selamat sore, Perbarui data akun melalui halaman login https://akun-aman-0530.invalid sebelum batas waktu. Demikian informasinya.","Phishing/Link Berbahaya","tautan_login_palsu","synthetic_template_v1","true","false","PHI-10"
"spam","Permisi, Posisi terbatas, amankan kursi kerja dengan transfer Rp500.000. Ditunggu konfirmasinya.","Penipuan Rekrutmen","hrd_palsu","synthetic_template_v1","true","false","REK-9"
"ham","Selamat pagi, Besok rapat kelompok dimulai pukul 19.00 di ruang C2. Salam.","Aman","percakapan_harian","synthetic_template_v1","true","false","AMN-1"
"spam","Selamat pagi, Saya keluarga Anda memakai nomor baru. Tolong transfer Rp500.000 karena sedang darurat. Ditunggu konfirmasinya.","Social Engineering","penyamaran_petugas","synthetic_template_v1","true","false","SOC-8"
"spam","Selamat sore, Kerja paruh waktu dari rumah, tugas memberi like dengan deposit awal Rp500.000. Demikian informasinya.","Penipuan Rekrutmen","biaya_administrasi","synthetic_template_v1","true","false","REK-3"
"spam","Permisi, Kita sudah dekat lama. Tolong bantu biaya pengobatan keluargaku sebesar Rp350.000. Semoga membantu.","Penipuan Romansa","darurat_palsu","synthetic_template_v1","true","false","ROM-10"
"spam","Selamat sore, Posisi terbatas, amankan kursi kerja dengan transfer Rp1.250.000. Demikian informasinya.","Penipuan Rekrutmen","hrd_palsu","synthetic_template_v1","true","false","REK-9"
"spam","Halo kak, Penerimaan pegawai kilat. Rahasiakan proses dan lunasi biaya dokumen. Terima kasih atas waktunya.","Penipuan Rekrutmen","hrd_palsu","synthetic_template_v1","true","false","REK-10"
"spam","Assalamualaikum, Posisi terbatas, amankan kursi kerja dengan transfer Rp2.500.000. Demikian informasinya.","Penipuan Rekrutmen","hrd_palsu","synthetic_template_v1","true","false","REK-9"
"spam","Halo kak, Saya petugas bank. Sebutkan OTP yang baru masuk agar rekening tidak diblokir sebelum pukul 18.00. Demikian informasinya.","Social Engineering","permintaan_otp","synthetic_template_v1","true","false","SOC-1"
"spam","Info untuk Anda, Customer service meminta foto kartu dan kode rahasia untuk membuka blokir. Terima kasih.","Social Engineering","ancaman_akun","synthetic_template_v1","true","false","SOC-9"
"spam","Mohon perhatian, Paket Anda tertahan. Download aplikasi Cek_Resi_0546.apk untuk memilih jadwal antar. Terima kasih.","Phishing/Link Berbahaya","undangan_apk","synthetic_template_v1","true","false","PHI-4"
"spam","Halo pelanggan, Akun akan dinonaktifkan bila Anda tidak membalas dengan OTP malam ini. Terima kasih.","Social Engineering","penyamaran_petugas","synthetic_template_v1","true","false","SOC-6"
"spam","Halo kak, Nomor Anda bermasalah. Kirim kode verifikasi kepada petugas ini sekarang. Harap cek kembali.","Social Engineering","permintaan_otp","synthetic_template_v1","true","false","SOC-3"
"spam","Mohon perhatian, Aku serius ingin menikah denganmu, tetapi paket hadiahku tertahan dan perlu biaya Rp350.000. Ditunggu konfirmasinya.","Penipuan Romansa","pinjaman_pasangan","synthetic_template_v1","true","false","ROM-2"
"spam","Selamat pagi, Hadiah pelanggan menunggu. Pasang Bonus_Resmi_0200.apk untuk klaim. Terima kasih.","Phishing/Link Berbahaya","paket_apk","synthetic_template_v1","true","false","PHI-8"
"spam","Selamat sore, Kita sudah dekat lama. Tolong bantu biaya pengobatan keluargaku sebesar Rp5.000.000. Harap cek kembali.","Penipuan Romansa","darurat_palsu","synthetic_template_v1","true","false","ROM-10"
"spam","Info untuk Anda, Cintaku, rekeningku diblokir. Pinjamkan Rp1.250.000, nanti langsung kuganti. Salam.","Penipuan Romansa","hadiah_tertahan","synthetic_template_v1","true","false","ROM-5"
"spam","Selamat sore, Proyek kripto rahasia akan naik 40%. Jangan lewatkan penawaran sekarang. Terima kasih.","Penipuan Investasi","trading_palsu","synthetic_template_v1","true","false","INV-5"
"spam","Kepada Yth. Bapak/Ibu, HRD meminta pembayaran medical check-up ke rekening pribadi dalam 30 menit. Semoga membantu.","Penipuan Rekrutmen","tugas_like","synthetic_template_v1","true","false","REK-8"
"spam","Halo kak, Sayang, aku sedang darurat di luar kota. Tolong kirim uang Rp2.500.000 sebelum batas waktu. Demikian informasinya.","Penipuan Romansa","pinjaman_pasangan","synthetic_template_v1","true","false","ROM-1"
"ham","Kepada Yth. Bapak/Ibu, Kami mengundang Anda ke pernikahan keluarga kami pada Senin. Undangan berupa PDF, tidak perlu memasang aplikasi. Demikian informasinya.","Aman","percakapan_harian","synthetic_template_v1","true","false","AMN-2"
"spam","Kepada Yth. Bapak/Ibu, Saya keluarga Anda memakai nomor baru. Tolong transfer Rp2.500.000 karena sedang darurat. Demikian informasinya.","Social Engineering","penyamaran_petugas","synthetic_template_v1","true","false","SOC-8"
"ham","gunakan aplikasi resmi dari Play Store","Aman","contemporary_hard_case","synthetic_contemporary_v2","true","false","AMN-H14"
"spam","Info untuk Anda, Hadiah pernikahan untukmu tertahan di bea cukai. Bayar tagihannya agar dikirim. Harap cek kembali.","Penipuan Romansa","hadiah_tertahan","synthetic_template_v1","true","false","ROM-8"
"ham","Selamat pagi, Terima kasih sudah hadir di acara keluarga kemarin, foto ada di album bersama. Terima kasih atas waktunya.","Aman","undangan_aman","synthetic_template_v1","true","false","AMN-7"
"spam","Info untuk Anda, Investasi eksklusif menjanjikan profit 30% tanpa risiko. Deposit mulai Rp350.000. Harap cek kembali.","Penipuan Investasi","profit_pasti","synthetic_template_v1","true","false","INV-1"
"spam","Selamat pagi, Bukti profit sudah banyak. Transfer dana awal agar akun investasi diaktifkan. Harap cek kembali.","Penipuan Investasi","deposit_awal","synthetic_template_v1","true","false","INV-10"
"spam","Kepada Yth. Bapak/Ibu, Akun akan dinonaktifkan bila Anda tidak membalas dengan OTP hari ini. Harap cek kembali.","Social Engineering","penyamaran_petugas","synthetic_template_v1","true","false","SOC-6"
"spam","Selamat sore, Setelah semua obrolan kita, buktikan kepercayaanmu dengan membantu transfer Rp500.000. Demikian informasinya.","Penipuan Romansa","pinjaman_pasangan","synthetic_template_v1","true","false","ROM-3"
"spam","Assalamualaikum, Saya petugas bank. Sebutkan OTP yang baru masuk agar rekening tidak diblokir sebelum pukul 18.00. Terima kasih atas waktunya.","Social Engineering","permintaan_otp","synthetic_template_v1","true","false","SOC-1"
"spam","Halo kak, Tugas online mudah menghasilkan komisi. Top up saldo agar tugas berikutnya terbuka. Mohon diperhatikan.","Penipuan Rekrutmen","tugas_like","synthetic_template_v1","true","false","REK-7"
"spam","Halo pelanggan, Hadiah pelanggan menunggu. Pasang Bonus_Resmi_0270.apk untuk klaim. Salam.","Phishing/Link Berbahaya","paket_apk","synthetic_template_v1","true","false","PHI-8"
"ham","Assalamualaikum, Foto undangan pernikahan sudah saya kirim dalam format JPG. Sampai jumpa di acara ya. Terima kasih.","Aman","percakapan_harian","synthetic_template_v1","true","false","AMN-3"
"spam","Kepada Yth. Bapak/Ibu, Penerimaan pegawai kilat. Rahasiakan proses dan lunasi biaya dokumen. Ditunggu konfirmasinya.","Penipuan Rekrutmen","hrd_palsu","synthetic_template_v1","true","false","REK-10"
"spam","Mohon perhatian, Aku bekerja di luar negeri dan akan pulang menemuimu. Bayarkan bea paket hadiah dulu. Ditunggu konfirmasinya.","Penipuan Romansa","pinjaman_pasangan","synthetic_template_v1","true","false","ROM-4"
"spam","Selamat sore, Gabung grup trading kami, modal Rp5.000.000 dijamin berlipat dalam 10 hari. Salam.","Penipuan Investasi","profit_pasti","synthetic_template_v1","true","false","INV-2"
"spam","Hai, Posisi terbatas, amankan kursi kerja dengan transfer Rp350.000. Semoga membantu.","Penipuan Rekrutmen","hrd_palsu","synthetic_template_v1","true","false","REK-9"
"spam","Selamat pagi, Bisnis passive income tanpa kerja, modal kembali dalam 5 hari. Mohon diperhatikan.","Penipuan Investasi","deposit_awal","synthetic_template_v1","true","false","INV-9"
"ham","jangan lupa makan","Aman","contemporary_hard_case","synthetic_contemporary_v2","true","false","AMN-H10"
"spam","Info untuk Anda, Tugas online mudah menghasilkan komisi. Top up saldo agar tugas berikutnya terbuka. Terima kasih atas waktunya.","Penipuan Rekrutmen","tugas_like","synthetic_template_v1","true","false","REK-7"
"spam","Assalamualaikum, Atasan meminta transfer darurat Rp2.500.000; jangan hubungi siapa pun dulu. Terima kasih atas waktunya.","Social Engineering","penyamaran_petugas","synthetic_template_v1","true","false","SOC-5"
"spam","Halo kak, Aku kehilangan dompet saat perjalanan menemuimu. Tolong transfer Rp5.000.000. Terima kasih atas waktunya.","Penipuan Romansa","darurat_palsu","synthetic_template_v1","true","false","ROM-9"
"spam","Selamat sore, Kesempatan cuan pasti 75% per minggu, transfer modal sekarang. Demikian informasinya.","Penipuan Investasi","profit_pasti","synthetic_template_v1","true","false","INV-3"
"spam","Hai, Cintaku, rekeningku diblokir. Pinjamkan Rp500.000, nanti langsung kuganti. Ditunggu konfirmasinya.","Penipuan Romansa","hadiah_tertahan","synthetic_template_v1","true","false","ROM-5"
"spam","Halo pelanggan, Akun bank akan dinonaktifkan. Verifikasi melalui https://bank-verifikasi-0520.invalid. Mohon diperhatikan.","Phishing/Link Berbahaya","paket_apk","synthetic_template_v1","true","false","PHI-5"
"ham","Permisi, Jadwal konsultasi dipindah ke Senin pukul 19.00 melalui ruang kelas resmi. Mohon diperhatikan.","Aman","undangan_aman","synthetic_template_v1","true","false","AMN-5"
"spam","Info untuk Anda, Customer service meminta foto kartu dan kode rahasia untuk membuka blokir. Semoga membantu.","Social Engineering","ancaman_akun","synthetic_template_v1","true","false","SOC-9"
"ham","Selamat sore, Terima kasih sudah hadir di acara keluarga kemarin, foto ada di album bersama. Harap cek kembali.","Aman","undangan_aman","synthetic_template_v1","true","false","AMN-7"
"spam","Kepada Yth. Bapak/Ibu, Cintaku, rekeningku diblokir. Pinjamkan Rp500.000, nanti langsung kuganti. Demikian informasinya.","Penipuan Romansa","hadiah_tertahan","synthetic_template_v1","true","false","ROM-5"
"ham","Halo kak, Jadwal konsultasi dipindah ke Senin pukul 19.00 melalui ruang kelas resmi. Salam.","Aman","undangan_aman","synthetic_template_v1","true","false","AMN-5"
"spam","Halo pelanggan, Hadiah pernikahan untukmu tertahan di bea cukai. Bayar tagihannya agar dikirim. Salam.","Penipuan Romansa","hadiah_tertahan","synthetic_template_v1","true","false","ROM-8"
"spam","Info untuk Anda, Robot trading legal menjamin return tetap. Buka akun dengan setoran Rp500.000. Terima kasih atas waktunya.","Penipuan Investasi","profit_pasti","synthetic_template_v1","true","false","INV-4"
"spam","Permisi, Pihak berwenang mengancam denda bila data pribadi tidak dikirim sebelum batas waktu. Harap cek kembali.","Social Engineering","ancaman_akun","synthetic_template_v1","true","false","SOC-10"
"spam","Selamat sore, Buka file Galeri_Pernikahan_0380.apk agar foto dan alamat gedung terlihat. Salam.","Phishing/Link Berbahaya","paket_apk","synthetic_template_v1","true","false","PHI-7"
"spam","Halo kak, Paket investasi VIP tersisa satu slot. Kirim Rp2.500.000 untuk mengamankan posisi. Demikian informasinya.","Penipuan Investasi","trading_palsu","synthetic_template_v1","true","false","INV-8"
"spam","Selamat sore, Hadiah pernikahan untukmu tertahan di bea cukai. Bayar tagihannya agar dikirim. Terima kasih.","Penipuan Romansa","hadiah_tertahan","synthetic_template_v1","true","false","ROM-8"
"spam","Halo pelanggan, Saya keluarga Anda memakai nomor baru. Tolong transfer Rp1.250.000 karena sedang darurat. Terima kasih.","Social Engineering","penyamaran_petugas","synthetic_template_v1","true","false","SOC-8"
"spam","Hai, Sayang, aku sedang darurat di luar kota. Tolong kirim uang Rp2.500.000 dalam 30 menit. Ditunggu konfirmasinya.","Penipuan Romansa","pinjaman_pasangan","synthetic_template_v1","true","false","ROM-1"
"spam","Assalamualaikum, Aku serius ingin menikah denganmu, tetapi paket hadiahku tertahan dan perlu biaya Rp2.500.000. Ditunggu konfirmasinya.","Penipuan Romansa","pinjaman_pasangan","synthetic_template_v1","true","false","ROM-2"
"spam","Assalamualaikum, Saya petugas bank. Sebutkan OTP yang baru masuk agar rekening tidak diblokir malam ini. Demikian informasinya.","Social Engineering","permintaan_otp","synthetic_template_v1","true","false","SOC-1"
"ham","Kepada Yth. Bapak/Ibu, Terima kasih sudah hadir di acara keluarga kemarin, foto ada di album bersama. Ditunggu konfirmasinya.","Aman","undangan_aman","synthetic_template_v1","true","false","AMN-7"
"spam","Kepada Yth. Bapak/Ibu, Akun akan dinonaktifkan bila Anda tidak membalas dengan OTP sebelum pukul 18.00. Demikian informasinya.","Social Engineering","penyamaran_petugas","synthetic_template_v1","true","false","SOC-6"
"spam","Selamat sore, Anda diterima tanpa tes. Transfer biaya seragam Rp150.000 hari ini. Demikian informasinya.","Penipuan Rekrutmen","biaya_administrasi","synthetic_template_v1","true","false","REK-2"
"spam","Info untuk Anda, Kesempatan cuan pasti 25% per minggu, transfer modal dalam 30 menit. Semoga membantu.","Penipuan Investasi","profit_pasti","synthetic_template_v1","true","false","INV-3"
"spam","Admin grup meminta pajak pencairan sebelum keuntungan bisa ditarik.","Penipuan Investasi","contemporary_hard_case","synthetic_contemporary_v2","true","false","INV-H8"
"spam","Selamat sore, Jangan beri tahu keluargamu tentang hubungan kita. Aku butuh bantuan dana malam ini. Semoga membantu.","Penipuan Romansa","hadiah_tertahan","synthetic_template_v1","true","false","ROM-6"
"spam","Hai, Kami lampirkan Undangan_Digital_Pernikahan_0162.apk. Mohon diunduh untuk melihat peta lokasi. Ditunggu konfirmasinya.","Phishing/Link Berbahaya","undangan_apk","synthetic_template_v1","true","false","PHI-2"
"spam","Hai, Anda diterima tanpa tes. Transfer biaya seragam Rp350.000 sebelum pukul 18.00. Salam.","Penipuan Rekrutmen","biaya_administrasi","synthetic_template_v1","true","false","REK-2"
"ham","Halo kak, Besok rapat kelompok dimulai pukul 08.00 di ruang B3. Ditunggu konfirmasinya.","Aman","percakapan_harian","synthetic_template_v1","true","false","AMN-1"
"spam","Assalamualaikum, Saya keluarga Anda memakai nomor baru. Tolong transfer Rp500.000 karena sedang darurat. Semoga membantu.","Social Engineering","penyamaran_petugas","synthetic_template_v1","true","false","SOC-8"
"ham","Info untuk Anda, Kami mengundang Anda ke pernikahan keluarga kami pada Rabu. Undangan berupa PDF, tidak perlu memasang aplikasi. Mohon diperhatikan.","Aman","percakapan_harian","synthetic_template_v1","true","false","AMN-2"
"spam","Mohon perhatian, Paket Anda tertahan. Download aplikasi Cek_Resi_0214.apk untuk memilih jadwal antar. Terima kasih.","Phishing/Link Berbahaya","undangan_apk","synthetic_template_v1","true","false","PHI-4"
"spam","Mohon perhatian, Aku ingin membangun masa depan bersama, kirim modal kecil untuk usaha kita. Mohon diperhatikan.","Penipuan Romansa","hadiah_tertahan","synthetic_template_v1","true","false","ROM-7"
"spam","Permisi, Robot trading legal menjamin return tetap. Buka akun dengan setoran Rp150.000. Terima kasih atas waktunya.","Penipuan Investasi","profit_pasti","synthetic_template_v1","true","false","INV-4"
"spam","Halo pelanggan, Akun bank akan dinonaktifkan. Verifikasi melalui https://bank-verifikasi-0030.invalid. Salam.","Phishing/Link Berbahaya","paket_apk","synthetic_template_v1","true","false","PHI-5"
"spam","Kepada Yth. Bapak/Ibu, Rekrutmen resmi tanpa wawancara, bayar pelatihan wajib sebesar Rp500.000. Ditunggu konfirmasinya.","Penipuan Rekrutmen","tugas_like","synthetic_template_v1","true","false","REK-6"
"spam","Halo kak, Kita sudah dekat lama. Tolong bantu biaya pengobatan keluargaku sebesar Rp350.000. Mohon diperhatikan.","Penipuan Romansa","darurat_palsu","synthetic_template_v1","true","false","ROM-10"
"spam","Assalamualaikum, Aku kehilangan dompet saat perjalanan menemuimu. Tolong transfer Rp500.000. Salam.","Penipuan Romansa","darurat_palsu","synthetic_template_v1","true","false","ROM-9"
"spam","Mohon perhatian, Bisnis passive income tanpa kerja, modal kembali dalam 7 hari. Salam.","Penipuan Investasi","deposit_awal","synthetic_template_v1","true","false","INV-9"
"ham","Assalamualaikum, Tolong beli makan siang saat pulang dari kampus, nanti saya ganti. Salam.","Aman","percakapan_harian","synthetic_template_v1","true","false","AMN-4"
"ham","Halo kak, Kami mengundang Anda ke pernikahan keluarga kami pada minggu depan. Undangan berupa PDF, tidak perlu memasang aplikasi. Harap cek kembali.","Aman","percakapan_harian","synthetic_template_v1","true","false","AMN-2"
"spam","Halo pelanggan, Kami mengundang Anda ke pesta pernikahan. Buka Foto Undangan_0522.apk untuk info lengkapnya. Mohon diperhatikan.","Phishing/Link Berbahaya","undangan_apk","synthetic_template_v1","true","false","PHI-1"
"spam","Hai, Kami mengundang Anda ke pesta pernikahan. Buka Foto Undangan_0399.apk untuk info lengkapnya. Mohon diperhatikan.","Phishing/Link Berbahaya","undangan_apk","synthetic_template_v1","true","false","PHI-1"
"spam","Permisi, Investasi kebun digital memberi bonus anggota dan keuntungan tanpa rugi. Terima kasih atas waktunya.","Penipuan Investasi","trading_palsu","synthetic_template_v1","true","false","INV-6"
"spam","Assalamualaikum, Jangan beri tahu keluargamu tentang hubungan kita. Aku butuh bantuan dana malam ini. Mohon diperhatikan.","Penipuan Romansa","hadiah_tertahan","synthetic_template_v1","true","false","ROM-6"
"spam","Permisi, Kerja paruh waktu dari rumah, tugas memberi like dengan deposit awal Rp500.000. Demikian informasinya.","Penipuan Rekrutmen","biaya_administrasi","synthetic_template_v1","true","false","REK-3"
"spam","Selamat sore, Gabung grup trading kami, modal Rp5.000.000 dijamin berlipat dalam 2 hari. Terima kasih.","Penipuan Investasi","profit_pasti","synthetic_template_v1","true","false","INV-2"
"spam","Kepada Yth. Bapak/Ibu, Kesempatan cuan pasti 20% per minggu, transfer modal sekarang. Mohon diperhatikan.","Penipuan Investasi","profit_pasti","synthetic_template_v1","true","false","INV-3"
"ham","Halo kak, Besok rapat kelompok dimulai pukul 08.00 di ruang B3. Terima kasih atas waktunya.","Aman","percakapan_harian","synthetic_template_v1","true","false","AMN-1"
"spam","Mohon perhatian, Kita sudah dekat lama. Tolong bantu biaya pengobatan keluargaku sebesar Rp150.000. Ditunggu konfirmasinya.","Penipuan Romansa","darurat_palsu","synthetic_template_v1","true","false","ROM-10"
"spam","Selamat sore, HRD membuka lowongan kerja. Bayar biaya administrasi Rp5.000.000 sebelum interview. Ditunggu konfirmasinya.","Penipuan Rekrutmen","biaya_administrasi","synthetic_template_v1","true","false","REK-1"
"spam","Kepada Yth. Bapak/Ibu, Penerimaan pegawai kilat. Rahasiakan proses dan lunasi biaya dokumen. Demikian informasinya.","Penipuan Rekrutmen","hrd_palsu","synthetic_template_v1","true","false","REK-10"
"spam","Info untuk Anda, Setelah semua obrolan kita, buktikan kepercayaanmu dengan membantu transfer Rp150.000. Ditunggu konfirmasinya.","Penipuan Romansa","pinjaman_pasangan","synthetic_template_v1","true","false","ROM-3"
"spam","Selamat sore, Buka file Galeri_Pernikahan_0109.apk agar foto dan alamat gedung terlihat. Semoga membantu.","Phishing/Link Berbahaya","paket_apk","synthetic_template_v1","true","false","PHI-7"
"spam","Permisi, Tugas online mudah menghasilkan komisi. Top up saldo agar tugas berikutnya terbuka. Salam.","Penipuan Rekrutmen","tugas_like","synthetic_template_v1","true","false","REK-7"
"spam","Kepada Yth. Bapak/Ibu, Atasan meminta transfer darurat Rp5.000.000; jangan hubungi siapa pun dulu. Ditunggu konfirmasinya.","Social Engineering","penyamaran_petugas","synthetic_template_v1","true","false","SOC-5"
"spam","Assalamualaikum, Paket investasi VIP tersisa satu slot. Kirim Rp2.500.000 untuk mengamankan posisi. Mohon diperhatikan.","Penipuan Investasi","trading_palsu","synthetic_template_v1","true","false","INV-8"
"spam","Halo kak, Lowongan staf administrasi bergaji tinggi. Kirim PIN dan data rekening untuk payroll. Terima kasih.","Penipuan Rekrutmen","tugas_like","synthetic_template_v1","true","false","REK-5"
"spam","Halo pelanggan, Undangan interview dari perusahaan besar, beli tiket melalui agen yang kami tunjuk. Harap cek kembali.","Penipuan Rekrutmen","biaya_administrasi","synthetic_template_v1","true","false","REK-4"
"spam","Mohon perhatian, Proyek kripto rahasia akan naik 25%. Jangan lewatkan penawaran hari ini. Terima kasih.","Penipuan Investasi","trading_palsu","synthetic_template_v1","true","false","INV-5"
"spam","Info untuk Anda, Kita sudah dekat lama. Tolong bantu biaya pengobatan keluargaku sebesar Rp500.000. Semoga membantu.","Penipuan Romansa","darurat_palsu","synthetic_template_v1","true","false","ROM-10"
"spam","Assalamualaikum, Perbarui data akun melalui halaman login https://akun-aman-0072.invalid sekarang. Salam.","Phishing/Link Berbahaya","tautan_login_palsu","synthetic_template_v1","true","false","PHI-10"
"spam","Selamat sore, Tugas online mudah menghasilkan komisi. Top up saldo agar tugas berikutnya terbuka. Demikian informasinya.","Penipuan Rekrutmen","tugas_like","synthetic_template_v1","true","false","REK-7"
"spam","Kepada Yth. Bapak/Ibu, Penerimaan pegawai kilat. Rahasiakan proses dan lunasi biaya dokumen. Semoga membantu.","Penipuan Rekrutmen","hrd_palsu","synthetic_template_v1","true","false","REK-10"
"spam","Info untuk Anda, Saya keluarga Anda memakai nomor baru. Tolong transfer Rp150.000 karena sedang darurat. Demikian informasinya.","Social Engineering","penyamaran_petugas","synthetic_template_v1","true","false","SOC-8"
"spam","Selamat sore, Aku kehilangan dompet saat perjalanan menemuimu. Tolong transfer Rp1.250.000. Terima kasih.","Penipuan Romansa","darurat_palsu","synthetic_template_v1","true","false","ROM-9"
"spam","Permisi, Buka file Galeri_Pernikahan_0598.apk agar foto dan alamat gedung terlihat. Terima kasih atas waktunya.","Phishing/Link Berbahaya","paket_apk","synthetic_template_v1","true","false","PHI-7"
"spam","Assalamualaikum, Nomor Anda bermasalah. Kirim kode verifikasi kepada petugas ini sebelum pukul 18.00. Mohon diperhatikan.","Social Engineering","permintaan_otp","synthetic_template_v1","true","false","SOC-3"
"spam","Selamat sore, Gabung grup trading kami, modal Rp150.000 dijamin berlipat dalam 2 hari. Ditunggu konfirmasinya.","Penipuan Investasi","profit_pasti","synthetic_template_v1","true","false","INV-2"
"ham","Kepada Yth. Bapak/Ibu, Kami mengundang Anda ke pernikahan keluarga kami pada Sabtu. Undangan berupa PDF, tidak perlu memasang aplikasi. Harap cek kembali.","Aman","percakapan_harian","synthetic_template_v1","true","false","AMN-2"
"ham","Assalamualaikum, Pengumuman kampus dapat dilihat melalui portal akademik resmi. Harap cek kembali.","Aman","undangan_aman","synthetic_template_v1","true","false","AMN-8"
"spam","Permisi, Kerja paruh waktu dari rumah, tugas memberi like dengan deposit awal Rp2.500.000. Ditunggu konfirmasinya.","Penipuan Rekrutmen","biaya_administrasi","synthetic_template_v1","true","false","REK-3"
"spam","Permisi, Bisnis passive income tanpa kerja, modal kembali dalam 2 hari. Harap cek kembali.","Penipuan Investasi","deposit_awal","synthetic_template_v1","true","false","INV-9"
"ham","Selamat sore, Besok rapat kelompok dimulai pukul 15.30 di ruang laboratorium. Harap cek kembali.","Aman","percakapan_harian","synthetic_template_v1","true","false","AMN-1"
"spam","Selamat pagi, Setelah semua obrolan kita, buktikan kepercayaanmu dengan membantu transfer Rp500.000. Terima kasih.","Penipuan Romansa","pinjaman_pasangan","synthetic_template_v1","true","false","ROM-3"
"spam","Kepada Yth. Bapak/Ibu, Detail waktu dan lokasi pernikahan ada di Undangan Pernikahan 0470.apk, silakan buka sekarang. Terima kasih atas waktunya.","Phishing/Link Berbahaya","undangan_apk","synthetic_template_v1","true","false","PHI-3"
"spam","Halo pelanggan, Atasan meminta transfer darurat Rp350.000; jangan hubungi siapa pun dulu. Ditunggu konfirmasinya.","Social Engineering","penyamaran_petugas","synthetic_template_v1","true","false","SOC-5"
"spam","Mohon perhatian, HRD membuka lowongan kerja. Bayar biaya administrasi Rp350.000 sebelum interview. Ditunggu konfirmasinya.","Penipuan Rekrutmen","biaya_administrasi","synthetic_template_v1","true","false","REK-1"
"spam","Info untuk Anda, Paket Anda tertahan. Download aplikasi Cek_Resi_0382.apk untuk memilih jadwal antar. Terima kasih.","Phishing/Link Berbahaya","undangan_apk","synthetic_template_v1","true","false","PHI-4"
"spam","Halo kak, Posisi terbatas, amankan kursi kerja dengan transfer Rp350.000. Salam.","Penipuan Rekrutmen","hrd_palsu","synthetic_template_v1","true","false","REK-9"
"spam","Hai, Paket Anda tertahan. Download aplikasi Cek_Resi_0493.apk untuk memilih jadwal antar. Ditunggu konfirmasinya.","Phishing/Link Berbahaya","undangan_apk","synthetic_template_v1","true","false","PHI-4"
"spam","Mohon perhatian, Perbarui data akun melalui halaman login https://akun-aman-0377.invalid sekarang. Semoga membantu.","Phishing/Link Berbahaya","tautan_login_palsu","synthetic_template_v1","true","false","PHI-10"
"spam","Permisi, Akun bank akan dinonaktifkan. Verifikasi melalui https://bank-verifikasi-0049.invalid. Mohon diperhatikan.","Phishing/Link Berbahaya","paket_apk","synthetic_template_v1","true","false","PHI-5"
"spam","Selamat sore, Paket Anda tertahan. Download aplikasi Cek_Resi_0258.apk untuk memilih jadwal antar. Harap cek kembali.","Phishing/Link Berbahaya","undangan_apk","synthetic_template_v1","true","false","PHI-4"
"spam","Assalamualaikum, Saya petugas bank. Sebutkan OTP yang baru masuk agar rekening tidak diblokir sekarang. Terima kasih.","Social Engineering","permintaan_otp","synthetic_template_v1","true","false","SOC-1"
"spam","Hai, Kesempatan cuan pasti 75% per minggu, transfer modal malam ini. Mohon diperhatikan.","Penipuan Investasi","profit_pasti","synthetic_template_v1","true","false","INV-3"
"spam","Halo kak, Investasi eksklusif menjanjikan profit 40% tanpa risiko. Deposit mulai Rp500.000. Semoga membantu.","Penipuan Investasi","profit_pasti","synthetic_template_v1","true","false","INV-1"
"spam","Kepada Yth. Bapak/Ibu, Buka file Galeri_Pernikahan_0153.apk agar foto dan alamat gedung terlihat. Salam.","Phishing/Link Berbahaya","paket_apk","synthetic_template_v1","true","false","PHI-7"
"spam","Kepada Yth. Bapak/Ibu, Cintaku, rekeningku diblokir. Pinjamkan Rp2.500.000, nanti langsung kuganti. Terima kasih atas waktunya.","Penipuan Romansa","hadiah_tertahan","synthetic_template_v1","true","false","ROM-5"
"spam","Selamat sore, Saya dari kantor pusat, mohon konfirmasi password untuk pemeriksaan keamanan. Demikian informasinya.","Social Engineering","permintaan_otp","synthetic_template_v1","true","false","SOC-4"
"spam","Assalamualaikum, Kita sudah dekat lama. Tolong bantu biaya pengobatan keluargaku sebesar Rp500.000. Mohon diperhatikan.","Penipuan Romansa","darurat_palsu","synthetic_template_v1","true","false","ROM-10"
"ham","Kepada Yth. Bapak/Ibu, Terima kasih sudah hadir di acara keluarga kemarin, foto ada di album bersama. Terima kasih.","Aman","undangan_aman","synthetic_template_v1","true","false","AMN-7"
"spam","Assalamualaikum, Buka file Galeri_Pernikahan_0260.apk agar foto dan alamat gedung terlihat. Ditunggu konfirmasinya.","Phishing/Link Berbahaya","paket_apk","synthetic_template_v1","true","false","PHI-7"
"spam","Hai, Akun bank akan dinonaktifkan. Verifikasi melalui https://bank-verifikasi-0516.invalid. Salam.","Phishing/Link Berbahaya","paket_apk","synthetic_template_v1","true","false","PHI-5"
"spam","Assalamualaikum, Penerimaan pegawai kilat. Rahasiakan proses dan lunasi biaya dokumen. Salam.","Penipuan Rekrutmen","hrd_palsu","synthetic_template_v1","true","false","REK-10"
"ham","Selamat pagi, Jadwal konsultasi dipindah ke Rabu pukul 13.00 melalui ruang kelas resmi. Semoga membantu.","Aman","undangan_aman","synthetic_template_v1","true","false","AMN-5"
"spam","Hai, Aku ingin membangun masa depan bersama, kirim modal kecil untuk usaha kita. Mohon diperhatikan.","Penipuan Romansa","hadiah_tertahan","synthetic_template_v1","true","false","ROM-7"
"spam","Hai, Kami mengundang Anda ke pesta pernikahan. Buka Foto Undangan_0283.apk untuk info lengkapnya. Terima kasih atas waktunya.","Phishing/Link Berbahaya","undangan_apk","synthetic_template_v1","true","false","PHI-1"
"spam","Selamat pagi, Dana Anda akan dikelola profesional dengan hasil pasti 30% per bulan. Terima kasih atas waktunya.","Penipuan Investasi","trading_palsu","synthetic_template_v1","true","false","INV-7"
"spam","Permisi, Saya keluarga Anda memakai nomor baru. Tolong transfer Rp150.000 karena sedang darurat. Ditunggu konfirmasinya.","Social Engineering","penyamaran_petugas","synthetic_template_v1","true","false","SOC-8"
"spam","Selamat sore, Tagihan belum dibayar. Klik tautan [tautan-palsu-0043] untuk menghindari denda. Ditunggu konfirmasinya.","Phishing/Link Berbahaya","paket_apk","synthetic_template_v1","true","false","PHI-6"
"ham","voice chat WhatsApp tidak otomatis menguras saldo","Aman","contemporary_hard_case","synthetic_contemporary_v2","true","false","AMN-H19"
"spam","Info untuk Anda, Bisnis passive income tanpa kerja, modal kembali dalam 3 hari. Mohon diperhatikan.","Penipuan Investasi","deposit_awal","synthetic_template_v1","true","false","INV-9"
"ham","Mohon perhatian, Jadwal konsultasi dipindah ke Senin pukul 15.30 melalui ruang kelas resmi. Terima kasih.","Aman","undangan_aman","synthetic_template_v1","true","false","AMN-5"
"spam","Mohon perhatian, Buka file Galeri_Pernikahan_0360.apk agar foto dan alamat gedung terlihat. Mohon diperhatikan.","Phishing/Link Berbahaya","paket_apk","synthetic_template_v1","true","false","PHI-7"
"spam","Assalamualaikum, Customer service meminta foto kartu dan kode rahasia untuk membuka blokir. Terima kasih.","Social Engineering","ancaman_akun","synthetic_template_v1","true","false","SOC-9"
"spam","Halo pelanggan, Posisi terbatas, amankan kursi kerja dengan transfer Rp5.000.000. Demikian informasinya.","Penipuan Rekrutmen","hrd_palsu","synthetic_template_v1","true","false","REK-9"
"spam","Halo kak, Kami lampirkan Undangan_Digital_Pernikahan_0474.apk. Mohon diunduh untuk melihat peta lokasi. Terima kasih.","Phishing/Link Berbahaya","undangan_apk","synthetic_template_v1","true","false","PHI-2"
"spam","Assalamualaikum, Hadiah pelanggan menunggu. Pasang Bonus_Resmi_0060.apk untuk klaim. Terima kasih.","Phishing/Link Berbahaya","paket_apk","synthetic_template_v1","true","false","PHI-8"
"spam","Kepada Yth. Bapak/Ibu, Kesempatan cuan pasti 40% per minggu, transfer modal sebelum batas waktu. Mohon diperhatikan.","Penipuan Investasi","profit_pasti","synthetic_template_v1","true","false","INV-3"
"spam","Halo pelanggan, Rekrutmen resmi tanpa wawancara, bayar pelatihan wajib sebesar Rp350.000. Ditunggu konfirmasinya.","Penipuan Rekrutmen","tugas_like","synthetic_template_v1","true","false","REK-6"
"spam","Selamat pagi, Tagihan belum dibayar. Klik tautan [tautan-palsu-0402] untuk menghindari denda. Terima kasih.","Phishing/Link Berbahaya","paket_apk","synthetic_template_v1","true","false","PHI-6"
"spam","Mohon perhatian, Bisnis passive income tanpa kerja, modal kembali dalam 3 hari. Demikian informasinya.","Penipuan Investasi","deposit_awal","synthetic_template_v1","true","false","INV-9"
"ham","Info untuk Anda, Paket sudah diterima oleh satpam. Silakan diambil tanpa biaya tambahan. Demikian informasinya.","Aman","undangan_aman","synthetic_template_v1","true","false","AMN-6"
"spam","Halo pelanggan, Bukti profit sudah banyak. Transfer dana awal agar akun investasi diaktifkan. Salam.","Penipuan Investasi","deposit_awal","synthetic_template_v1","true","false","INV-10"
"spam","Info untuk Anda, Buka file Galeri_Pernikahan_0152.apk agar foto dan alamat gedung terlihat. Terima kasih.","Phishing/Link Berbahaya","paket_apk","synthetic_template_v1","true","false","PHI-7"
"spam","Info untuk Anda, Perbarui data akun melalui halaman login https://akun-aman-0349.invalid dalam 30 menit. Harap cek kembali.","Phishing/Link Berbahaya","tautan_login_palsu","synthetic_template_v1","true","false","PHI-10"
"spam","Info untuk Anda, Kesempatan cuan pasti 25% per minggu, transfer modal hari ini. Demikian informasinya.","Penipuan Investasi","profit_pasti","synthetic_template_v1","true","false","INV-3"
"spam","Halo kak, Kita sudah dekat lama. Tolong bantu biaya pengobatan keluargaku sebesar Rp2.500.000. Terima kasih.","Penipuan Romansa","darurat_palsu","synthetic_template_v1","true","false","ROM-10"
"spam","Selamat sore, Aku kehilangan dompet saat perjalanan menemuimu. Tolong transfer Rp1.250.000. Semoga membantu.","Penipuan Romansa","darurat_palsu","synthetic_template_v1","true","false","ROM-9"
"spam","Kepada Yth. Bapak/Ibu, Aku bekerja di luar negeri dan akan pulang menemuimu. Bayarkan bea paket hadiah dulu. Harap cek kembali.","Penipuan Romansa","pinjaman_pasangan","synthetic_template_v1","true","false","ROM-4"
"ham","Halo pelanggan, Foto undangan pernikahan sudah saya kirim dalam format JPG. Sampai jumpa di acara ya. Terima kasih.","Aman","percakapan_harian","synthetic_template_v1","true","false","AMN-3"
"spam","Selamat sore, Kita sudah dekat lama. Tolong bantu biaya pengobatan keluargaku sebesar Rp150.000. Semoga membantu.","Penipuan Romansa","darurat_palsu","synthetic_template_v1","true","false","ROM-10"
"spam","Mohon perhatian, Undangan resmi elektronik tersedia melalui link http://undangan-0219.invalid. Mohon diperhatikan.","Phishing/Link Berbahaya","tautan_login_palsu","synthetic_template_v1","true","false","PHI-9"
"spam","Kepada Yth. Bapak/Ibu, Anda diterima tanpa tes. Transfer biaya seragam Rp500.000 dalam 30 menit. Terima kasih atas waktunya.","Penipuan Rekrutmen","biaya_administrasi","synthetic_template_v1","true","false","REK-2"
"ham","Selamat sore, Besok rapat kelompok dimulai pukul 15.30 di ruang aula. Terima kasih.","Aman","percakapan_harian","synthetic_template_v1","true","false","AMN-1"
"spam","Kepada Yth. Bapak/Ibu, Cintaku, rekeningku diblokir. Pinjamkan Rp500.000, nanti langsung kuganti. Terima kasih atas waktunya.","Penipuan Romansa","hadiah_tertahan","synthetic_template_v1","true","false","ROM-5"
"spam","Permisi, Aku kehilangan dompet saat perjalanan menemuimu. Tolong transfer Rp350.000. Semoga membantu.","Penipuan Romansa","darurat_palsu","synthetic_template_v1","true","false","ROM-9"
"spam","Assalamualaikum, Setelah semua obrolan kita, buktikan kepercayaanmu dengan membantu transfer Rp5.000.000. Harap cek kembali.","Penipuan Romansa","pinjaman_pasangan","synthetic_template_v1","true","false","ROM-3"
"ham","Assalamualaikum, Aku sudah sampai rumah. Kabari kalau kamu juga sudah sampai dengan aman. Demikian informasinya.","Aman","informasi_resmi","synthetic_template_v1","true","false","AMN-9"
"ham","Halo kak, Pengumuman kampus dapat dilihat melalui portal akademik resmi. Ditunggu konfirmasinya.","Aman","undangan_aman","synthetic_template_v1","true","false","AMN-8"
"spam","Selamat sore, Petugas pajak meminta data rekening dan PIN untuk pengembalian dana. Semoga membantu.","Social Engineering","penyamaran_petugas","synthetic_template_v1","true","false","SOC-7"
"spam","Mohon perhatian, Detail waktu dan lokasi pernikahan ada di Undangan Pernikahan 0449.apk, silakan buka dalam 30 menit. Semoga membantu.","Phishing/Link Berbahaya","undangan_apk","synthetic_template_v1","true","false","PHI-3"
"spam","Info untuk Anda, Sayang, aku sedang darurat di luar kota. Tolong kirim uang Rp150.000 sekarang. Demikian informasinya.","Penipuan Romansa","pinjaman_pasangan","synthetic_template_v1","true","false","ROM-1"
"spam","Selamat pagi, Aku serius ingin menikah denganmu, tetapi paket hadiahku tertahan dan perlu biaya Rp150.000. Mohon diperhatikan.","Penipuan Romansa","pinjaman_pasangan","synthetic_template_v1","true","false","ROM-2"
"spam","Selamat pagi, Admin layanan membutuhkan PIN Anda untuk membatalkan transaksi Rp1.250.000. Terima kasih atas waktunya.","Social Engineering","permintaan_otp","synthetic_template_v1","true","false","SOC-2"
"ham","Mohon perhatian, Tolong beli makan siang saat pulang dari kampus, nanti saya ganti. Ditunggu konfirmasinya.","Aman","percakapan_harian","synthetic_template_v1","true","false","AMN-4"
"spam","Selamat sore, Anda diterima tanpa tes. Transfer biaya seragam Rp1.250.000 hari ini. Mohon diperhatikan.","Penipuan Rekrutmen","biaya_administrasi","synthetic_template_v1","true","false","REK-2"
"spam","Assalamualaikum, Gabung grup trading kami, modal Rp1.250.000 dijamin berlipat dalam 7 hari. Demikian informasinya.","Penipuan Investasi","profit_pasti","synthetic_template_v1","true","false","INV-2"
"spam","Assalamualaikum, Akun akan dinonaktifkan bila Anda tidak membalas dengan OTP dalam 30 menit. Ditunggu konfirmasinya.","Social Engineering","penyamaran_petugas","synthetic_template_v1","true","false","SOC-6"
"spam","Selamat pagi, Sayang, aku sedang darurat di luar kota. Tolong kirim uang Rp5.000.000 malam ini. Mohon diperhatikan.","Penipuan Romansa","pinjaman_pasangan","synthetic_template_v1","true","false","ROM-1"
"ham","Hai, Besok rapat kelompok dimulai pukul 09.30 di ruang laboratorium. Terima kasih atas waktunya.","Aman","percakapan_harian","synthetic_template_v1","true","false","AMN-1"
"spam","Assalamualaikum, Akun akan dinonaktifkan bila Anda tidak membalas dengan OTP hari ini. Demikian informasinya.","Social Engineering","penyamaran_petugas","synthetic_template_v1","true","false","SOC-6"
"spam","Assalamualaikum, Pihak berwenang mengancam denda bila data pribadi tidak dikirim dalam 30 menit. Salam.","Social Engineering","ancaman_akun","synthetic_template_v1","true","false","SOC-10"
"spam","Selamat sore, Investasi kebun digital memberi bonus anggota dan keuntungan tanpa rugi. Salam.","Penipuan Investasi","trading_palsu","synthetic_template_v1","true","false","INV-6"
"ham","Permisi, Tolong beli makan siang saat pulang dari kampus, nanti saya ganti. Terima kasih.","Aman","percakapan_harian","synthetic_template_v1","true","false","AMN-4"
"spam","Assalamualaikum, Dana Anda akan dikelola profesional dengan hasil pasti 30% per bulan. Terima kasih.","Penipuan Investasi","trading_palsu","synthetic_template_v1","true","false","INV-7"
"ham","Hai, Jadwal konsultasi dipindah ke minggu depan pukul 08.00 melalui ruang kelas resmi. Demikian informasinya.","Aman","undangan_aman","synthetic_template_v1","true","false","AMN-5"
"spam","Assalamualaikum, Gabung grup trading kami, modal Rp350.000 dijamin berlipat dalam 10 hari. Semoga membantu.","Penipuan Investasi","profit_pasti","synthetic_template_v1","true","false","INV-2"
"spam","Permisi, Anda diterima tanpa tes. Transfer biaya seragam Rp1.250.000 sebelum pukul 18.00. Mohon diperhatikan.","Penipuan Rekrutmen","biaya_administrasi","synthetic_template_v1","true","false","REK-2"
"ham","Halo kak, Kami mengundang Anda ke pernikahan keluarga kami pada Senin. Undangan berupa PDF, tidak perlu memasang aplikasi. Ditunggu konfirmasinya.","Aman","percakapan_harian","synthetic_template_v1","true","false","AMN-2"
"spam","Info untuk Anda, Cintaku, rekeningku diblokir. Pinjamkan Rp1.250.000, nanti langsung kuganti. Harap cek kembali.","Penipuan Romansa","hadiah_tertahan","synthetic_template_v1","true","false","ROM-5"
"spam","Permisi, Robot trading legal menjamin return tetap. Buka akun dengan setoran Rp5.000.000. Harap cek kembali.","Penipuan Investasi","profit_pasti","synthetic_template_v1","true","false","INV-4"
"ham","Assalamualaikum, Aku sudah sampai rumah. Kabari kalau kamu juga sudah sampai dengan aman. Ditunggu konfirmasinya.","Aman","informasi_resmi","synthetic_template_v1","true","false","AMN-9"
"spam","Foto paket gagal antar ada di CekPaket.apk.","Phishing/Link Berbahaya","contemporary_hard_case","synthetic_contemporary_v2","true","false","PHI-H2"
"spam","Halo pelanggan, Cintaku, rekeningku diblokir. Pinjamkan Rp1.250.000, nanti langsung kuganti. Terima kasih.","Penipuan Romansa","hadiah_tertahan","synthetic_template_v1","true","false","ROM-5"
"spam","Halo kak, Posisi terbatas, amankan kursi kerja dengan transfer Rp5.000.000. Harap cek kembali.","Penipuan Rekrutmen","hrd_palsu","synthetic_template_v1","true","false","REK-9"
"spam","Halo kak, Akun akan dinonaktifkan bila Anda tidak membalas dengan OTP hari ini. Mohon diperhatikan.","Social Engineering","penyamaran_petugas","synthetic_template_v1","true","false","SOC-6"
"spam","Assalamualaikum, Buka file Galeri_Pernikahan_0273.apk agar foto dan alamat gedung terlihat. Harap cek kembali.","Phishing/Link Berbahaya","paket_apk","synthetic_template_v1","true","false","PHI-7"
"spam","Selamat sore, Admin layanan membutuhkan PIN Anda untuk membatalkan transaksi Rp350.000. Harap cek kembali.","Social Engineering","permintaan_otp","synthetic_template_v1","true","false","SOC-2"
"spam","Permisi, HRD meminta pembayaran medical check-up ke rekening pribadi malam ini. Mohon diperhatikan.","Penipuan Rekrutmen","tugas_like","synthetic_template_v1","true","false","REK-8"
"spam","Kita baru kenal, tapi aku sayang kamu. Tolong kirim biaya tiket untuk menemuimu.","Penipuan Romansa","contemporary_hard_case","synthetic_contemporary_v2","true","false","ROM-H1"
"spam","Suara di voice note ini dari atasan, segera kirim uang tanpa konfirmasi.","Social Engineering","contemporary_hard_case","synthetic_contemporary_v2","true","false","SOC-H4"
"spam","Halo kak, Akun akan dinonaktifkan bila Anda tidak membalas dengan OTP malam ini. Terima kasih atas waktunya.","Social Engineering","penyamaran_petugas","synthetic_template_v1","true","false","SOC-6"
"ham","Halo kak, Foto undangan pernikahan sudah saya kirim dalam format JPG. Sampai jumpa di acara ya. Mohon diperhatikan.","Aman","percakapan_harian","synthetic_template_v1","true","false","AMN-3"
"spam","Mohon perhatian, Setelah semua obrolan kita, buktikan kepercayaanmu dengan membantu transfer Rp500.000. Salam.","Penipuan Romansa","pinjaman_pasangan","synthetic_template_v1","true","false","ROM-3"
"spam","Mohon perhatian, Rekrutmen resmi tanpa wawancara, bayar pelatihan wajib sebesar Rp500.000. Ditunggu konfirmasinya.","Penipuan Rekrutmen","tugas_like","synthetic_template_v1","true","false","REK-6"
"ham","Selamat sore, Kami mengundang Anda ke pernikahan keluarga kami pada minggu depan. Undangan berupa PDF, tidak perlu memasang aplikasi. Terima kasih.","Aman","percakapan_harian","synthetic_template_v1","true","false","AMN-2"
"spam","Permisi, Hadiah pernikahan untukmu tertahan di bea cukai. Bayar tagihannya agar dikirim. Demikian informasinya.","Penipuan Romansa","hadiah_tertahan","synthetic_template_v1","true","false","ROM-8"
"spam","Hai, Kerja paruh waktu dari rumah, tugas memberi like dengan deposit awal Rp500.000. Salam.","Penipuan Rekrutmen","biaya_administrasi","synthetic_template_v1","true","false","REK-3"
"ham","Kepada Yth. Bapak/Ibu, Terima kasih sudah hadir di acara keluarga kemarin, foto ada di album bersama. Demikian informasinya.","Aman","undangan_aman","synthetic_template_v1","true","false","AMN-7"
"spam","Halo pelanggan, Posisi terbatas, amankan kursi kerja dengan transfer Rp150.000. Semoga membantu.","Penipuan Rekrutmen","hrd_palsu","synthetic_template_v1","true","false","REK-9"
"spam","Permisi, Pihak berwenang mengancam denda bila data pribadi tidak dikirim malam ini. Demikian informasinya.","Social Engineering","ancaman_akun","synthetic_template_v1","true","false","SOC-10"
"spam","Permisi, Proyek kripto rahasia akan naik 20%. Jangan lewatkan penawaran dalam 30 menit. Mohon diperhatikan.","Penipuan Investasi","trading_palsu","synthetic_template_v1","true","false","INV-5"
"ham","Permisi, Kami mengundang Anda ke pernikahan keluarga kami pada Rabu. Undangan berupa PDF, tidak perlu memasang aplikasi. Mohon diperhatikan.","Aman","percakapan_harian","synthetic_template_v1","true","false","AMN-2"
"spam","Assalamualaikum, Tagihan belum dibayar. Klik tautan [tautan-palsu-0392] untuk menghindari denda. Terima kasih.","Phishing/Link Berbahaya","paket_apk","synthetic_template_v1","true","false","PHI-6"
"ham","Info untuk Anda, Foto undangan pernikahan sudah saya kirim dalam format JPG. Sampai jumpa di acara ya. Harap cek kembali.","Aman","percakapan_harian","synthetic_template_v1","true","false","AMN-3"
"spam","Kepada Yth. Bapak/Ibu, Perbarui data akun melalui halaman login https://akun-aman-0390.invalid malam ini. Semoga membantu.","Phishing/Link Berbahaya","tautan_login_palsu","synthetic_template_v1","true","false","PHI-10"
"spam","Selamat pagi, Proyek kripto rahasia akan naik 50%. Jangan lewatkan penawaran sebelum batas waktu. Mohon diperhatikan.","Penipuan Investasi","trading_palsu","synthetic_template_v1","true","false","INV-5"
"spam","Mohon perhatian, Customer service meminta foto kartu dan kode rahasia untuk membuka blokir. Demikian informasinya.","Social Engineering","ancaman_akun","synthetic_template_v1","true","false","SOC-9"
"spam","Hai, Setelah semua obrolan kita, buktikan kepercayaanmu dengan membantu transfer Rp2.500.000. Terima kasih.","Penipuan Romansa","pinjaman_pasangan","synthetic_template_v1","true","false","ROM-3"
"spam","Permisi, Setelah semua obrolan kita, buktikan kepercayaanmu dengan membantu transfer Rp5.000.000. Harap cek kembali.","Penipuan Romansa","pinjaman_pasangan","synthetic_template_v1","true","false","ROM-3"
"ham","Halo kak, Aku sudah sampai rumah. Kabari kalau kamu juga sudah sampai dengan aman. Demikian informasinya.","Aman","informasi_resmi","synthetic_template_v1","true","false","AMN-9"
"spam","Hai, Paket Anda tertahan. Download aplikasi Cek_Resi_0599.apk untuk memilih jadwal antar. Semoga membantu.","Phishing/Link Berbahaya","undangan_apk","synthetic_template_v1","true","false","PHI-4"
"spam","Hai, Nomor Anda bermasalah. Kirim kode verifikasi kepada petugas ini sebelum batas waktu. Semoga membantu.","Social Engineering","permintaan_otp","synthetic_template_v1","true","false","SOC-3"
"spam","Halo pelanggan, Kita sudah dekat lama. Tolong bantu biaya pengobatan keluargaku sebesar Rp150.000. Mohon diperhatikan.","Penipuan Romansa","darurat_palsu","synthetic_template_v1","true","false","ROM-10"
"spam","Mohon perhatian, Saya dari kantor pusat, mohon konfirmasi password untuk pemeriksaan keamanan. Terima kasih atas waktunya.","Social Engineering","permintaan_otp","synthetic_template_v1","true","false","SOC-4"
"spam","Hai, Tagihan belum dibayar. Klik tautan [tautan-palsu-0308] untuk menghindari denda. Terima kasih atas waktunya.","Phishing/Link Berbahaya","paket_apk","synthetic_template_v1","true","false","PHI-6"
"spam","Info untuk Anda, Aku ingin membangun masa depan bersama, kirim modal kecil untuk usaha kita. Mohon diperhatikan.","Penipuan Romansa","hadiah_tertahan","synthetic_template_v1","true","false","ROM-7"
"spam","Kepada Yth. Bapak/Ibu, Atasan meminta transfer darurat Rp5.000.000; jangan hubungi siapa pun dulu. Mohon diperhatikan.","Social Engineering","penyamaran_petugas","synthetic_template_v1","true","false","SOC-5"
"spam","Hai, Akun akan dinonaktifkan bila Anda tidak membalas dengan OTP sebelum pukul 18.00. Salam.","Social Engineering","penyamaran_petugas","synthetic_template_v1","true","false","SOC-6"
"spam","Assalamualaikum, Paket investasi VIP tersisa satu slot. Kirim Rp500.000 untuk mengamankan posisi. Terima kasih atas waktunya.","Penipuan Investasi","trading_palsu","synthetic_template_v1","true","false","INV-8"
"spam","Selamat sore, Kita sudah dekat lama. Tolong bantu biaya pengobatan keluargaku sebesar Rp350.000. Mohon diperhatikan.","Penipuan Romansa","darurat_palsu","synthetic_template_v1","true","false","ROM-10"
"spam","Selamat sore, Aku serius ingin menikah denganmu, tetapi paket hadiahku tertahan dan perlu biaya Rp1.250.000. Semoga membantu.","Penipuan Romansa","pinjaman_pasangan","synthetic_template_v1","true","false","ROM-2"
"spam","Info untuk Anda, Lowongan staf administrasi bergaji tinggi. Kirim PIN dan data rekening untuk payroll. Mohon diperhatikan.","Penipuan Rekrutmen","tugas_like","synthetic_template_v1","true","false","REK-5"
"spam","Hai, Kita sudah dekat lama. Tolong bantu biaya pengobatan keluargaku sebesar Rp350.000. Terima kasih.","Penipuan Romansa","darurat_palsu","synthetic_template_v1","true","false","ROM-10"
"spam","Mohon perhatian, Hadiah pernikahan untukmu tertahan di bea cukai. Bayar tagihannya agar dikirim. Terima kasih.","Penipuan Romansa","hadiah_tertahan","synthetic_template_v1","true","false","ROM-8"
"spam","Hai, Lowongan staf administrasi bergaji tinggi. Kirim PIN dan data rekening untuk payroll. Semoga membantu.","Penipuan Rekrutmen","tugas_like","synthetic_template_v1","true","false","REK-5"
"ham","Assalamualaikum, Undangan rapat RT terlampir sebagai dokumen PDF dari pengurus yang kamu kenal. Harap cek kembali.","Aman","informasi_resmi","synthetic_template_v1","true","false","AMN-10"
"spam","Assalamualaikum, Setelah semua obrolan kita, buktikan kepercayaanmu dengan membantu transfer Rp5.000.000. Terima kasih.","Penipuan Romansa","pinjaman_pasangan","synthetic_template_v1","true","false","ROM-3"
"spam","Permisi, Kita sudah dekat lama. Tolong bantu biaya pengobatan keluargaku sebesar Rp2.500.000. Semoga membantu.","Penipuan Romansa","darurat_palsu","synthetic_template_v1","true","false","ROM-10"
"spam","Kepada Yth. Bapak/Ibu, Rekrutmen resmi tanpa wawancara, bayar pelatihan wajib sebesar Rp2.500.000. Semoga membantu.","Penipuan Rekrutmen","tugas_like","synthetic_template_v1","true","false","REK-6"
"spam","Halo kak, Undangan resmi elektronik tersedia melalui link http://undangan-0589.invalid. Salam.","Phishing/Link Berbahaya","tautan_login_palsu","synthetic_template_v1","true","false","PHI-9"
"spam","Hai, Paket Anda tertahan. Download aplikasi Cek_Resi_0148.apk untuk memilih jadwal antar. Mohon diperhatikan.","Phishing/Link Berbahaya","undangan_apk","synthetic_template_v1","true","false","PHI-4"
"spam","Halo pelanggan, Saya keluarga Anda memakai nomor baru. Tolong transfer Rp350.000 karena sedang darurat. Terima kasih atas waktunya.","Social Engineering","penyamaran_petugas","synthetic_template_v1","true","false","SOC-8"
"spam","Mohon perhatian, Detail waktu dan lokasi pernikahan ada di Undangan Pernikahan 0578.apk, silakan buka dalam 30 menit. Terima kasih.","Phishing/Link Berbahaya","undangan_apk","synthetic_template_v1","true","false","PHI-3"
"spam","Halo pelanggan, Rekrutmen resmi tanpa wawancara, bayar pelatihan wajib sebesar Rp5.000.000. Harap cek kembali.","Penipuan Rekrutmen","tugas_like","synthetic_template_v1","true","false","REK-6"
"spam","Kepada Yth. Bapak/Ibu, Kami mengundang Anda ke pesta pernikahan. Buka Foto Undangan_0239.apk untuk info lengkapnya. Mohon diperhatikan.","Phishing/Link Berbahaya","undangan_apk","synthetic_template_v1","true","false","PHI-1"
"spam","Hai, Buka file Galeri_Pernikahan_0098.apk agar foto dan alamat gedung terlihat. Demikian informasinya.","Phishing/Link Berbahaya","paket_apk","synthetic_template_v1","true","false","PHI-7"
"spam","Assalamualaikum, Dana Anda akan dikelola profesional dengan hasil pasti 40% per bulan. Semoga membantu.","Penipuan Investasi","trading_palsu","synthetic_template_v1","true","false","INV-7"
"spam","Selamat pagi, Akun akan dinonaktifkan bila Anda tidak membalas dengan OTP dalam 30 menit. Terima kasih atas waktunya.","Social Engineering","penyamaran_petugas","synthetic_template_v1","true","false","SOC-6"
"spam","Assalamualaikum, Akun akan dinonaktifkan bila Anda tidak membalas dengan OTP malam ini. Ditunggu konfirmasinya.","Social Engineering","penyamaran_petugas","synthetic_template_v1","true","false","SOC-6"
"spam","Hai, Atasan meminta transfer darurat Rp1.250.000; jangan hubungi siapa pun dulu. Terima kasih atas waktunya.","Social Engineering","penyamaran_petugas","synthetic_template_v1","true","false","SOC-5"
"spam","Selamat sore, HRD meminta pembayaran medical check-up ke rekening pribadi dalam 30 menit. Semoga membantu.","Penipuan Rekrutmen","tugas_like","synthetic_template_v1","true","false","REK-8"
"spam","Permisi, Nomor Anda bermasalah. Kirim kode verifikasi kepada petugas ini sebelum batas waktu. Harap cek kembali.","Social Engineering","permintaan_otp","synthetic_template_v1","true","false","SOC-3"
"spam","Kepada Yth. Bapak/Ibu, Rekrutmen resmi tanpa wawancara, bayar pelatihan wajib sebesar Rp5.000.000. Terima kasih.","Penipuan Rekrutmen","tugas_like","synthetic_template_v1","true","false","REK-6"
"ham","Halo pelanggan, Kami mengundang Anda ke pernikahan keluarga kami pada Sabtu. Undangan berupa PDF, tidak perlu memasang aplikasi. Terima kasih atas waktunya.","Aman","percakapan_harian","synthetic_template_v1","true","false","AMN-2"
"spam","Mohon perhatian, Paket investasi VIP tersisa satu slot. Kirim Rp500.000 untuk mengamankan posisi. Mohon diperhatikan.","Penipuan Investasi","trading_palsu","synthetic_template_v1","true","false","INV-8"
"spam","Assalamualaikum, Aku bekerja di luar negeri dan akan pulang menemuimu. Bayarkan bea paket hadiah dulu. Salam.","Penipuan Romansa","pinjaman_pasangan","synthetic_template_v1","true","false","ROM-4"
"spam","Halo pelanggan, Akun bank akan dinonaktifkan. Verifikasi melalui https://bank-verifikasi-0141.invalid. Mohon diperhatikan.","Phishing/Link Berbahaya","paket_apk","synthetic_template_v1","true","false","PHI-5"
"spam","Robot trading otomatis tanpa risiko, deposit awal Rp500.000.","Penipuan Investasi","contemporary_hard_case","synthetic_contemporary_v2","true","false","INV-H2"
"spam","Halo kak, Buka file Galeri_Pernikahan_0243.apk agar foto dan alamat gedung terlihat. Harap cek kembali.","Phishing/Link Berbahaya","paket_apk","synthetic_template_v1","true","false","PHI-7"
"spam","Selamat pagi, Paket investasi VIP tersisa satu slot. Kirim Rp5.000.000 untuk mengamankan posisi. Ditunggu konfirmasinya.","Penipuan Investasi","trading_palsu","synthetic_template_v1","true","false","INV-8"
"spam","Kepada Yth. Bapak/Ibu, Jangan beri tahu keluargamu tentang hubungan kita. Aku butuh bantuan dana sekarang. Semoga membantu.","Penipuan Romansa","hadiah_tertahan","synthetic_template_v1","true","false","ROM-6"
"ham","Mohon perhatian, Tolong beli makan siang saat pulang dari kampus, nanti saya ganti. Terima kasih.","Aman","percakapan_harian","synthetic_template_v1","true","false","AMN-4"
"ham","Mohon perhatian, Besok rapat kelompok dimulai pukul 15.30 di ruang aula. Demikian informasinya.","Aman","percakapan_harian","synthetic_template_v1","true","false","AMN-1"
"spam","Hai, Kesempatan cuan pasti 25% per minggu, transfer modal sebelum pukul 18.00. Ditunggu konfirmasinya.","Penipuan Investasi","profit_pasti","synthetic_template_v1","true","false","INV-3"
"spam","Info untuk Anda, Bisnis passive income tanpa kerja, modal kembali dalam 3 hari. Harap cek kembali.","Penipuan Investasi","deposit_awal","synthetic_template_v1","true","false","INV-9"
"spam","Selamat sore, Aku serius ingin menikah denganmu, tetapi paket hadiahku tertahan dan perlu biaya Rp5.000.000. Salam.","Penipuan Romansa","pinjaman_pasangan","synthetic_template_v1","true","false","ROM-2"
"spam","Selamat pagi, Undangan resmi elektronik tersedia melalui link http://undangan-0078.invalid. Demikian informasinya.","Phishing/Link Berbahaya","tautan_login_palsu","synthetic_template_v1","true","false","PHI-9"
"spam","Halo kak, Hadiah pernikahan untukmu tertahan di bea cukai. Bayar tagihannya agar dikirim. Mohon diperhatikan.","Penipuan Romansa","hadiah_tertahan","synthetic_template_v1","true","false","ROM-8"
"ham","Mohon perhatian, Tolong beli makan siang saat pulang dari kampus, nanti saya ganti. Semoga membantu.","Aman","percakapan_harian","synthetic_template_v1","true","false","AMN-4"
"spam","Selamat sore, Jangan beri tahu keluargamu tentang hubungan kita. Aku butuh bantuan dana sekarang. Demikian informasinya.","Penipuan Romansa","hadiah_tertahan","synthetic_template_v1","true","false","ROM-6"
"ham","Halo kak, Kami mengundang Anda ke pernikahan keluarga kami pada minggu depan. Undangan berupa PDF, tidak perlu memasang aplikasi. Salam.","Aman","percakapan_harian","synthetic_template_v1","true","false","AMN-2"
"ham","Info untuk Anda, Paket sudah diterima oleh satpam. Silakan diambil tanpa biaya tambahan. Terima kasih.","Aman","undangan_aman","synthetic_template_v1","true","false","AMN-6"
"spam","Info untuk Anda, Nomor Anda bermasalah. Kirim kode verifikasi kepada petugas ini hari ini. Mohon diperhatikan.","Social Engineering","permintaan_otp","synthetic_template_v1","true","false","SOC-3"
"spam","Hai, Bukti profit sudah banyak. Transfer dana awal agar akun investasi diaktifkan. Demikian informasinya.","Penipuan Investasi","deposit_awal","synthetic_template_v1","true","false","INV-10"
"spam","Info untuk Anda, Kita sudah dekat lama. Tolong bantu biaya pengobatan keluargaku sebesar Rp350.000. Ditunggu konfirmasinya.","Penipuan Romansa","darurat_palsu","synthetic_template_v1","true","false","ROM-10"
"spam","Selamat pagi, Aku serius ingin menikah denganmu, tetapi paket hadiahku tertahan dan perlu biaya Rp500.000. Terima kasih.","Penipuan Romansa","pinjaman_pasangan","synthetic_template_v1","true","false","ROM-2"
"spam","Mohon perhatian, Bisnis passive income tanpa kerja, modal kembali dalam 5 hari. Terima kasih atas waktunya.","Penipuan Investasi","deposit_awal","synthetic_template_v1","true","false","INV-9"
"spam","Hai, Tugas online mudah menghasilkan komisi. Top up saldo agar tugas berikutnya terbuka. Semoga membantu.","Penipuan Rekrutmen","tugas_like","synthetic_template_v1","true","false","REK-7"
"spam","Info untuk Anda, Perbarui data akun melalui halaman login https://akun-aman-0132.invalid hari ini. Terima kasih.","Phishing/Link Berbahaya","tautan_login_palsu","synthetic_template_v1","true","false","PHI-10"
"ham","Selamat sore, Jadwal konsultasi dipindah ke minggu depan pukul 09.30 melalui ruang kelas resmi. Terima kasih.","Aman","undangan_aman","synthetic_template_v1","true","false","AMN-5"
"spam","Assalamualaikum, Saya petugas bank. Sebutkan OTP yang baru masuk agar rekening tidak diblokir dalam 30 menit. Harap cek kembali.","Social Engineering","permintaan_otp","synthetic_template_v1","true","false","SOC-1"
"spam","Selamat sore, Kita sudah dekat lama. Tolong bantu biaya pengobatan keluargaku sebesar Rp5.000.000. Ditunggu konfirmasinya.","Penipuan Romansa","darurat_palsu","synthetic_template_v1","true","false","ROM-10"
"spam","Mohon perhatian, HRD membuka lowongan kerja. Bayar biaya administrasi Rp500.000 sebelum interview. Ditunggu konfirmasinya.","Penipuan Rekrutmen","biaya_administrasi","synthetic_template_v1","true","false","REK-1"
"spam","Info untuk Anda, Rekrutmen resmi tanpa wawancara, bayar pelatihan wajib sebesar Rp5.000.000. Terima kasih atas waktunya.","Penipuan Rekrutmen","tugas_like","synthetic_template_v1","true","false","REK-6"
"spam","Selamat sore, Undangan interview dari perusahaan besar, beli tiket melalui agen yang kami tunjuk. Mohon diperhatikan.","Penipuan Rekrutmen","biaya_administrasi","synthetic_template_v1","true","false","REK-4"
"spam","Permisi, Nomor Anda bermasalah. Kirim kode verifikasi kepada petugas ini sekarang. Demikian informasinya.","Social Engineering","permintaan_otp","synthetic_template_v1","true","false","SOC-3"
"spam","Kepada Yth. Bapak/Ibu, Petugas pajak meminta data rekening dan PIN untuk pengembalian dana. Ditunggu konfirmasinya.","Social Engineering","penyamaran_petugas","synthetic_template_v1","true","false","SOC-7"
"spam","Mohon perhatian, Petugas pajak meminta data rekening dan PIN untuk pengembalian dana. Salam.","Social Engineering","penyamaran_petugas","synthetic_template_v1","true","false","SOC-7"
"spam","Hai, Detail waktu dan lokasi pernikahan ada di Undangan Pernikahan 0027.apk, silakan buka dalam 30 menit. Demikian informasinya.","Phishing/Link Berbahaya","undangan_apk","synthetic_template_v1","true","false","PHI-3"
"ham","Hai, Jadwal konsultasi dipindah ke Senin pukul 13.00 melalui ruang kelas resmi. Semoga membantu.","Aman","undangan_aman","synthetic_template_v1","true","false","AMN-5"
"spam","Mohon perhatian, Paket Anda tertahan. Download aplikasi Cek_Resi_0161.apk untuk memilih jadwal antar. Terima kasih atas waktunya.","Phishing/Link Berbahaya","undangan_apk","synthetic_template_v1","true","false","PHI-4"
"spam","Hai, HRD meminta pembayaran medical check-up ke rekening pribadi hari ini. Demikian informasinya.","Penipuan Rekrutmen","tugas_like","synthetic_template_v1","true","false","REK-8"
"spam","Selamat pagi, Bisnis passive income tanpa kerja, modal kembali dalam 3 hari. Harap cek kembali.","Penipuan Investasi","deposit_awal","synthetic_template_v1","true","false","INV-9"
"spam","Halo kak, Detail waktu dan lokasi pernikahan ada di Undangan Pernikahan 0213.apk, silakan buka sebelum batas waktu. Semoga membantu.","Phishing/Link Berbahaya","undangan_apk","synthetic_template_v1","true","false","PHI-3"
"spam","Permisi, Bisnis passive income tanpa kerja, modal kembali dalam 2 hari. Semoga membantu.","Penipuan Investasi","deposit_awal","synthetic_template_v1","true","false","INV-9"
"ham","Halo kak, Paket sudah diterima oleh satpam. Silakan diambil tanpa biaya tambahan. Terima kasih atas waktunya.","Aman","undangan_aman","synthetic_template_v1","true","false","AMN-6"
"spam","Selamat pagi, Saya dari kantor pusat, mohon konfirmasi password untuk pemeriksaan keamanan. Ditunggu konfirmasinya.","Social Engineering","permintaan_otp","synthetic_template_v1","true","false","SOC-4"
"spam","Halo pelanggan, Tagihan belum dibayar. Klik tautan [tautan-palsu-0438] untuk menghindari denda. Harap cek kembali.","Phishing/Link Berbahaya","paket_apk","synthetic_template_v1","true","false","PHI-6"
"spam","Selamat pagi, Jangan beri tahu keluargamu tentang hubungan kita. Aku butuh bantuan dana sebelum batas waktu. Mohon diperhatikan.","Penipuan Romansa","hadiah_tertahan","synthetic_template_v1","true","false","ROM-6"
"spam","Halo pelanggan, Kerja paruh waktu dari rumah, tugas memberi like dengan deposit awal Rp2.500.000. Salam.","Penipuan Rekrutmen","biaya_administrasi","synthetic_template_v1","true","false","REK-3"
"spam","Selamat sore, Akun bank akan dinonaktifkan. Verifikasi melalui https://bank-verifikasi-0445.invalid. Ditunggu konfirmasinya.","Phishing/Link Berbahaya","paket_apk","synthetic_template_v1","true","false","PHI-5"
"spam","Hai, Tugas online mudah menghasilkan komisi. Top up saldo agar tugas berikutnya terbuka. Terima kasih atas waktunya.","Penipuan Rekrutmen","tugas_like","synthetic_template_v1","true","false","REK-7"
"spam","Info untuk Anda, Aku ingin membangun masa depan bersama, kirim modal kecil untuk usaha kita. Demikian informasinya.","Penipuan Romansa","hadiah_tertahan","synthetic_template_v1","true","false","ROM-7"
"spam","Mohon perhatian, Kami lampirkan Undangan_Digital_Pernikahan_0165.apk. Mohon diunduh untuk melihat peta lokasi. Terima kasih.","Phishing/Link Berbahaya","undangan_apk","synthetic_template_v1","true","false","PHI-2"
"spam","Info untuk Anda, HRD membuka lowongan kerja. Bayar biaya administrasi Rp350.000 sebelum interview. Terima kasih atas waktunya.","Penipuan Rekrutmen","biaya_administrasi","synthetic_template_v1","true","false","REK-1"
"spam","Halo kak, Aku ingin membangun masa depan bersama, kirim modal kecil untuk usaha kita. Terima kasih atas waktunya.","Penipuan Romansa","hadiah_tertahan","synthetic_template_v1","true","false","ROM-7"
"spam","Halo kak, Bisnis passive income tanpa kerja, modal kembali dalam 2 hari. Harap cek kembali.","Penipuan Investasi","deposit_awal","synthetic_template_v1","true","false","INV-9"
"spam","Assalamualaikum, Pihak berwenang mengancam denda bila data pribadi tidak dikirim hari ini. Harap cek kembali.","Social Engineering","ancaman_akun","synthetic_template_v1","true","false","SOC-10"
"spam","Permisi, Tugas online mudah menghasilkan komisi. Top up saldo agar tugas berikutnya terbuka. Terima kasih.","Penipuan Rekrutmen","tugas_like","synthetic_template_v1","true","false","REK-7"
"ham","Assalamualaikum, Besok rapat kelompok dimulai pukul 13.00 di ruang aula. Harap cek kembali.","Aman","percakapan_harian","synthetic_template_v1","true","false","AMN-1"
"spam","Hai, Detail waktu dan lokasi pernikahan ada di Undangan Pernikahan 0300.apk, silakan buka malam ini. Terima kasih.","Phishing/Link Berbahaya","undangan_apk","synthetic_template_v1","true","false","PHI-3"
"spam","Halo kak, Petugas pajak meminta data rekening dan PIN untuk pengembalian dana. Demikian informasinya.","Social Engineering","penyamaran_petugas","synthetic_template_v1","true","false","SOC-7"
"spam","Halo pelanggan, Admin layanan membutuhkan PIN Anda untuk membatalkan transaksi Rp1.250.000. Semoga membantu.","Social Engineering","permintaan_otp","synthetic_template_v1","true","false","SOC-2"
"ham","Halo pelanggan, Aku sudah sampai rumah. Kabari kalau kamu juga sudah sampai dengan aman. Semoga membantu.","Aman","informasi_resmi","synthetic_template_v1","true","false","AMN-9"
"spam","Assalamualaikum, Lowongan staf administrasi bergaji tinggi. Kirim PIN dan data rekening untuk payroll. Terima kasih.","Penipuan Rekrutmen","tugas_like","synthetic_template_v1","true","false","REK-5"
"spam","Mohon perhatian, Paket investasi VIP tersisa satu slot. Kirim Rp500.000 untuk mengamankan posisi. Semoga membantu.","Penipuan Investasi","trading_palsu","synthetic_template_v1","true","false","INV-8"
"spam","Mohon perhatian, Aku kehilangan dompet saat perjalanan menemuimu. Tolong transfer Rp350.000. Mohon diperhatikan.","Penipuan Romansa","darurat_palsu","synthetic_template_v1","true","false","ROM-9"
"spam","Permisi, Saya keluarga Anda memakai nomor baru. Tolong transfer Rp1.250.000 karena sedang darurat. Ditunggu konfirmasinya.","Social Engineering","penyamaran_petugas","synthetic_template_v1","true","false","SOC-8"
"spam","Halo kak, Bukti profit sudah banyak. Transfer dana awal agar akun investasi diaktifkan. Salam.","Penipuan Investasi","deposit_awal","synthetic_template_v1","true","false","INV-10"
"spam","Hai, Perbarui data akun melalui halaman login https://akun-aman-0596.invalid dalam 30 menit. Harap cek kembali.","Phishing/Link Berbahaya","tautan_login_palsu","synthetic_template_v1","true","false","PHI-10"
"spam","Permisi, Paket Anda tertahan. Download aplikasi Cek_Resi_0173.apk untuk memilih jadwal antar. Terima kasih atas waktunya.","Phishing/Link Berbahaya","undangan_apk","synthetic_template_v1","true","false","PHI-4"
"spam","Selamat pagi, Rekrutmen resmi tanpa wawancara, bayar pelatihan wajib sebesar Rp1.250.000. Semoga membantu.","Penipuan Rekrutmen","tugas_like","synthetic_template_v1","true","false","REK-6"
"spam","Mohon perhatian, Perbarui data akun melalui halaman login https://akun-aman-0472.invalid hari ini. Terima kasih.","Phishing/Link Berbahaya","tautan_login_palsu","synthetic_template_v1","true","false","PHI-10"
"spam","Assalamualaikum, Atasan meminta transfer darurat Rp5.000.000; jangan hubungi siapa pun dulu. Demikian informasinya.","Social Engineering","penyamaran_petugas","synthetic_template_v1","true","false","SOC-5"
"ham","Hai, Terima kasih sudah hadir di acara keluarga kemarin, foto ada di album bersama. Demikian informasinya.","Aman","undangan_aman","synthetic_template_v1","true","false","AMN-7"
"spam","Selamat pagi, Sayang, aku sedang darurat di luar kota. Tolong kirim uang Rp2.500.000 malam ini. Ditunggu konfirmasinya.","Penipuan Romansa","pinjaman_pasangan","synthetic_template_v1","true","false","ROM-1"
"ham","Selamat pagi, Kami mengundang Anda ke pernikahan keluarga kami pada Rabu. Undangan berupa PDF, tidak perlu memasang aplikasi. Semoga membantu.","Aman","percakapan_harian","synthetic_template_v1","true","false","AMN-2"
"spam","Halo kak, Penerimaan pegawai kilat. Rahasiakan proses dan lunasi biaya dokumen. Harap cek kembali.","Penipuan Rekrutmen","hrd_palsu","synthetic_template_v1","true","false","REK-10"
"spam","Hai, Kami lampirkan Undangan_Digital_Pernikahan_0487.apk. Mohon diunduh untuk melihat peta lokasi. Mohon diperhatikan.","Phishing/Link Berbahaya","undangan_apk","synthetic_template_v1","true","false","PHI-2"
"spam","Halo pelanggan, Robot trading legal menjamin return tetap. Buka akun dengan setoran Rp1.250.000. Harap cek kembali.","Penipuan Investasi","profit_pasti","synthetic_template_v1","true","false","INV-4"
"spam","Halo kak, HRD meminta pembayaran medical check-up ke rekening pribadi sekarang. Harap cek kembali.","Penipuan Rekrutmen","tugas_like","synthetic_template_v1","true","false","REK-8"
"spam","Halo pelanggan, Hadiah pernikahan untukmu tertahan di bea cukai. Bayar tagihannya agar dikirim. Ditunggu konfirmasinya.","Penipuan Romansa","hadiah_tertahan","synthetic_template_v1","true","false","ROM-8"
"spam","Assalamualaikum, Aku serius ingin menikah denganmu, tetapi paket hadiahku tertahan dan perlu biaya Rp500.000. Demikian informasinya.","Penipuan Romansa","pinjaman_pasangan","synthetic_template_v1","true","false","ROM-2"
"spam","Selamat pagi, Atasan meminta transfer darurat Rp1.250.000; jangan hubungi siapa pun dulu. Semoga membantu.","Social Engineering","penyamaran_petugas","synthetic_template_v1","true","false","SOC-5"
"spam","Halo kak, Saya petugas bank. Sebutkan OTP yang baru masuk agar rekening tidak diblokir malam ini. Semoga membantu.","Social Engineering","permintaan_otp","synthetic_template_v1","true","false","SOC-1"
"spam","Halo kak, Posisi terbatas, amankan kursi kerja dengan transfer Rp150.000. Mohon diperhatikan.","Penipuan Rekrutmen","hrd_palsu","synthetic_template_v1","true","false","REK-9"
"spam","Mohon perhatian, Aku ingin membangun masa depan bersama, kirim modal kecil untuk usaha kita. Ditunggu konfirmasinya.","Penipuan Romansa","hadiah_tertahan","synthetic_template_v1","true","false","ROM-7"
"ham","Permisi, Kami mengundang Anda ke pernikahan keluarga kami pada Rabu. Undangan berupa PDF, tidak perlu memasang aplikasi. Semoga membantu.","Aman","percakapan_harian","synthetic_template_v1","true","false","AMN-2"
"spam","Mohon perhatian, Rekrutmen resmi tanpa wawancara, bayar pelatihan wajib sebesar Rp1.250.000. Ditunggu konfirmasinya.","Penipuan Rekrutmen","tugas_like","synthetic_template_v1","true","false","REK-6"
"ham","Selamat sore, Besok rapat kelompok dimulai pukul 15.30 di ruang aula. Semoga membantu.","Aman","percakapan_harian","synthetic_template_v1","true","false","AMN-1"
"ham","Hai, Jadwal konsultasi dipindah ke Senin pukul 19.00 melalui ruang kelas resmi. Salam.","Aman","undangan_aman","synthetic_template_v1","true","false","AMN-5"
"spam","Hai, Cintaku, rekeningku diblokir. Pinjamkan Rp350.000, nanti langsung kuganti. Ditunggu konfirmasinya.","Penipuan Romansa","hadiah_tertahan","synthetic_template_v1","true","false","ROM-5"
"spam","Assalamualaikum, Hadiah pelanggan menunggu. Pasang Bonus_Resmi_0169.apk untuk klaim. Semoga membantu.","Phishing/Link Berbahaya","paket_apk","synthetic_template_v1","true","false","PHI-8"
"ham","Selamat pagi, Pengumuman kampus dapat dilihat melalui portal akademik resmi. Demikian informasinya.","Aman","undangan_aman","synthetic_template_v1","true","false","AMN-8"
"spam","Info untuk Anda, Kami lampirkan Undangan_Digital_Pernikahan_0233.apk. Mohon diunduh untuk melihat peta lokasi. Harap cek kembali.","Phishing/Link Berbahaya","undangan_apk","synthetic_template_v1","true","false","PHI-2"
"ham","Info untuk Anda, Foto undangan pernikahan sudah saya kirim dalam format JPG. Sampai jumpa di acara ya. Demikian informasinya.","Aman","percakapan_harian","synthetic_template_v1","true","false","AMN-3"
"spam","Kepada Yth. Bapak/Ibu, Paket investasi VIP tersisa satu slot. Kirim Rp350.000 untuk mengamankan posisi. Ditunggu konfirmasinya.","Penipuan Investasi","trading_palsu","synthetic_template_v1","true","false","INV-8"
"spam","Kepada Yth. Bapak/Ibu, Pihak berwenang mengancam denda bila data pribadi tidak dikirim dalam 30 menit. Terima kasih.","Social Engineering","ancaman_akun","synthetic_template_v1","true","false","SOC-10"
"spam","Selamat pagi, Pihak berwenang mengancam denda bila data pribadi tidak dikirim malam ini. Salam.","Social Engineering","ancaman_akun","synthetic_template_v1","true","false","SOC-10"
"spam","Selamat pagi, Saya petugas bank. Sebutkan OTP yang baru masuk agar rekening tidak diblokir sebelum pukul 18.00. Terima kasih atas waktunya.","Social Engineering","permintaan_otp","synthetic_template_v1","true","false","SOC-1"
"spam","Info untuk Anda, Rekrutmen resmi tanpa wawancara, bayar pelatihan wajib sebesar Rp150.000. Terima kasih.","Penipuan Rekrutmen","tugas_like","synthetic_template_v1","true","false","REK-6"
"ham","Halo kak, Undangan rapat RT terlampir sebagai dokumen PDF dari pengurus yang kamu kenal. Demikian informasinya.","Aman","informasi_resmi","synthetic_template_v1","true","false","AMN-10"
"spam","Info untuk Anda, Nomor Anda bermasalah. Kirim kode verifikasi kepada petugas ini sebelum batas waktu. Terima kasih atas waktunya.","Social Engineering","permintaan_otp","synthetic_template_v1","true","false","SOC-3"
"spam","Hai, Investasi kebun digital memberi bonus anggota dan keuntungan tanpa rugi. Ditunggu konfirmasinya.","Penipuan Investasi","trading_palsu","synthetic_template_v1","true","false","INV-6"
"spam","Permisi, Penerimaan pegawai kilat. Rahasiakan proses dan lunasi biaya dokumen. Terima kasih.","Penipuan Rekrutmen","hrd_palsu","synthetic_template_v1","true","false","REK-10"
"spam","Mohon perhatian, Rekrutmen resmi tanpa wawancara, bayar pelatihan wajib sebesar Rp350.000. Semoga membantu.","Penipuan Rekrutmen","tugas_like","synthetic_template_v1","true","false","REK-6"
"ham","sudah sampai belum?","Aman","contemporary_hard_case","synthetic_contemporary_v2","true","false","AMN-H5"
"spam","Permisi, Saya keluarga Anda memakai nomor baru. Tolong transfer Rp350.000 karena sedang darurat. Mohon diperhatikan.","Social Engineering","penyamaran_petugas","synthetic_template_v1","true","false","SOC-8"
"ham","Permisi, Besok rapat kelompok dimulai pukul 09.30 di ruang A1. Demikian informasinya.","Aman","percakapan_harian","synthetic_template_v1","true","false","AMN-1"
"spam","Halo kak, Tugas online mudah menghasilkan komisi. Top up saldo agar tugas berikutnya terbuka. Demikian informasinya.","Penipuan Rekrutmen","tugas_like","synthetic_template_v1","true","false","REK-7"
"spam","Permisi, Petugas pajak meminta data rekening dan PIN untuk pengembalian dana. Terima kasih.","Social Engineering","penyamaran_petugas","synthetic_template_v1","true","false","SOC-7"
"spam","Info untuk Anda, Anda diterima tanpa tes. Transfer biaya seragam Rp5.000.000 malam ini. Terima kasih.","Penipuan Rekrutmen","biaya_administrasi","synthetic_template_v1","true","false","REK-2"
"ham","Halo pelanggan, Foto undangan pernikahan sudah saya kirim dalam format JPG. Sampai jumpa di acara ya. Harap cek kembali.","Aman","percakapan_harian","synthetic_template_v1","true","false","AMN-3"
"spam","Kepada Yth. Bapak/Ibu, Customer service meminta foto kartu dan kode rahasia untuk membuka blokir. Semoga membantu.","Social Engineering","ancaman_akun","synthetic_template_v1","true","false","SOC-9"
"spam","Halo pelanggan, Penerimaan pegawai kilat. Rahasiakan proses dan lunasi biaya dokumen. Terima kasih atas waktunya.","Penipuan Rekrutmen","hrd_palsu","synthetic_template_v1","true","false","REK-10"
"ham","Mohon perhatian, Terima kasih sudah hadir di acara keluarga kemarin, foto ada di album bersama. Terima kasih.","Aman","undangan_aman","synthetic_template_v1","true","false","AMN-7"
"spam","Hai, Tagihan belum dibayar. Klik tautan [tautan-palsu-0537] untuk menghindari denda. Mohon diperhatikan.","Phishing/Link Berbahaya","paket_apk","synthetic_template_v1","true","false","PHI-6"
"spam","Selamat pagi, Dana Anda akan dikelola profesional dengan hasil pasti 30% per bulan. Ditunggu konfirmasinya.","Penipuan Investasi","trading_palsu","synthetic_template_v1","true","false","INV-7"
"spam","Mohon perhatian, Kami mengundang Anda ke pesta pernikahan. Buka Foto Undangan_0175.apk untuk info lengkapnya. Ditunggu konfirmasinya.","Phishing/Link Berbahaya","undangan_apk","synthetic_template_v1","true","false","PHI-1"
"spam","Assalamualaikum, Undangan interview dari perusahaan besar, beli tiket melalui agen yang kami tunjuk. Terima kasih.","Penipuan Rekrutmen","biaya_administrasi","synthetic_template_v1","true","false","REK-4"
"spam","Hai, Aku ingin membangun masa depan bersama, kirim modal kecil untuk usaha kita. Semoga membantu.","Penipuan Romansa","hadiah_tertahan","synthetic_template_v1","true","false","ROM-7"
"ham","Halo kak, Undangan rapat RT terlampir sebagai dokumen PDF dari pengurus yang kamu kenal. Ditunggu konfirmasinya.","Aman","informasi_resmi","synthetic_template_v1","true","false","AMN-10"
"spam","Permisi, Pihak berwenang mengancam denda bila data pribadi tidak dikirim sekarang. Terima kasih atas waktunya.","Social Engineering","ancaman_akun","synthetic_template_v1","true","false","SOC-10"
"spam","Permisi, Atasan meminta transfer darurat Rp150.000; jangan hubungi siapa pun dulu. Mohon diperhatikan.","Social Engineering","penyamaran_petugas","synthetic_template_v1","true","false","SOC-5"
"spam","Koin baru pasti naik sepuluh kali lipat, transfer sebelum presale ditutup.","Penipuan Investasi","contemporary_hard_case","synthetic_contemporary_v2","true","false","INV-H3"
"spam","Selamat sore, Kita sudah dekat lama. Tolong bantu biaya pengobatan keluargaku sebesar Rp5.000.000. Terima kasih.","Penipuan Romansa","darurat_palsu","synthetic_template_v1","true","false","ROM-10"
"spam","Selamat pagi, Aku bekerja di luar negeri dan akan pulang menemuimu. Bayarkan bea paket hadiah dulu. Demikian informasinya.","Penipuan Romansa","pinjaman_pasangan","synthetic_template_v1","true","false","ROM-4"
"ham","Mohon perhatian, Jadwal konsultasi dipindah ke Senin pukul 09.30 melalui ruang kelas resmi. Harap cek kembali.","Aman","undangan_aman","synthetic_template_v1","true","false","AMN-5"
"spam","Mohon perhatian, Investasi eksklusif menjanjikan profit 50% tanpa risiko. Deposit mulai Rp150.000. Ditunggu konfirmasinya.","Penipuan Investasi","profit_pasti","synthetic_template_v1","true","false","INV-1"
"ham","Mohon perhatian, Terima kasih sudah hadir di acara keluarga kemarin, foto ada di album bersama. Mohon diperhatikan.","Aman","undangan_aman","synthetic_template_v1","true","false","AMN-7"
"spam","Hai, Proyek kripto rahasia akan naik 30%. Jangan lewatkan penawaran malam ini. Mohon diperhatikan.","Penipuan Investasi","trading_palsu","synthetic_template_v1","true","false","INV-5"
"spam","Selamat pagi, Nomor Anda bermasalah. Kirim kode verifikasi kepada petugas ini dalam 30 menit. Demikian informasinya.","Social Engineering","permintaan_otp","synthetic_template_v1","true","false","SOC-3"
"spam","Permisi, Aku serius ingin menikah denganmu, tetapi paket hadiahku tertahan dan perlu biaya Rp500.000. Terima kasih.","Penipuan Romansa","pinjaman_pasangan","synthetic_template_v1","true","false","ROM-2"
"spam","Halo pelanggan, Aku bekerja di luar negeri dan akan pulang menemuimu. Bayarkan bea paket hadiah dulu. Salam.","Penipuan Romansa","pinjaman_pasangan","synthetic_template_v1","true","false","ROM-4"
"ham","Assalamualaikum, Kami mengundang Anda ke pernikahan keluarga kami pada minggu depan. Undangan berupa PDF, tidak perlu memasang aplikasi. Semoga membantu.","Aman","percakapan_harian","synthetic_template_v1","true","false","AMN-2"
"spam","Halo pelanggan, Hadiah pernikahan untukmu tertahan di bea cukai. Bayar tagihannya agar dikirim. Terima kasih atas waktunya.","Penipuan Romansa","hadiah_tertahan","synthetic_template_v1","true","false","ROM-8"
"spam","Kepada Yth. Bapak/Ibu, Aku serius ingin menikah denganmu, tetapi paket hadiahku tertahan dan perlu biaya Rp5.000.000. Salam.","Penipuan Romansa","pinjaman_pasangan","synthetic_template_v1","true","false","ROM-2"
"spam","Kepada Yth. Bapak/Ibu, Kita sudah dekat lama. Tolong bantu biaya pengobatan keluargaku sebesar Rp350.000. Terima kasih atas waktunya.","Penipuan Romansa","darurat_palsu","synthetic_template_v1","true","false","ROM-10"
"ham","Selamat sore, Foto undangan pernikahan sudah saya kirim dalam format JPG. Sampai jumpa di acara ya. Terima kasih.","Aman","percakapan_harian","synthetic_template_v1","true","false","AMN-3"
"spam","Kepada Yth. Bapak/Ibu, Gabung grup trading kami, modal Rp150.000 dijamin berlipat dalam 7 hari. Mohon diperhatikan.","Penipuan Investasi","profit_pasti","synthetic_template_v1","true","false","INV-2"
"spam","Halo pelanggan, Paket Anda tertahan. Download aplikasi Cek_Resi_0383.apk untuk memilih jadwal antar. Semoga membantu.","Phishing/Link Berbahaya","undangan_apk","synthetic_template_v1","true","false","PHI-4"
"spam","Info untuk Anda, Setelah semua obrolan kita, buktikan kepercayaanmu dengan membantu transfer Rp5.000.000. Ditunggu konfirmasinya.","Penipuan Romansa","pinjaman_pasangan","synthetic_template_v1","true","false","ROM-3"
"spam","Mohon perhatian, Saya petugas bank. Sebutkan OTP yang baru masuk agar rekening tidak diblokir malam ini. Terima kasih.","Social Engineering","permintaan_otp","synthetic_template_v1","true","false","SOC-1"
"spam","Halo kak, HRD meminta pembayaran medical check-up ke rekening pribadi sebelum pukul 18.00. Demikian informasinya.","Penipuan Rekrutmen","tugas_like","synthetic_template_v1","true","false","REK-8"
"spam","Halo kak, Bisnis passive income tanpa kerja, modal kembali dalam 5 hari. Terima kasih.","Penipuan Investasi","deposit_awal","synthetic_template_v1","true","false","INV-9"
"ham","Halo kak, Paket sudah diterima oleh satpam. Silakan diambil tanpa biaya tambahan. Mohon diperhatikan.","Aman","undangan_aman","synthetic_template_v1","true","false","AMN-6"
"spam","Halo kak, Detail waktu dan lokasi pernikahan ada di Undangan Pernikahan 0515.apk, silakan buka sebelum batas waktu. Terima kasih atas waktunya.","Phishing/Link Berbahaya","undangan_apk","synthetic_template_v1","true","false","PHI-3"
"ham","Selamat sore, Foto undangan pernikahan sudah saya kirim dalam format JPG. Sampai jumpa di acara ya. Mohon diperhatikan.","Aman","percakapan_harian","synthetic_template_v1","true","false","AMN-3"
"spam","Hai, Gabung grup trading kami, modal Rp2.500.000 dijamin berlipat dalam 5 hari. Demikian informasinya.","Penipuan Investasi","profit_pasti","synthetic_template_v1","true","false","INV-2"
"spam","Selamat pagi, Dana Anda akan dikelola profesional dengan hasil pasti 50% per bulan. Mohon diperhatikan.","Penipuan Investasi","trading_palsu","synthetic_template_v1","true","false","INV-7"
"spam","Info untuk Anda, Kita sudah dekat lama. Tolong bantu biaya pengobatan keluargaku sebesar Rp5.000.000. Ditunggu konfirmasinya.","Penipuan Romansa","darurat_palsu","synthetic_template_v1","true","false","ROM-10"
"spam","Permisi, Hadiah pelanggan menunggu. Pasang Bonus_Resmi_0388.apk untuk klaim. Semoga membantu.","Phishing/Link Berbahaya","paket_apk","synthetic_template_v1","true","false","PHI-8"
"spam","Selamat sore, Aku serius ingin menikah denganmu, tetapi paket hadiahku tertahan dan perlu biaya Rp350.000. Salam.","Penipuan Romansa","pinjaman_pasangan","synthetic_template_v1","true","false","ROM-2"
"spam","Permisi, Akun bank akan dinonaktifkan. Verifikasi melalui https://bank-verifikasi-0103.invalid. Salam.","Phishing/Link Berbahaya","paket_apk","synthetic_template_v1","true","false","PHI-5"
"spam","Selamat sore, HRD membuka lowongan kerja. Bayar biaya administrasi Rp1.250.000 sebelum interview. Mohon diperhatikan.","Penipuan Rekrutmen","biaya_administrasi","synthetic_template_v1","true","false","REK-1"
"ham","Info untuk Anda, Besok rapat kelompok dimulai pukul 19.00 di ruang A1. Terima kasih.","Aman","percakapan_harian","synthetic_template_v1","true","false","AMN-1"
"ham","Selamat sore, Terima kasih sudah hadir di acara keluarga kemarin, foto ada di album bersama. Terima kasih atas waktunya.","Aman","undangan_aman","synthetic_template_v1","true","false","AMN-7"
"spam","Kepada Yth. Bapak/Ibu, Aku ingin membangun masa depan bersama, kirim modal kecil untuk usaha kita. Harap cek kembali.","Penipuan Romansa","hadiah_tertahan","synthetic_template_v1","true","false","ROM-7"
"spam","Kepada Yth. Bapak/Ibu, Investasi kebun digital memberi bonus anggota dan keuntungan tanpa rugi. Demikian informasinya.","Penipuan Investasi","trading_palsu","synthetic_template_v1","true","false","INV-6"
"spam","Selamat sore, Pihak berwenang mengancam denda bila data pribadi tidak dikirim sekarang. Demikian informasinya.","Social Engineering","ancaman_akun","synthetic_template_v1","true","false","SOC-10"
"spam","Halo kak, Bukti profit sudah banyak. Transfer dana awal agar akun investasi diaktifkan. Terima kasih.","Penipuan Investasi","deposit_awal","synthetic_template_v1","true","false","INV-10"
"ham","Info untuk Anda, Foto undangan pernikahan sudah saya kirim dalam format JPG. Sampai jumpa di acara ya. Terima kasih.","Aman","percakapan_harian","synthetic_template_v1","true","false","AMN-3"
"ham","Permisi, Besok rapat kelompok dimulai pukul 08.00 di ruang A1. Salam.","Aman","percakapan_harian","synthetic_template_v1","true","false","AMN-1"
"ham","Permisi, Terima kasih sudah hadir di acara keluarga kemarin, foto ada di album bersama. Ditunggu konfirmasinya.","Aman","undangan_aman","synthetic_template_v1","true","false","AMN-7"
"ham","Info untuk Anda, Paket sudah diterima oleh satpam. Silakan diambil tanpa biaya tambahan. Terima kasih atas waktunya.","Aman","undangan_aman","synthetic_template_v1","true","false","AMN-6"
"spam","Assalamualaikum, Hadiah pernikahan untukmu tertahan di bea cukai. Bayar tagihannya agar dikirim. Terima kasih.","Penipuan Romansa","hadiah_tertahan","synthetic_template_v1","true","false","ROM-8"
"ham","Info untuk Anda, Terima kasih sudah hadir di acara keluarga kemarin, foto ada di album bersama. Terima kasih.","Aman","undangan_aman","synthetic_template_v1","true","false","AMN-7"
"spam","Assalamualaikum, Akun bank akan dinonaktifkan. Verifikasi melalui https://bank-verifikasi-0374.invalid. Mohon diperhatikan.","Phishing/Link Berbahaya","paket_apk","synthetic_template_v1","true","false","PHI-5"
"spam","Kepada Yth. Bapak/Ibu, Atasan meminta transfer darurat Rp500.000; jangan hubungi siapa pun dulu. Ditunggu konfirmasinya.","Social Engineering","penyamaran_petugas","synthetic_template_v1","true","false","SOC-5"
"ham","Hai, Kami mengundang Anda ke pernikahan keluarga kami pada Rabu. Undangan berupa PDF, tidak perlu memasang aplikasi. Harap cek kembali.","Aman","percakapan_harian","synthetic_template_v1","true","false","AMN-2"
"spam","Halo kak, Akun bank akan dinonaktifkan. Verifikasi melalui https://bank-verifikasi-0234.invalid. Mohon diperhatikan.","Phishing/Link Berbahaya","paket_apk","synthetic_template_v1","true","false","PHI-5"
"spam","Info untuk Anda, Perbarui data akun melalui halaman login https://akun-aman-0202.invalid malam ini. Semoga membantu.","Phishing/Link Berbahaya","tautan_login_palsu","synthetic_template_v1","true","false","PHI-10"
"spam","Assalamualaikum, Cintaku, rekeningku diblokir. Pinjamkan Rp5.000.000, nanti langsung kuganti. Salam.","Penipuan Romansa","hadiah_tertahan","synthetic_template_v1","true","false","ROM-5"
"spam","Mohon perhatian, Detail waktu dan lokasi pernikahan ada di Undangan Pernikahan 0416.apk, silakan buka hari ini. Terima kasih atas waktunya.","Phishing/Link Berbahaya","undangan_apk","synthetic_template_v1","true","false","PHI-3"
"spam","Halo pelanggan, Pihak berwenang mengancam denda bila data pribadi tidak dikirim sekarang. Terima kasih.","Social Engineering","ancaman_akun","synthetic_template_v1","true","false","SOC-10"
"spam","Info untuk Anda, Anda diterima tanpa tes. Transfer biaya seragam Rp500.000 malam ini. Salam.","Penipuan Rekrutmen","biaya_administrasi","synthetic_template_v1","true","false","REK-2"
"spam","Mohon perhatian, Bisnis passive income tanpa kerja, modal kembali dalam 7 hari. Harap cek kembali.","Penipuan Investasi","deposit_awal","synthetic_template_v1","true","false","INV-9"
"spam","Halo kak, Rekrutmen resmi tanpa wawancara, bayar pelatihan wajib sebesar Rp350.000. Terima kasih atas waktunya.","Penipuan Rekrutmen","tugas_like","synthetic_template_v1","true","false","REK-6"
"spam","Halo kak, Kami lampirkan Undangan_Digital_Pernikahan_0299.apk. Mohon diunduh untuk melihat peta lokasi. Harap cek kembali.","Phishing/Link Berbahaya","undangan_apk","synthetic_template_v1","true","false","PHI-2"
"spam","Halo kak, Jangan beri tahu keluargamu tentang hubungan kita. Aku butuh bantuan dana sebelum batas waktu. Harap cek kembali.","Penipuan Romansa","hadiah_tertahan","synthetic_template_v1","true","false","ROM-6"
"spam","Halo pelanggan, Akun akan dinonaktifkan bila Anda tidak membalas dengan OTP sebelum batas waktu. Semoga membantu.","Social Engineering","penyamaran_petugas","synthetic_template_v1","true","false","SOC-6"
"spam","Selamat sore, Kami lampirkan Undangan_Digital_Pernikahan_0478.apk. Mohon diunduh untuk melihat peta lokasi. Demikian informasinya.","Phishing/Link Berbahaya","undangan_apk","synthetic_template_v1","true","false","PHI-2"
"ham","Selamat sore, Tolong beli makan siang saat pulang dari kampus, nanti saya ganti. Salam.","Aman","percakapan_harian","synthetic_template_v1","true","false","AMN-4"
"spam","Unduh bukti tilang pada E-Tilang_Resmi.apk.","Phishing/Link Berbahaya","contemporary_hard_case","synthetic_contemporary_v2","true","false","PHI-H5"
"spam","Kepada Yth. Bapak/Ibu, Saya petugas bank. Sebutkan OTP yang baru masuk agar rekening tidak diblokir sekarang. Terima kasih.","Social Engineering","permintaan_otp","synthetic_template_v1","true","false","SOC-1"
"spam","Kepada Yth. Bapak/Ibu, Investasi eksklusif menjanjikan profit 30% tanpa risiko. Deposit mulai Rp500.000. Salam.","Penipuan Investasi","profit_pasti","synthetic_template_v1","true","false","INV-1"
"spam","Assalamualaikum, Customer service meminta foto kartu dan kode rahasia untuk membuka blokir. Salam.","Social Engineering","ancaman_akun","synthetic_template_v1","true","false","SOC-9"
"spam","Selamat pagi, Kami lampirkan Undangan_Digital_Pernikahan_0064.apk. Mohon diunduh untuk melihat peta lokasi. Ditunggu konfirmasinya.","Phishing/Link Berbahaya","undangan_apk","synthetic_template_v1","true","false","PHI-2"
"spam","Selamat sore, Petugas pajak meminta data rekening dan PIN untuk pengembalian dana. Salam.","Social Engineering","penyamaran_petugas","synthetic_template_v1","true","false","SOC-7"
"spam","Mohon perhatian, Jangan beri tahu keluargamu tentang hubungan kita. Aku butuh bantuan dana sebelum batas waktu. Harap cek kembali.","Penipuan Romansa","hadiah_tertahan","synthetic_template_v1","true","false","ROM-6"
"spam","Halo kak, Akun bank akan dinonaktifkan. Verifikasi melalui https://bank-verifikasi-0204.invalid. Terima kasih.","Phishing/Link Berbahaya","paket_apk","synthetic_template_v1","true","false","PHI-5"
"spam","Info untuk Anda, Cintaku, rekeningku diblokir. Pinjamkan Rp350.000, nanti langsung kuganti. Mohon diperhatikan.","Penipuan Romansa","hadiah_tertahan","synthetic_template_v1","true","false","ROM-5"
"spam","Permisi, Saya dari kantor pusat, mohon konfirmasi password untuk pemeriksaan keamanan. Terima kasih.","Social Engineering","permintaan_otp","synthetic_template_v1","true","false","SOC-4"
"spam","Halo pelanggan, Kesempatan cuan pasti 20% per minggu, transfer modal sebelum pukul 18.00. Semoga membantu.","Penipuan Investasi","profit_pasti","synthetic_template_v1","true","false","INV-3"
"spam","Info untuk Anda, Akun bank akan dinonaktifkan. Verifikasi melalui https://bank-verifikasi-0084.invalid. Salam.","Phishing/Link Berbahaya","paket_apk","synthetic_template_v1","true","false","PHI-5"
"spam","Hai, Hadiah pernikahan untukmu tertahan di bea cukai. Bayar tagihannya agar dikirim. Mohon diperhatikan.","Penipuan Romansa","hadiah_tertahan","synthetic_template_v1","true","false","ROM-8"
"spam","Hai, Aku serius ingin menikah denganmu, tetapi paket hadiahku tertahan dan perlu biaya Rp500.000. Harap cek kembali.","Penipuan Romansa","pinjaman_pasangan","synthetic_template_v1","true","false","ROM-2"
"spam","Hai, Proyek kripto rahasia akan naik 50%. Jangan lewatkan penawaran sebelum batas waktu. Terima kasih.","Penipuan Investasi","trading_palsu","synthetic_template_v1","true","false","INV-5"
"spam","Mohon perhatian, Admin layanan membutuhkan PIN Anda untuk membatalkan transaksi Rp350.000. Ditunggu konfirmasinya.","Social Engineering","permintaan_otp","synthetic_template_v1","true","false","SOC-2"
"spam","Info untuk Anda, Bukti profit sudah banyak. Transfer dana awal agar akun investasi diaktifkan. Salam.","Penipuan Investasi","deposit_awal","synthetic_template_v1","true","false","INV-10"
"spam","Selamat sore, Kami lampirkan Undangan_Digital_Pernikahan_0301.apk. Mohon diunduh untuk melihat peta lokasi. Harap cek kembali.","Phishing/Link Berbahaya","undangan_apk","synthetic_template_v1","true","false","PHI-2"
"spam","Assalamualaikum, Pihak berwenang mengancam denda bila data pribadi tidak dikirim malam ini. Terima kasih.","Social Engineering","ancaman_akun","synthetic_template_v1","true","false","SOC-10"
"spam","Halo kak, Investasi eksklusif menjanjikan profit 75% tanpa risiko. Deposit mulai Rp1.250.000. Ditunggu konfirmasinya.","Penipuan Investasi","profit_pasti","synthetic_template_v1","true","false","INV-1"
"spam","Mohon perhatian, Saya dari kantor pusat, mohon konfirmasi password untuk pemeriksaan keamanan. Semoga membantu.","Social Engineering","permintaan_otp","synthetic_template_v1","true","false","SOC-4"
"ham","Kepada Yth. Bapak/Ibu, Besok rapat kelompok dimulai pukul 09.30 di ruang A1. Ditunggu konfirmasinya.","Aman","percakapan_harian","synthetic_template_v1","true","false","AMN-1"
"spam","Selamat pagi, Kesempatan cuan pasti 75% per minggu, transfer modal sekarang. Harap cek kembali.","Penipuan Investasi","profit_pasti","synthetic_template_v1","true","false","INV-3"
"spam","Assalamualaikum, Investasi eksklusif menjanjikan profit 75% tanpa risiko. Deposit mulai Rp500.000. Harap cek kembali.","Penipuan Investasi","profit_pasti","synthetic_template_v1","true","false","INV-1"
"spam","Mohon perhatian, Setelah semua obrolan kita, buktikan kepercayaanmu dengan membantu transfer Rp1.250.000. Terima kasih.","Penipuan Romansa","pinjaman_pasangan","synthetic_template_v1","true","false","ROM-3"
"ham","Selamat pagi, Aku sudah sampai rumah. Kabari kalau kamu juga sudah sampai dengan aman. Demikian informasinya.","Aman","informasi_resmi","synthetic_template_v1","true","false","AMN-9"
"spam","Halo kak, Bisnis passive income tanpa kerja, modal kembali dalam 5 hari. Harap cek kembali.","Penipuan Investasi","deposit_awal","synthetic_template_v1","true","false","INV-9"
"spam","Halo kak, Posisi terbatas, amankan kursi kerja dengan transfer Rp5.000.000. Salam.","Penipuan Rekrutmen","hrd_palsu","synthetic_template_v1","true","false","REK-9"
"spam","Selamat sore, Setelah semua obrolan kita, buktikan kepercayaanmu dengan membantu transfer Rp2.500.000. Terima kasih.","Penipuan Romansa","pinjaman_pasangan","synthetic_template_v1","true","false","ROM-3"
"ham","Kepada Yth. Bapak/Ibu, Besok rapat kelompok dimulai pukul 13.00 di ruang aula. Mohon diperhatikan.","Aman","percakapan_harian","synthetic_template_v1","true","false","AMN-1"
"spam","Halo kak, Posisi terbatas, amankan kursi kerja dengan transfer Rp150.000. Terima kasih.","Penipuan Rekrutmen","hrd_palsu","synthetic_template_v1","true","false","REK-9"
"spam","Permisi, Tugas online mudah menghasilkan komisi. Top up saldo agar tugas berikutnya terbuka. Demikian informasinya.","Penipuan Rekrutmen","tugas_like","synthetic_template_v1","true","false","REK-7"
"ham","cek grup kelas ya","Aman","contemporary_hard_case","synthetic_contemporary_v2","true","false","AMN-H8"
"ham","Selamat sore, Undangan rapat RT terlampir sebagai dokumen PDF dari pengurus yang kamu kenal. Semoga membantu.","Aman","informasi_resmi","synthetic_template_v1","true","false","AMN-10"
"spam","Halo pelanggan, Paket Anda tertahan. Download aplikasi Cek_Resi_0303.apk untuk memilih jadwal antar. Terima kasih.","Phishing/Link Berbahaya","undangan_apk","synthetic_template_v1","true","false","PHI-4"
"ham","Halo pelanggan, Tolong beli makan siang saat pulang dari kampus, nanti saya ganti. Terima kasih.","Aman","percakapan_harian","synthetic_template_v1","true","false","AMN-4"
"spam","Info untuk Anda, Posisi terbatas, amankan kursi kerja dengan transfer Rp350.000. Mohon diperhatikan.","Penipuan Rekrutmen","hrd_palsu","synthetic_template_v1","true","false","REK-9"
"spam","Info untuk Anda, Proyek kripto rahasia akan naik 20%. Jangan lewatkan penawaran sekarang. Semoga membantu.","Penipuan Investasi","trading_palsu","synthetic_template_v1","true","false","INV-5"
"spam","Info untuk Anda, Tugas online mudah menghasilkan komisi. Top up saldo agar tugas berikutnya terbuka. Mohon diperhatikan.","Penipuan Rekrutmen","tugas_like","synthetic_template_v1","true","false","REK-7"
"spam","Halo pelanggan, Proyek kripto rahasia akan naik 40%. Jangan lewatkan penawaran malam ini. Terima kasih atas waktunya.","Penipuan Investasi","trading_palsu","synthetic_template_v1","true","false","INV-5"
"spam","Hai, Gabung grup trading kami, modal Rp500.000 dijamin berlipat dalam 10 hari. Mohon diperhatikan.","Penipuan Investasi","profit_pasti","synthetic_template_v1","true","false","INV-2"
"spam","Selamat sore, Robot trading legal menjamin return tetap. Buka akun dengan setoran Rp1.250.000. Terima kasih atas waktunya.","Penipuan Investasi","profit_pasti","synthetic_template_v1","true","false","INV-4"
"spam","Halo kak, HRD membuka lowongan kerja. Bayar biaya administrasi Rp2.500.000 sebelum interview. Semoga membantu.","Penipuan Rekrutmen","biaya_administrasi","synthetic_template_v1","true","false","REK-1"
"spam","Hai, Cintaku, rekeningku diblokir. Pinjamkan Rp150.000, nanti langsung kuganti. Ditunggu konfirmasinya.","Penipuan Romansa","hadiah_tertahan","synthetic_template_v1","true","false","ROM-5"
"spam","Selamat pagi, Kerja paruh waktu dari rumah, tugas memberi like dengan deposit awal Rp5.000.000. Terima kasih.","Penipuan Rekrutmen","biaya_administrasi","synthetic_template_v1","true","false","REK-3"
"spam","Kepada Yth. Bapak/Ibu, HRD membuka lowongan kerja. Bayar biaya administrasi Rp5.000.000 sebelum interview. Demikian informasinya.","Penipuan Rekrutmen","biaya_administrasi","synthetic_template_v1","true","false","REK-1"
"spam","Hai, Aku bekerja di luar negeri dan akan pulang menemuimu. Bayarkan bea paket hadiah dulu. Terima kasih.","Penipuan Romansa","pinjaman_pasangan","synthetic_template_v1","true","false","ROM-4"
"spam","Kepada Yth. Bapak/Ibu, Setelah semua obrolan kita, buktikan kepercayaanmu dengan membantu transfer Rp2.500.000. Demikian informasinya.","Penipuan Romansa","pinjaman_pasangan","synthetic_template_v1","true","false","ROM-3"
"ham","Mohon perhatian, Kami mengundang Anda ke pernikahan keluarga kami pada Rabu. Undangan berupa PDF, tidak perlu memasang aplikasi. Terima kasih.","Aman","percakapan_harian","synthetic_template_v1","true","false","AMN-2"
"spam","Hai, Akun akan dinonaktifkan bila Anda tidak membalas dengan OTP dalam 30 menit. Semoga membantu.","Social Engineering","penyamaran_petugas","synthetic_template_v1","true","false","SOC-6"
"spam","Assalamualaikum, Paket Anda tertahan. Download aplikasi Cek_Resi_0295.apk untuk memilih jadwal antar. Semoga membantu.","Phishing/Link Berbahaya","undangan_apk","synthetic_template_v1","true","false","PHI-4"
"spam","Halo pelanggan, Saya dari kantor pusat, mohon konfirmasi password untuk pemeriksaan keamanan. Mohon diperhatikan.","Social Engineering","permintaan_otp","synthetic_template_v1","true","false","SOC-4"
"spam","Selamat pagi, Jangan beri tahu keluargamu tentang hubungan kita. Aku butuh bantuan dana sebelum batas waktu. Terima kasih atas waktunya.","Penipuan Romansa","hadiah_tertahan","synthetic_template_v1","true","false","ROM-6"
"spam","Kepada Yth. Bapak/Ibu, Hadiah pernikahan untukmu tertahan di bea cukai. Bayar tagihannya agar dikirim. Demikian informasinya.","Penipuan Romansa","hadiah_tertahan","synthetic_template_v1","true","false","ROM-8"
"spam","Permisi, Perbarui data akun melalui halaman login https://akun-aman-0396.invalid malam ini. Demikian informasinya.","Phishing/Link Berbahaya","tautan_login_palsu","synthetic_template_v1","true","false","PHI-10"
"spam","Halo pelanggan, Investasi kebun digital memberi bonus anggota dan keuntungan tanpa rugi. Terima kasih atas waktunya.","Penipuan Investasi","trading_palsu","synthetic_template_v1","true","false","INV-6"
"spam","Hai, Kami lampirkan Undangan_Digital_Pernikahan_0201.apk. Mohon diunduh untuk melihat peta lokasi. Terima kasih atas waktunya.","Phishing/Link Berbahaya","undangan_apk","synthetic_template_v1","true","false","PHI-2"
"spam","Mohon perhatian, Petugas pajak meminta data rekening dan PIN untuk pengembalian dana. Mohon diperhatikan.","Social Engineering","penyamaran_petugas","synthetic_template_v1","true","false","SOC-7"
"spam","Selamat sore, Nomor Anda bermasalah. Kirim kode verifikasi kepada petugas ini sebelum pukul 18.00. Mohon diperhatikan.","Social Engineering","permintaan_otp","synthetic_template_v1","true","false","SOC-3"
"spam","Info untuk Anda, Investasi eksklusif menjanjikan profit 30% tanpa risiko. Deposit mulai Rp1.250.000. Terima kasih.","Penipuan Investasi","profit_pasti","synthetic_template_v1","true","false","INV-1"
"spam","Permisi, Sayang, aku sedang darurat di luar kota. Tolong kirim uang Rp5.000.000 hari ini. Mohon diperhatikan.","Penipuan Romansa","pinjaman_pasangan","synthetic_template_v1","true","false","ROM-1"
"ham","Hai, Aku sudah sampai rumah. Kabari kalau kamu juga sudah sampai dengan aman. Harap cek kembali.","Aman","informasi_resmi","synthetic_template_v1","true","false","AMN-9"
"spam","Selamat pagi, Paket Anda tertahan. Download aplikasi Cek_Resi_0031.apk untuk memilih jadwal antar. Semoga membantu.","Phishing/Link Berbahaya","undangan_apk","synthetic_template_v1","true","false","PHI-4"
"spam","Selamat sore, Hadiah pelanggan menunggu. Pasang Bonus_Resmi_0226.apk untuk klaim. Semoga membantu.","Phishing/Link Berbahaya","paket_apk","synthetic_template_v1","true","false","PHI-8"
"spam","Paket staking eksklusif memberi return tetap 20 persen per minggu.","Penipuan Investasi","contemporary_hard_case","synthetic_contemporary_v2","true","false","INV-H7"
"ham","Selamat sore, Besok rapat kelompok dimulai pukul 15.30 di ruang aula. Salam.","Aman","percakapan_harian","synthetic_template_v1","true","false","AMN-1"
"spam","Info untuk Anda, Kerja paruh waktu dari rumah, tugas memberi like dengan deposit awal Rp1.250.000. Ditunggu konfirmasinya.","Penipuan Rekrutmen","biaya_administrasi","synthetic_template_v1","true","false","REK-3"
"spam","Halo pelanggan, Kesempatan cuan pasti 75% per minggu, transfer modal sekarang. Salam.","Penipuan Investasi","profit_pasti","synthetic_template_v1","true","false","INV-3"
"spam","Selamat pagi, Anda diterima tanpa tes. Transfer biaya seragam Rp500.000 hari ini. Semoga membantu.","Penipuan Rekrutmen","biaya_administrasi","synthetic_template_v1","true","false","REK-2"
"ham","Kepada Yth. Bapak/Ibu, Paket sudah diterima oleh satpam. Silakan diambil tanpa biaya tambahan. Harap cek kembali.","Aman","undangan_aman","synthetic_template_v1","true","false","AMN-6"
"ham","Selamat pagi, Paket sudah diterima oleh satpam. Silakan diambil tanpa biaya tambahan. Salam.","Aman","undangan_aman","synthetic_template_v1","true","false","AMN-6"
"spam","Kepada Yth. Bapak/Ibu, HRD meminta pembayaran medical check-up ke rekening pribadi sebelum batas waktu. Harap cek kembali.","Penipuan Rekrutmen","tugas_like","synthetic_template_v1","true","false","REK-8"
"spam","Hai, Jangan beri tahu keluargamu tentang hubungan kita. Aku butuh bantuan dana hari ini. Mohon diperhatikan.","Penipuan Romansa","hadiah_tertahan","synthetic_template_v1","true","false","ROM-6"
"spam","Scan barcode ini untuk memperbarui data Dukcapil.","Phishing/Link Berbahaya","contemporary_hard_case","synthetic_contemporary_v2","true","false","PHI-H3"
"ham","Info untuk Anda, Undangan rapat RT terlampir sebagai dokumen PDF dari pengurus yang kamu kenal. Mohon diperhatikan.","Aman","informasi_resmi","synthetic_template_v1","true","false","AMN-10"
"spam","Permisi, Kerja paruh waktu dari rumah, tugas memberi like dengan deposit awal Rp5.000.000. Semoga membantu.","Penipuan Rekrutmen","biaya_administrasi","synthetic_template_v1","true","false","REK-3"
"spam","Info untuk Anda, Aku kehilangan dompet saat perjalanan menemuimu. Tolong transfer Rp1.250.000. Harap cek kembali.","Penipuan Romansa","darurat_palsu","synthetic_template_v1","true","false","ROM-9"
"ham","aku lagi di jalan","Aman","contemporary_hard_case","synthetic_contemporary_v2","true","false","AMN-H9"
"spam","Info untuk Anda, Lowongan staf administrasi bergaji tinggi. Kirim PIN dan data rekening untuk payroll. Harap cek kembali.","Penipuan Rekrutmen","tugas_like","synthetic_template_v1","true","false","REK-5"
"spam","Selamat pagi, Anda diterima tanpa tes. Transfer biaya seragam Rp150.000 sekarang. Semoga membantu.","Penipuan Rekrutmen","biaya_administrasi","synthetic_template_v1","true","false","REK-2"
"spam","Mohon perhatian, Detail waktu dan lokasi pernikahan ada di Undangan Pernikahan 0259.apk, silakan buka dalam 30 menit. Demikian informasinya.","Phishing/Link Berbahaya","undangan_apk","synthetic_template_v1","true","false","PHI-3"
"spam","Selamat pagi, Gabung grup trading kami, modal Rp350.000 dijamin berlipat dalam 5 hari. Demikian informasinya.","Penipuan Investasi","profit_pasti","synthetic_template_v1","true","false","INV-2"
"ham","Hai, Undangan rapat RT terlampir sebagai dokumen PDF dari pengurus yang kamu kenal. Demikian informasinya.","Aman","informasi_resmi","synthetic_template_v1","true","false","AMN-10"
"spam","Selamat sore, Bukti profit sudah banyak. Transfer dana awal agar akun investasi diaktifkan. Terima kasih atas waktunya.","Penipuan Investasi","deposit_awal","synthetic_template_v1","true","false","INV-10"
"spam","Permisi, HRD membuka lowongan kerja. Bayar biaya administrasi Rp350.000 sebelum interview. Semoga membantu.","Penipuan Rekrutmen","biaya_administrasi","synthetic_template_v1","true","false","REK-1"
"spam","Hai, Kami mengundang Anda ke pesta pernikahan. Buka Foto Undangan_0090.apk untuk info lengkapnya. Demikian informasinya.","Phishing/Link Berbahaya","undangan_apk","synthetic_template_v1","true","false","PHI-1"
"spam","Mohon perhatian, Robot trading legal menjamin return tetap. Buka akun dengan setoran Rp1.250.000. Terima kasih.","Penipuan Investasi","profit_pasti","synthetic_template_v1","true","false","INV-4"
"spam","Selamat sore, Dana Anda akan dikelola profesional dengan hasil pasti 20% per bulan. Terima kasih atas waktunya.","Penipuan Investasi","trading_palsu","synthetic_template_v1","true","false","INV-7"
"spam","Selamat sore, Buka file Galeri_Pernikahan_0355.apk agar foto dan alamat gedung terlihat. Ditunggu konfirmasinya.","Phishing/Link Berbahaya","paket_apk","synthetic_template_v1","true","false","PHI-7"
"ham","Halo kak, Besok rapat kelompok dimulai pukul 19.00 di ruang C2. Salam.","Aman","percakapan_harian","synthetic_template_v1","true","false","AMN-1"
"spam","Info untuk Anda, Aku serius ingin menikah denganmu, tetapi paket hadiahku tertahan dan perlu biaya Rp1.250.000. Harap cek kembali.","Penipuan Romansa","pinjaman_pasangan","synthetic_template_v1","true","false","ROM-2"
"spam","Permisi, Detail waktu dan lokasi pernikahan ada di Undangan Pernikahan 0479.apk, silakan buka malam ini. Ditunggu konfirmasinya.","Phishing/Link Berbahaya","undangan_apk","synthetic_template_v1","true","false","PHI-3"
"spam","Assalamualaikum, Gabung grup trading kami, modal Rp5.000.000 dijamin berlipat dalam 7 hari. Harap cek kembali.","Penipuan Investasi","profit_pasti","synthetic_template_v1","true","false","INV-2"
"ham","Assalamualaikum, Tolong beli makan siang saat pulang dari kampus, nanti saya ganti. Demikian informasinya.","Aman","percakapan_harian","synthetic_template_v1","true","false","AMN-4"
"spam","Halo pelanggan, Posisi terbatas, amankan kursi kerja dengan transfer Rp1.250.000. Salam.","Penipuan Rekrutmen","hrd_palsu","synthetic_template_v1","true","false","REK-9"
"spam","Halo kak, HRD membuka lowongan kerja. Bayar biaya administrasi Rp500.000 sebelum interview. Terima kasih atas waktunya.","Penipuan Rekrutmen","biaya_administrasi","synthetic_template_v1","true","false","REK-1"
"ham","Mohon perhatian, Pengumuman kampus dapat dilihat melalui portal akademik resmi. Mohon diperhatikan.","Aman","undangan_aman","synthetic_template_v1","true","false","AMN-8"
"spam","Mohon perhatian, Kami mengundang Anda ke pesta pernikahan. Buka Foto Undangan_0019.apk untuk info lengkapnya. Terima kasih atas waktunya.","Phishing/Link Berbahaya","undangan_apk","synthetic_template_v1","true","false","PHI-1"
"spam","Assalamualaikum, Petugas pajak meminta data rekening dan PIN untuk pengembalian dana. Harap cek kembali.","Social Engineering","penyamaran_petugas","synthetic_template_v1","true","false","SOC-7"
"spam","Assalamualaikum, Bukti profit sudah banyak. Transfer dana awal agar akun investasi diaktifkan. Terima kasih atas waktunya.","Penipuan Investasi","deposit_awal","synthetic_template_v1","true","false","INV-10"
"spam","Halo pelanggan, Buka file Galeri_Pernikahan_0278.apk agar foto dan alamat gedung terlihat. Demikian informasinya.","Phishing/Link Berbahaya","paket_apk","synthetic_template_v1","true","false","PHI-7"
"spam","Hai, Sayang, aku sedang darurat di luar kota. Tolong kirim uang Rp2.500.000 sebelum pukul 18.00. Salam.","Penipuan Romansa","pinjaman_pasangan","synthetic_template_v1","true","false","ROM-1"
"spam","Info untuk Anda, Hadiah pelanggan menunggu. Pasang Bonus_Resmi_0110.apk untuk klaim. Salam.","Phishing/Link Berbahaya","paket_apk","synthetic_template_v1","true","false","PHI-8"
"spam","Assalamualaikum, Rekrutmen resmi tanpa wawancara, bayar pelatihan wajib sebesar Rp500.000. Demikian informasinya.","Penipuan Rekrutmen","tugas_like","synthetic_template_v1","true","false","REK-6"
"spam","Halo kak, Saya petugas bank. Sebutkan OTP yang baru masuk agar rekening tidak diblokir sebelum batas waktu. Semoga membantu.","Social Engineering","permintaan_otp","synthetic_template_v1","true","false","SOC-1"
"spam","Info untuk Anda, Perbarui data akun melalui halaman login https://akun-aman-0252.invalid sekarang. Semoga membantu.","Phishing/Link Berbahaya","tautan_login_palsu","synthetic_template_v1","true","false","PHI-10"
"spam","Halo kak, Tagihan belum dibayar. Klik tautan [tautan-palsu-0111] untuk menghindari denda. Ditunggu konfirmasinya.","Phishing/Link Berbahaya","paket_apk","synthetic_template_v1","true","false","PHI-6"
"spam","Permisi, Dana Anda akan dikelola profesional dengan hasil pasti 30% per bulan. Demikian informasinya.","Penipuan Investasi","trading_palsu","synthetic_template_v1","true","false","INV-7"
"ham","Assalamualaikum, Tolong beli makan siang saat pulang dari kampus, nanti saya ganti. Harap cek kembali.","Aman","percakapan_harian","synthetic_template_v1","true","false","AMN-4"
"spam","Halo pelanggan, Kami mengundang Anda ke pesta pernikahan. Buka Foto Undangan_0115.apk untuk info lengkapnya. Terima kasih atas waktunya.","Phishing/Link Berbahaya","undangan_apk","synthetic_template_v1","true","false","PHI-1"
"spam","Halo pelanggan, Gabung grup trading kami, modal Rp350.000 dijamin berlipat dalam 5 hari. Demikian informasinya.","Penipuan Investasi","profit_pasti","synthetic_template_v1","true","false","INV-2"
"ham","Permisi, Foto undangan pernikahan sudah saya kirim dalam format JPG. Sampai jumpa di acara ya. Salam.","Aman","percakapan_harian","synthetic_template_v1","true","false","AMN-3"
"ham","Kepada Yth. Bapak/Ibu, Paket sudah diterima oleh satpam. Silakan diambil tanpa biaya tambahan. Demikian informasinya.","Aman","undangan_aman","synthetic_template_v1","true","false","AMN-6"
"spam","Selamat pagi, Undangan resmi elektronik tersedia melalui link http://undangan-0365.invalid. Ditunggu konfirmasinya.","Phishing/Link Berbahaya","tautan_login_palsu","synthetic_template_v1","true","false","PHI-9"
"spam","Selamat pagi, Setelah semua obrolan kita, buktikan kepercayaanmu dengan membantu transfer Rp500.000. Mohon diperhatikan.","Penipuan Romansa","pinjaman_pasangan","synthetic_template_v1","true","false","ROM-3"
"spam","Info untuk Anda, Setelah semua obrolan kita, buktikan kepercayaanmu dengan membantu transfer Rp2.500.000. Terima kasih.","Penipuan Romansa","pinjaman_pasangan","synthetic_template_v1","true","false","ROM-3"
"spam","Selamat pagi, Investasi eksklusif menjanjikan profit 50% tanpa risiko. Deposit mulai Rp350.000. Terima kasih atas waktunya.","Penipuan Investasi","profit_pasti","synthetic_template_v1","true","false","INV-1"
"ham","Kepada Yth. Bapak/Ibu, Jadwal konsultasi dipindah ke Rabu pukul 08.00 melalui ruang kelas resmi. Ditunggu konfirmasinya.","Aman","undangan_aman","synthetic_template_v1","true","false","AMN-5"
"spam","Mohon perhatian, Aku serius ingin menikah denganmu, tetapi paket hadiahku tertahan dan perlu biaya Rp500.000. Mohon diperhatikan.","Penipuan Romansa","pinjaman_pasangan","synthetic_template_v1","true","false","ROM-2"
"spam","Kepada Yth. Bapak/Ibu, HRD membuka lowongan kerja. Bayar biaya administrasi Rp150.000 sebelum interview. Salam.","Penipuan Rekrutmen","biaya_administrasi","synthetic_template_v1","true","false","REK-1"
"spam","Mohon perhatian, Aku serius ingin menikah denganmu, tetapi paket hadiahku tertahan dan perlu biaya Rp1.250.000. Ditunggu konfirmasinya.","Penipuan Romansa","pinjaman_pasangan","synthetic_template_v1","true","false","ROM-2"
"spam","Selamat sore, Akun bank akan dinonaktifkan. Verifikasi melalui https://bank-verifikasi-0541.invalid. Demikian informasinya.","Phishing/Link Berbahaya","paket_apk","synthetic_template_v1","true","false","PHI-5"
"spam","Selamat sore, Aku bekerja di luar negeri dan akan pulang menemuimu. Bayarkan bea paket hadiah dulu. Ditunggu konfirmasinya.","Penipuan Romansa","pinjaman_pasangan","synthetic_template_v1","true","false","ROM-4"
"ham","Hai, Besok rapat kelompok dimulai pukul 15.30 di ruang aula. Terima kasih.","Aman","percakapan_harian","synthetic_template_v1","true","false","AMN-1"
"spam","Info untuk Anda, Kami lampirkan Undangan_Digital_Pernikahan_0139.apk. Mohon diunduh untuk melihat peta lokasi. Terima kasih atas waktunya.","Phishing/Link Berbahaya","undangan_apk","synthetic_template_v1","true","false","PHI-2"
"spam","Halo pelanggan, Posisi terbatas, amankan kursi kerja dengan transfer Rp500.000. Semoga membantu.","Penipuan Rekrutmen","hrd_palsu","synthetic_template_v1","true","false","REK-9"
"spam","Selamat sore, Paket Anda tertahan. Download aplikasi Cek_Resi_0503.apk untuk memilih jadwal antar. Salam.","Phishing/Link Berbahaya","undangan_apk","synthetic_template_v1","true","false","PHI-4"
"spam","Halo pelanggan, Atasan meminta transfer darurat Rp500.000; jangan hubungi siapa pun dulu. Terima kasih atas waktunya.","Social Engineering","penyamaran_petugas","synthetic_template_v1","true","false","SOC-5"
"spam","Hai, Pihak berwenang mengancam denda bila data pribadi tidak dikirim hari ini. Semoga membantu.","Social Engineering","ancaman_akun","synthetic_template_v1","true","false","SOC-10"
"spam","Halo pelanggan, Bisnis passive income tanpa kerja, modal kembali dalam 2 hari. Salam.","Penipuan Investasi","deposit_awal","synthetic_template_v1","true","false","INV-9"
"spam","Selamat pagi, Robot trading legal menjamin return tetap. Buka akun dengan setoran Rp150.000. Terima kasih.","Penipuan Investasi","profit_pasti","synthetic_template_v1","true","false","INV-4"
"spam","Assalamualaikum, Saya keluarga Anda memakai nomor baru. Tolong transfer Rp150.000 karena sedang darurat. Mohon diperhatikan.","Social Engineering","penyamaran_petugas","synthetic_template_v1","true","false","SOC-8"
"spam","Halo kak, Saya petugas bank. Sebutkan OTP yang baru masuk agar rekening tidak diblokir malam ini. Harap cek kembali.","Social Engineering","permintaan_otp","synthetic_template_v1","true","false","SOC-1"
"spam","Mohon perhatian, Akun akan dinonaktifkan bila Anda tidak membalas dengan OTP sekarang. Harap cek kembali.","Social Engineering","penyamaran_petugas","synthetic_template_v1","true","false","SOC-6"
"ham","Mohon perhatian, Jadwal konsultasi dipindah ke minggu depan pukul 08.00 melalui ruang kelas resmi. Terima kasih.","Aman","undangan_aman","synthetic_template_v1","true","false","AMN-5"
"spam","Selamat pagi, Buka file Galeri_Pernikahan_0286.apk agar foto dan alamat gedung terlihat. Mohon diperhatikan.","Phishing/Link Berbahaya","paket_apk","synthetic_template_v1","true","false","PHI-7"
"spam","Selamat pagi, Investasi eksklusif menjanjikan profit 30% tanpa risiko. Deposit mulai Rp150.000. Mohon diperhatikan.","Penipuan Investasi","profit_pasti","synthetic_template_v1","true","false","INV-1"
"spam","Permisi, Tagihan belum dibayar. Klik tautan [tautan-palsu-0543] untuk menghindari denda. Demikian informasinya.","Phishing/Link Berbahaya","paket_apk","synthetic_template_v1","true","false","PHI-6"
"spam","Halo kak, Lowongan staf administrasi bergaji tinggi. Kirim PIN dan data rekening untuk payroll. Terima kasih atas waktunya.","Penipuan Rekrutmen","tugas_like","synthetic_template_v1","true","false","REK-5"
"spam","Info untuk Anda, Undangan resmi elektronik tersedia melalui link http://undangan-0305.invalid. Semoga membantu.","Phishing/Link Berbahaya","tautan_login_palsu","synthetic_template_v1","true","false","PHI-9"
"spam","Selamat pagi, Paket investasi VIP tersisa satu slot. Kirim Rp2.500.000 untuk mengamankan posisi. Harap cek kembali.","Penipuan Investasi","trading_palsu","synthetic_template_v1","true","false","INV-8"
"spam","Halo pelanggan, Paket investasi VIP tersisa satu slot. Kirim Rp350.000 untuk mengamankan posisi. Salam.","Penipuan Investasi","trading_palsu","synthetic_template_v1","true","false","INV-8"
"spam","Aku tentara di luar negeri dan perlu uang agar bisa pulang menikahimu.","Penipuan Romansa","contemporary_hard_case","synthetic_contemporary_v2","true","false","ROM-H4"
"spam","Selamat pagi, Saya petugas bank. Sebutkan OTP yang baru masuk agar rekening tidak diblokir sebelum pukul 18.00. Harap cek kembali.","Social Engineering","permintaan_otp","synthetic_template_v1","true","false","SOC-1"
"spam","Hai, Nomor Anda bermasalah. Kirim kode verifikasi kepada petugas ini dalam 30 menit. Semoga membantu.","Social Engineering","permintaan_otp","synthetic_template_v1","true","false","SOC-3"
"spam","Kepada Yth. Bapak/Ibu, Kita sudah dekat lama. Tolong bantu biaya pengobatan keluargaku sebesar Rp2.500.000. Mohon diperhatikan.","Penipuan Romansa","darurat_palsu","synthetic_template_v1","true","false","ROM-10"
"spam","Info untuk Anda, Admin layanan membutuhkan PIN Anda untuk membatalkan transaksi Rp500.000. Terima kasih atas waktunya.","Social Engineering","permintaan_otp","synthetic_template_v1","true","false","SOC-2"
"spam","Halo kak, Cintaku, rekeningku diblokir. Pinjamkan Rp5.000.000, nanti langsung kuganti. Semoga membantu.","Penipuan Romansa","hadiah_tertahan","synthetic_template_v1","true","false","ROM-5"
"spam","Kepada Yth. Bapak/Ibu, Kita sudah dekat lama. Tolong bantu biaya pengobatan keluargaku sebesar Rp2.500.000. Terima kasih atas waktunya.","Penipuan Romansa","darurat_palsu","synthetic_template_v1","true","false","ROM-10"
"spam","Info untuk Anda, Pihak berwenang mengancam denda bila data pribadi tidak dikirim dalam 30 menit. Terima kasih atas waktunya.","Social Engineering","ancaman_akun","synthetic_template_v1","true","false","SOC-10"
"ham","Halo pelanggan, Terima kasih sudah hadir di acara keluarga kemarin, foto ada di album bersama. Demikian informasinya.","Aman","undangan_aman","synthetic_template_v1","true","false","AMN-7"
"spam","Selamat sore, Aku kehilangan dompet saat perjalanan menemuimu. Tolong transfer Rp1.250.000. Harap cek kembali.","Penipuan Romansa","darurat_palsu","synthetic_template_v1","true","false","ROM-9"
"spam","Ini nomor baru pimpinan. Rahasiakan dan kirim dana operasional sekarang.","Social Engineering","contemporary_hard_case","synthetic_contemporary_v2","true","false","SOC-H2"
"spam","Selamat sore, Rekrutmen resmi tanpa wawancara, bayar pelatihan wajib sebesar Rp150.000. Semoga membantu.","Penipuan Rekrutmen","tugas_like","synthetic_template_v1","true","false","REK-6"
"spam","Selamat sore, Jangan beri tahu keluargamu tentang hubungan kita. Aku butuh bantuan dana dalam 30 menit. Demikian informasinya.","Penipuan Romansa","hadiah_tertahan","synthetic_template_v1","true","false","ROM-6"
"spam","Halo pelanggan, Cintaku, rekeningku diblokir. Pinjamkan Rp350.000, nanti langsung kuganti. Terima kasih atas waktunya.","Penipuan Romansa","hadiah_tertahan","synthetic_template_v1","true","false","ROM-5"
"spam","Halo kak, Aku serius ingin menikah denganmu, tetapi paket hadiahku tertahan dan perlu biaya Rp5.000.000. Terima kasih atas waktunya.","Penipuan Romansa","pinjaman_pasangan","synthetic_template_v1","true","false","ROM-2"
"spam","Assalamualaikum, Akun akan dinonaktifkan bila Anda tidak membalas dengan OTP dalam 30 menit. Terima kasih atas waktunya.","Social Engineering","penyamaran_petugas","synthetic_template_v1","true","false","SOC-6"
"spam","Selamat pagi, Investasi kebun digital memberi bonus anggota dan keuntungan tanpa rugi. Semoga membantu.","Penipuan Investasi","trading_palsu","synthetic_template_v1","true","false","INV-6"
"ham","Selamat pagi, Besok rapat kelompok dimulai pukul 15.30 di ruang B3. Terima kasih.","Aman","percakapan_harian","synthetic_template_v1","true","false","AMN-1"
"spam","Selamat pagi, Anda diterima tanpa tes. Transfer biaya seragam Rp2.500.000 sebelum pukul 18.00. Harap cek kembali.","Penipuan Rekrutmen","biaya_administrasi","synthetic_template_v1","true","false","REK-2"
"spam","Halo kak, Dana Anda akan dikelola profesional dengan hasil pasti 25% per bulan. Mohon diperhatikan.","Penipuan Investasi","trading_palsu","synthetic_template_v1","true","false","INV-7"
"spam","Mohon perhatian, Sayang, aku sedang darurat di luar kota. Tolong kirim uang Rp1.250.000 hari ini. Terima kasih.","Penipuan Romansa","pinjaman_pasangan","synthetic_template_v1","true","false","ROM-1"
"spam","Kepada Yth. Bapak/Ibu, Akun bank akan dinonaktifkan. Verifikasi melalui https://bank-verifikasi-0093.invalid. Terima kasih atas waktunya.","Phishing/Link Berbahaya","paket_apk","synthetic_template_v1","true","false","PHI-5"
"spam","Halo kak, Investasi kebun digital memberi bonus anggota dan keuntungan tanpa rugi. Ditunggu konfirmasinya.","Penipuan Investasi","trading_palsu","synthetic_template_v1","true","false","INV-6"
"spam","Halo pelanggan, Investasi eksklusif menjanjikan profit 50% tanpa risiko. Deposit mulai Rp350.000. Terima kasih atas waktunya.","Penipuan Investasi","profit_pasti","synthetic_template_v1","true","false","INV-1"
"spam","Selamat pagi, Investasi kebun digital memberi bonus anggota dan keuntungan tanpa rugi. Terima kasih.","Penipuan Investasi","trading_palsu","synthetic_template_v1","true","false","INV-6"
"spam","Permisi, Paket Anda tertahan. Download aplikasi Cek_Resi_0140.apk untuk memilih jadwal antar. Demikian informasinya.","Phishing/Link Berbahaya","undangan_apk","synthetic_template_v1","true","false","PHI-4"
"spam","Selamat pagi, Robot trading legal menjamin return tetap. Buka akun dengan setoran Rp5.000.000. Semoga membantu.","Penipuan Investasi","profit_pasti","synthetic_template_v1","true","false","INV-4"
"spam","Kepada Yth. Bapak/Ibu, Kesempatan cuan pasti 30% per minggu, transfer modal dalam 30 menit. Terima kasih.","Penipuan Investasi","profit_pasti","synthetic_template_v1","true","false","INV-3"
"ham","Mohon perhatian, Aku sudah sampai rumah. Kabari kalau kamu juga sudah sampai dengan aman. Harap cek kembali.","Aman","informasi_resmi","synthetic_template_v1","true","false","AMN-9"
"spam","Halo pelanggan, Kami mengundang Anda ke pesta pernikahan. Buka Foto Undangan_0338.apk untuk info lengkapnya. Semoga membantu.","Phishing/Link Berbahaya","undangan_apk","synthetic_template_v1","true","false","PHI-1"
"ham","Permisi, Tolong beli makan siang saat pulang dari kampus, nanti saya ganti. Semoga membantu.","Aman","percakapan_harian","synthetic_template_v1","true","false","AMN-4"
"spam","Halo kak, Jangan beri tahu keluargamu tentang hubungan kita. Aku butuh bantuan dana hari ini. Terima kasih.","Penipuan Romansa","hadiah_tertahan","synthetic_template_v1","true","false","ROM-6"
"ham","Halo kak, Undangan rapat RT terlampir sebagai dokumen PDF dari pengurus yang kamu kenal. Salam.","Aman","informasi_resmi","synthetic_template_v1","true","false","AMN-10"
"spam","Hai, Saya dari kantor pusat, mohon konfirmasi password untuk pemeriksaan keamanan. Terima kasih atas waktunya.","Social Engineering","permintaan_otp","synthetic_template_v1","true","false","SOC-4"
"ham","Hai, Foto undangan pernikahan sudah saya kirim dalam format JPG. Sampai jumpa di acara ya. Semoga membantu.","Aman","percakapan_harian","synthetic_template_v1","true","false","AMN-3"
"spam","Selamat pagi, Bukti profit sudah banyak. Transfer dana awal agar akun investasi diaktifkan. Semoga membantu.","Penipuan Investasi","deposit_awal","synthetic_template_v1","true","false","INV-10"
"ham","Info untuk Anda, Besok rapat kelompok dimulai pukul 15.30 di ruang B3. Harap cek kembali.","Aman","percakapan_harian","synthetic_template_v1","true","false","AMN-1"
"ham","Assalamualaikum, Kami mengundang Anda ke pernikahan keluarga kami pada Sabtu. Undangan berupa PDF, tidak perlu memasang aplikasi. Terima kasih atas waktunya.","Aman","percakapan_harian","synthetic_template_v1","true","false","AMN-2"
"ham","Selamat sore, Undangan rapat RT terlampir sebagai dokumen PDF dari pengurus yang kamu kenal. Mohon diperhatikan.","Aman","informasi_resmi","synthetic_template_v1","true","false","AMN-10"
"ham","Info untuk Anda, Tolong beli makan siang saat pulang dari kampus, nanti saya ganti. Semoga membantu.","Aman","percakapan_harian","synthetic_template_v1","true","false","AMN-4"
"spam","Kepada Yth. Bapak/Ibu, Paket Anda tertahan. Download aplikasi Cek_Resi_0149.apk untuk memilih jadwal antar. Harap cek kembali.","Phishing/Link Berbahaya","undangan_apk","synthetic_template_v1","true","false","PHI-4"
"spam","Info untuk Anda, Pihak berwenang mengancam denda bila data pribadi tidak dikirim malam ini. Ditunggu konfirmasinya.","Social Engineering","ancaman_akun","synthetic_template_v1","true","false","SOC-10"
"spam","Mohon perhatian, Investasi kebun digital memberi bonus anggota dan keuntungan tanpa rugi. Terima kasih atas waktunya.","Penipuan Investasi","trading_palsu","synthetic_template_v1","true","false","INV-6"
"spam","Selamat sore, Akun bank akan dinonaktifkan. Verifikasi melalui https://bank-verifikasi-0065.invalid. Harap cek kembali.","Phishing/Link Berbahaya","paket_apk","synthetic_template_v1","true","false","PHI-5"
"spam","Hai, Tagihan belum dibayar. Klik tautan [tautan-palsu-0527] untuk menghindari denda. Mohon diperhatikan.","Phishing/Link Berbahaya","paket_apk","synthetic_template_v1","true","false","PHI-6"
"ham","Hai, Tolong beli makan siang saat pulang dari kampus, nanti saya ganti. Mohon diperhatikan.","Aman","percakapan_harian","synthetic_template_v1","true","false","AMN-4"
"spam","Hai, Gabung grup trading kami, modal Rp5.000.000 dijamin berlipat dalam 2 hari. Semoga membantu.","Penipuan Investasi","profit_pasti","synthetic_template_v1","true","false","INV-2"
"spam","Hai, Aku kehilangan dompet saat perjalanan menemuimu. Tolong transfer Rp150.000. Semoga membantu.","Penipuan Romansa","darurat_palsu","synthetic_template_v1","true","false","ROM-9"
"spam","Mohon perhatian, Akun bank akan dinonaktifkan. Verifikasi melalui https://bank-verifikasi-0182.invalid. Terima kasih atas waktunya.","Phishing/Link Berbahaya","paket_apk","synthetic_template_v1","true","false","PHI-5"
"ham","Assalamualaikum, Jadwal konsultasi dipindah ke minggu depan pukul 09.30 melalui ruang kelas resmi. Mohon diperhatikan.","Aman","undangan_aman","synthetic_template_v1","true","false","AMN-5"
"spam","Hai, Saya petugas bank. Sebutkan OTP yang baru masuk agar rekening tidak diblokir malam ini. Salam.","Social Engineering","permintaan_otp","synthetic_template_v1","true","false","SOC-1"
"spam","Halo kak, Akun akan dinonaktifkan bila Anda tidak membalas dengan OTP sebelum batas waktu. Semoga membantu.","Social Engineering","penyamaran_petugas","synthetic_template_v1","true","false","SOC-6"
"spam","Gaji harian Rp2 juta tanpa pengalaman, klik formulir pribadi ini.","Penipuan Rekrutmen","contemporary_hard_case","synthetic_contemporary_v2","true","false","REK-H9"
"spam","Hai, Pihak berwenang mengancam denda bila data pribadi tidak dikirim hari ini. Demikian informasinya.","Social Engineering","ancaman_akun","synthetic_template_v1","true","false","SOC-10"
"spam","Halo pelanggan, Atasan meminta transfer darurat Rp2.500.000; jangan hubungi siapa pun dulu. Terima kasih atas waktunya.","Social Engineering","penyamaran_petugas","synthetic_template_v1","true","false","SOC-5"
"spam","Mohon perhatian, Bisnis passive income tanpa kerja, modal kembali dalam 10 hari. Ditunggu konfirmasinya.","Penipuan Investasi","deposit_awal","synthetic_template_v1","true","false","INV-9"
"spam","Permisi, Aku serius ingin menikah denganmu, tetapi paket hadiahku tertahan dan perlu biaya Rp150.000. Ditunggu konfirmasinya.","Penipuan Romansa","pinjaman_pasangan","synthetic_template_v1","true","false","ROM-2"
"spam","Info untuk Anda, Petugas pajak meminta data rekening dan PIN untuk pengembalian dana. Terima kasih atas waktunya.","Social Engineering","penyamaran_petugas","synthetic_template_v1","true","false","SOC-7"
"ham","Info untuk Anda, Kami mengundang Anda ke pernikahan keluarga kami pada Senin. Undangan berupa PDF, tidak perlu memasang aplikasi. Terima kasih.","Aman","percakapan_harian","synthetic_template_v1","true","false","AMN-2"
"spam","Selamat pagi, Saya keluarga Anda memakai nomor baru. Tolong transfer Rp150.000 karena sedang darurat. Salam.","Social Engineering","penyamaran_petugas","synthetic_template_v1","true","false","SOC-8"
"spam","Hai, Hadiah pernikahan untukmu tertahan di bea cukai. Bayar tagihannya agar dikirim. Terima kasih.","Penipuan Romansa","hadiah_tertahan","synthetic_template_v1","true","false","ROM-8"
"spam","Assalamualaikum, Aku ingin membangun masa depan bersama, kirim modal kecil untuk usaha kita. Terima kasih.","Penipuan Romansa","hadiah_tertahan","synthetic_template_v1","true","false","ROM-7"
"spam","Hai, Admin layanan membutuhkan PIN Anda untuk membatalkan transaksi Rp350.000. Semoga membantu.","Social Engineering","permintaan_otp","synthetic_template_v1","true","false","SOC-2"
"spam","Selamat pagi, Detail waktu dan lokasi pernikahan ada di Undangan Pernikahan 0351.apk, silakan buka sekarang. Harap cek kembali.","Phishing/Link Berbahaya","undangan_apk","synthetic_template_v1","true","false","PHI-3"
"spam","Hai, Detail waktu dan lokasi pernikahan ada di Undangan Pernikahan 0579.apk, silakan buka sebelum pukul 18.00. Terima kasih atas waktunya.","Phishing/Link Berbahaya","undangan_apk","synthetic_template_v1","true","false","PHI-3"
"ham","Hai, Paket sudah diterima oleh satpam. Silakan diambil tanpa biaya tambahan. Semoga membantu.","Aman","undangan_aman","synthetic_template_v1","true","false","AMN-6"
"spam","Assalamualaikum, Kami lampirkan Undangan_Digital_Pernikahan_0128.apk. Mohon diunduh untuk melihat peta lokasi. Harap cek kembali.","Phishing/Link Berbahaya","undangan_apk","synthetic_template_v1","true","false","PHI-2"
"spam","Permisi, Saya dari kantor pusat, mohon konfirmasi password untuk pemeriksaan keamanan. Terima kasih atas waktunya.","Social Engineering","permintaan_otp","synthetic_template_v1","true","false","SOC-4"
"spam","Selamat pagi, Kesempatan cuan pasti 30% per minggu, transfer modal sebelum pukul 18.00. Terima kasih atas waktunya.","Penipuan Investasi","profit_pasti","synthetic_template_v1","true","false","INV-3"
"ham","Halo pelanggan, Foto undangan pernikahan sudah saya kirim dalam format JPG. Sampai jumpa di acara ya. Semoga membantu.","Aman","percakapan_harian","synthetic_template_v1","true","false","AMN-3"
"ham","Info untuk Anda, Aku sudah sampai rumah. Kabari kalau kamu juga sudah sampai dengan aman. Demikian informasinya.","Aman","informasi_resmi","synthetic_template_v1","true","false","AMN-9"
"spam","Info untuk Anda, Sayang, aku sedang darurat di luar kota. Tolong kirim uang Rp350.000 sebelum pukul 18.00. Ditunggu konfirmasinya.","Penipuan Romansa","pinjaman_pasangan","synthetic_template_v1","true","false","ROM-1"
"spam","Halo pelanggan, Perbarui data akun melalui halaman login https://akun-aman-0247.invalid hari ini. Salam.","Phishing/Link Berbahaya","tautan_login_palsu","synthetic_template_v1","true","false","PHI-10"
"spam","Kepada Yth. Bapak/Ibu, Robot trading legal menjamin return tetap. Buka akun dengan setoran Rp2.500.000. Terima kasih.","Penipuan Investasi","profit_pasti","synthetic_template_v1","true","false","INV-4"
"spam","Permisi, Saya keluarga Anda memakai nomor baru. Tolong transfer Rp350.000 karena sedang darurat. Harap cek kembali.","Social Engineering","penyamaran_petugas","synthetic_template_v1","true","false","SOC-8"
"spam","Halo kak, Gabung grup trading kami, modal Rp1.250.000 dijamin berlipat dalam 10 hari. Harap cek kembali.","Penipuan Investasi","profit_pasti","synthetic_template_v1","true","false","INV-2"
"spam","Kepada Yth. Bapak/Ibu, Setelah semua obrolan kita, buktikan kepercayaanmu dengan membantu transfer Rp350.000. Semoga membantu.","Penipuan Romansa","pinjaman_pasangan","synthetic_template_v1","true","false","ROM-3"
"spam","Selamat pagi, Kerja paruh waktu dari rumah, tugas memberi like dengan deposit awal Rp500.000. Terima kasih.","Penipuan Rekrutmen","biaya_administrasi","synthetic_template_v1","true","false","REK-3"
"spam","Selamat pagi, Investasi eksklusif menjanjikan profit 75% tanpa risiko. Deposit mulai Rp500.000. Terima kasih atas waktunya.","Penipuan Investasi","profit_pasti","synthetic_template_v1","true","false","INV-1"
"spam","Mohon perhatian, Kerja paruh waktu dari rumah, tugas memberi like dengan deposit awal Rp500.000. Terima kasih atas waktunya.","Penipuan Rekrutmen","biaya_administrasi","synthetic_template_v1","true","false","REK-3"
"spam","Mohon perhatian, HRD meminta pembayaran medical check-up ke rekening pribadi sebelum batas waktu. Terima kasih atas waktunya.","Penipuan Rekrutmen","tugas_like","synthetic_template_v1","true","false","REK-8"
"spam","Assalamualaikum, Admin layanan membutuhkan PIN Anda untuk membatalkan transaksi Rp2.500.000. Harap cek kembali.","Social Engineering","permintaan_otp","synthetic_template_v1","true","false","SOC-2"
"spam","Selamat pagi, Investasi eksklusif menjanjikan profit 40% tanpa risiko. Deposit mulai Rp2.500.000. Harap cek kembali.","Penipuan Investasi","profit_pasti","synthetic_template_v1","true","false","INV-1"
"spam","Mohon perhatian, Rekrutmen resmi tanpa wawancara, bayar pelatihan wajib sebesar Rp500.000. Terima kasih atas waktunya.","Penipuan Rekrutmen","tugas_like","synthetic_template_v1","true","false","REK-6"
"ham","Info untuk Anda, Jadwal konsultasi dipindah ke Rabu pukul 15.30 melalui ruang kelas resmi. Mohon diperhatikan.","Aman","undangan_aman","synthetic_template_v1","true","false","AMN-5"
"ham","Assalamualaikum, Pengumuman kampus dapat dilihat melalui portal akademik resmi. Demikian informasinya.","Aman","undangan_aman","synthetic_template_v1","true","false","AMN-8"
"spam","Hai, Kerja paruh waktu dari rumah, tugas memberi like dengan deposit awal Rp150.000. Salam.","Penipuan Rekrutmen","biaya_administrasi","synthetic_template_v1","true","false","REK-3"
"ham","Selamat sore, Foto undangan pernikahan sudah saya kirim dalam format JPG. Sampai jumpa di acara ya. Salam.","Aman","percakapan_harian","synthetic_template_v1","true","false","AMN-3"
"spam","Kepada Yth. Bapak/Ibu, Buka file Galeri_Pernikahan_0125.apk agar foto dan alamat gedung terlihat. Terima kasih.","Phishing/Link Berbahaya","paket_apk","synthetic_template_v1","true","false","PHI-7"
"spam","Selamat sore, Setelah semua obrolan kita, buktikan kepercayaanmu dengan membantu transfer Rp350.000. Terima kasih.","Penipuan Romansa","pinjaman_pasangan","synthetic_template_v1","true","false","ROM-3"
"spam","Selamat sore, Dana Anda akan dikelola profesional dengan hasil pasti 30% per bulan. Harap cek kembali.","Penipuan Investasi","trading_palsu","synthetic_template_v1","true","false","INV-7"
"spam","Assalamualaikum, Posisi terbatas, amankan kursi kerja dengan transfer Rp150.000. Harap cek kembali.","Penipuan Rekrutmen","hrd_palsu","synthetic_template_v1","true","false","REK-9"
"spam","Halo kak, Perbarui data akun melalui halaman login https://akun-aman-0235.invalid hari ini. Demikian informasinya.","Phishing/Link Berbahaya","tautan_login_palsu","synthetic_template_v1","true","false","PHI-10"
"spam","Assalamualaikum, HRD meminta pembayaran medical check-up ke rekening pribadi dalam 30 menit. Semoga membantu.","Penipuan Rekrutmen","tugas_like","synthetic_template_v1","true","false","REK-8"
"spam","Halo pelanggan, Kami lampirkan Undangan_Digital_Pernikahan_0302.apk. Mohon diunduh untuk melihat peta lokasi. Demikian informasinya.","Phishing/Link Berbahaya","undangan_apk","synthetic_template_v1","true","false","PHI-2"
"spam","Permisi, Investasi eksklusif menjanjikan profit 50% tanpa risiko. Deposit mulai Rp1.250.000. Mohon diperhatikan.","Penipuan Investasi","profit_pasti","synthetic_template_v1","true","false","INV-1"
"spam","Halo kak, Undangan interview dari perusahaan besar, beli tiket melalui agen yang kami tunjuk. Harap cek kembali.","Penipuan Rekrutmen","biaya_administrasi","synthetic_template_v1","true","false","REK-4"
"spam","Mohon perhatian, Aku kehilangan dompet saat perjalanan menemuimu. Tolong transfer Rp500.000. Terima kasih atas waktunya.","Penipuan Romansa","darurat_palsu","synthetic_template_v1","true","false","ROM-9"
"spam","Kepada Yth. Bapak/Ibu, Anda diterima tanpa tes. Transfer biaya seragam Rp5.000.000 sebelum pukul 18.00. Harap cek kembali.","Penipuan Rekrutmen","biaya_administrasi","synthetic_template_v1","true","false","REK-2"
"spam","Assalamualaikum, Customer service meminta foto kartu dan kode rahasia untuk membuka blokir. Terima kasih atas waktunya.","Social Engineering","ancaman_akun","synthetic_template_v1","true","false","SOC-9"
"spam","Assalamualaikum, Setelah semua obrolan kita, buktikan kepercayaanmu dengan membantu transfer Rp350.000. Semoga membantu.","Penipuan Romansa","pinjaman_pasangan","synthetic_template_v1","true","false","ROM-3"
"spam","Halo kak, Akun akan dinonaktifkan bila Anda tidak membalas dengan OTP sekarang. Salam.","Social Engineering","penyamaran_petugas","synthetic_template_v1","true","false","SOC-6"
"spam","Halo pelanggan, Akun akan dinonaktifkan bila Anda tidak membalas dengan OTP sebelum batas waktu. Terima kasih atas waktunya.","Social Engineering","penyamaran_petugas","synthetic_template_v1","true","false","SOC-6"
"spam","Halo pelanggan, Pihak berwenang mengancam denda bila data pribadi tidak dikirim sekarang. Semoga membantu.","Social Engineering","ancaman_akun","synthetic_template_v1","true","false","SOC-10"
"spam","Hai, Jangan beri tahu keluargamu tentang hubungan kita. Aku butuh bantuan dana hari ini. Ditunggu konfirmasinya.","Penipuan Romansa","hadiah_tertahan","synthetic_template_v1","true","false","ROM-6"
"spam","Assalamualaikum, Kesempatan cuan pasti 50% per minggu, transfer modal dalam 30 menit. Demikian informasinya.","Penipuan Investasi","profit_pasti","synthetic_template_v1","true","false","INV-3"
"spam","Mohon perhatian, Perbarui data akun melalui halaman login https://akun-aman-0443.invalid sebelum batas waktu. Ditunggu konfirmasinya.","Phishing/Link Berbahaya","tautan_login_palsu","synthetic_template_v1","true","false","PHI-10"
"spam","Permisi, Kita sudah dekat lama. Tolong bantu biaya pengobatan keluargaku sebesar Rp1.250.000. Terima kasih atas waktunya.","Penipuan Romansa","darurat_palsu","synthetic_template_v1","true","false","ROM-10"
"spam","Halo pelanggan, Rekrutmen resmi tanpa wawancara, bayar pelatihan wajib sebesar Rp5.000.000. Demikian informasinya.","Penipuan Rekrutmen","tugas_like","synthetic_template_v1","true","false","REK-6"
"spam","Hai, Atasan meminta transfer darurat Rp150.000; jangan hubungi siapa pun dulu. Demikian informasinya.","Social Engineering","penyamaran_petugas","synthetic_template_v1","true","false","SOC-5"
"spam","Info untuk Anda, Detail waktu dan lokasi pernikahan ada di Undangan Pernikahan 0435.apk, silakan buka sekarang. Terima kasih.","Phishing/Link Berbahaya","undangan_apk","synthetic_template_v1","true","false","PHI-3"
"spam","Assalamualaikum, Jangan beri tahu keluargamu tentang hubungan kita. Aku butuh bantuan dana sebelum batas waktu. Mohon diperhatikan.","Penipuan Romansa","hadiah_tertahan","synthetic_template_v1","true","false","ROM-6"
"spam","Halo kak, Admin layanan membutuhkan PIN Anda untuk membatalkan transaksi Rp5.000.000. Terima kasih.","Social Engineering","permintaan_otp","synthetic_template_v1","true","false","SOC-2"
"spam","Kepada Yth. Bapak/Ibu, Paket Anda tertahan. Download aplikasi Cek_Resi_0133.apk untuk memilih jadwal antar. Salam.","Phishing/Link Berbahaya","undangan_apk","synthetic_template_v1","true","false","PHI-4"
"spam","Selamat sore, Undangan interview dari perusahaan besar, beli tiket melalui agen yang kami tunjuk. Salam.","Penipuan Rekrutmen","biaya_administrasi","synthetic_template_v1","true","false","REK-4"
"ham","Halo pelanggan, Undangan rapat RT terlampir sebagai dokumen PDF dari pengurus yang kamu kenal. Mohon diperhatikan.","Aman","informasi_resmi","synthetic_template_v1","true","false","AMN-10"
"spam","Selamat sore, Nomor Anda bermasalah. Kirim kode verifikasi kepada petugas ini hari ini. Ditunggu konfirmasinya.","Social Engineering","permintaan_otp","synthetic_template_v1","true","false","SOC-3"
"spam","Halo pelanggan, Akun akan dinonaktifkan bila Anda tidak membalas dengan OTP sekarang. Ditunggu konfirmasinya.","Social Engineering","penyamaran_petugas","synthetic_template_v1","true","false","SOC-6"
"spam","Kepada Yth. Bapak/Ibu, Aku kehilangan dompet saat perjalanan menemuimu. Tolong transfer Rp2.500.000. Ditunggu konfirmasinya.","Penipuan Romansa","darurat_palsu","synthetic_template_v1","true","false","ROM-9"
"spam","Info untuk Anda, Buka file Galeri_Pernikahan_0022.apk agar foto dan alamat gedung terlihat. Mohon diperhatikan.","Phishing/Link Berbahaya","paket_apk","synthetic_template_v1","true","false","PHI-7"
"spam","Selamat sore, Buka file Galeri_Pernikahan_0253.apk agar foto dan alamat gedung terlihat. Mohon diperhatikan.","Phishing/Link Berbahaya","paket_apk","synthetic_template_v1","true","false","PHI-7"
"spam","Halo kak, Robot trading legal menjamin return tetap. Buka akun dengan setoran Rp1.250.000. Ditunggu konfirmasinya.","Penipuan Investasi","profit_pasti","synthetic_template_v1","true","false","INV-4"
"ham","Halo kak, Tolong beli makan siang saat pulang dari kampus, nanti saya ganti. Demikian informasinya.","Aman","percakapan_harian","synthetic_template_v1","true","false","AMN-4"
"spam","Permisi, Robot trading legal menjamin return tetap. Buka akun dengan setoran Rp5.000.000. Terima kasih.","Penipuan Investasi","profit_pasti","synthetic_template_v1","true","false","INV-4"
"spam","Mohon perhatian, Nomor Anda bermasalah. Kirim kode verifikasi kepada petugas ini dalam 30 menit. Harap cek kembali.","Social Engineering","permintaan_otp","synthetic_template_v1","true","false","SOC-3"
"spam","Selamat pagi, Jangan beri tahu keluargamu tentang hubungan kita. Aku butuh bantuan dana malam ini. Terima kasih.","Penipuan Romansa","hadiah_tertahan","synthetic_template_v1","true","false","ROM-6"
"spam","Selamat sore, Bisnis passive income tanpa kerja, modal kembali dalam 5 hari. Terima kasih.","Penipuan Investasi","deposit_awal","synthetic_template_v1","true","false","INV-9"
"spam","Halo kak, Kita sudah dekat lama. Tolong bantu biaya pengobatan keluargaku sebesar Rp150.000. Salam.","Penipuan Romansa","darurat_palsu","synthetic_template_v1","true","false","ROM-10"
"spam","Assalamualaikum, Saya petugas bank. Sebutkan OTP yang baru masuk agar rekening tidak diblokir hari ini. Demikian informasinya.","Social Engineering","permintaan_otp","synthetic_template_v1","true","false","SOC-1"
"spam","Mohon perhatian, Saya keluarga Anda memakai nomor baru. Tolong transfer Rp2.500.000 karena sedang darurat. Terima kasih atas waktunya.","Social Engineering","penyamaran_petugas","synthetic_template_v1","true","false","SOC-8"
"ham","Selamat sore, Aku sudah sampai rumah. Kabari kalau kamu juga sudah sampai dengan aman. Salam.","Aman","informasi_resmi","synthetic_template_v1","true","false","AMN-9"
"ham","Info untuk Anda, Terima kasih sudah hadir di acara keluarga kemarin, foto ada di album bersama. Harap cek kembali.","Aman","undangan_aman","synthetic_template_v1","true","false","AMN-7"
"spam","Halo pelanggan, Paket investasi VIP tersisa satu slot. Kirim Rp1.250.000 untuk mengamankan posisi. Salam.","Penipuan Investasi","trading_palsu","synthetic_template_v1","true","false","INV-8"
"spam","Halo pelanggan, Dana Anda akan dikelola profesional dengan hasil pasti 40% per bulan. Salam.","Penipuan Investasi","trading_palsu","synthetic_template_v1","true","false","INV-7"
"ham","Halo pelanggan, Paket sudah diterima oleh satpam. Silakan diambil tanpa biaya tambahan. Terima kasih atas waktunya.","Aman","undangan_aman","synthetic_template_v1","true","false","AMN-6"
"spam","Assalamualaikum, Pihak berwenang mengancam denda bila data pribadi tidak dikirim malam ini. Ditunggu konfirmasinya.","Social Engineering","ancaman_akun","synthetic_template_v1","true","false","SOC-10"
"spam","Kepada Yth. Bapak/Ibu, Robot trading legal menjamin return tetap. Buka akun dengan setoran Rp350.000. Semoga membantu.","Penipuan Investasi","profit_pasti","synthetic_template_v1","true","false","INV-4"
"spam","Hai, Saya dari kantor pusat, mohon konfirmasi password untuk pemeriksaan keamanan. Salam.","Social Engineering","permintaan_otp","synthetic_template_v1","true","false","SOC-4"
"spam","Selamat pagi, Pihak berwenang mengancam denda bila data pribadi tidak dikirim malam ini. Demikian informasinya.","Social Engineering","ancaman_akun","synthetic_template_v1","true","false","SOC-10"
"spam","Halo kak, Bisnis passive income tanpa kerja, modal kembali dalam 10 hari. Mohon diperhatikan.","Penipuan Investasi","deposit_awal","synthetic_template_v1","true","false","INV-9"
"spam","Selamat sore, Atasan meminta transfer darurat Rp150.000; jangan hubungi siapa pun dulu. Semoga membantu.","Social Engineering","penyamaran_petugas","synthetic_template_v1","true","false","SOC-5"
"spam","Permisi, Paket Anda tertahan. Download aplikasi Cek_Resi_0465.apk untuk memilih jadwal antar. Terima kasih.","Phishing/Link Berbahaya","undangan_apk","synthetic_template_v1","true","false","PHI-4"
"spam","Selamat sore, Aku bekerja di luar negeri dan akan pulang menemuimu. Bayarkan bea paket hadiah dulu. Harap cek kembali.","Penipuan Romansa","pinjaman_pasangan","synthetic_template_v1","true","false","ROM-4"
"spam","Kepada Yth. Bapak/Ibu, HRD membuka lowongan kerja. Bayar biaya administrasi Rp500.000 sebelum interview. Demikian informasinya.","Penipuan Rekrutmen","biaya_administrasi","synthetic_template_v1","true","false","REK-1"
"ham","Halo pelanggan, Pengumuman kampus dapat dilihat melalui portal akademik resmi. Salam.","Aman","undangan_aman","synthetic_template_v1","true","false","AMN-8"
"spam","Halo pelanggan, Kami mengundang Anda ke pesta pernikahan. Buka Foto Undangan_0371.apk untuk info lengkapnya. Harap cek kembali.","Phishing/Link Berbahaya","undangan_apk","synthetic_template_v1","true","false","PHI-1"
"spam","Assalamualaikum, Pihak berwenang mengancam denda bila data pribadi tidak dikirim sekarang. Terima kasih.","Social Engineering","ancaman_akun","synthetic_template_v1","true","false","SOC-10"
"spam","Halo kak, Sayang, aku sedang darurat di luar kota. Tolong kirim uang Rp500.000 dalam 30 menit. Harap cek kembali.","Penipuan Romansa","pinjaman_pasangan","synthetic_template_v1","true","false","ROM-1"
"spam","Assalamualaikum, Posisi terbatas, amankan kursi kerja dengan transfer Rp500.000. Salam.","Penipuan Rekrutmen","hrd_palsu","synthetic_template_v1","true","false","REK-9"
"spam","Mohon perhatian, Admin layanan membutuhkan PIN Anda untuk membatalkan transaksi Rp5.000.000. Harap cek kembali.","Social Engineering","permintaan_otp","synthetic_template_v1","true","false","SOC-2"
"spam","Permisi, Saya keluarga Anda memakai nomor baru. Tolong transfer Rp500.000 karena sedang darurat. Semoga membantu.","Social Engineering","penyamaran_petugas","synthetic_template_v1","true","false","SOC-8"
"spam","Mohon perhatian, Rekrutmen resmi tanpa wawancara, bayar pelatihan wajib sebesar Rp350.000. Harap cek kembali.","Penipuan Rekrutmen","tugas_like","synthetic_template_v1","true","false","REK-6"
"spam","Info untuk Anda, Aku serius ingin menikah denganmu, tetapi paket hadiahku tertahan dan perlu biaya Rp5.000.000. Harap cek kembali.","Penipuan Romansa","pinjaman_pasangan","synthetic_template_v1","true","false","ROM-2"
"spam","Permisi, Kerja paruh waktu dari rumah, tugas memberi like dengan deposit awal Rp2.500.000. Terima kasih.","Penipuan Rekrutmen","biaya_administrasi","synthetic_template_v1","true","false","REK-3"
"spam","Info untuk Anda, Aku kehilangan dompet saat perjalanan menemuimu. Tolong transfer Rp1.250.000. Terima kasih.","Penipuan Romansa","darurat_palsu","synthetic_template_v1","true","false","ROM-9"
"spam","Permisi, Investasi eksklusif menjanjikan profit 75% tanpa risiko. Deposit mulai Rp350.000. Salam.","Penipuan Investasi","profit_pasti","synthetic_template_v1","true","false","INV-1"
"spam","Halo kak, Buka file Galeri_Pernikahan_0127.apk agar foto dan alamat gedung terlihat. Mohon diperhatikan.","Phishing/Link Berbahaya","paket_apk","synthetic_template_v1","true","false","PHI-7"
"spam","Selamat pagi, Akun bank akan dinonaktifkan. Verifikasi melalui https://bank-verifikasi-0192.invalid. Ditunggu konfirmasinya.","Phishing/Link Berbahaya","paket_apk","synthetic_template_v1","true","false","PHI-5"
"spam","Halo pelanggan, Lowongan staf administrasi bergaji tinggi. Kirim PIN dan data rekening untuk payroll. Terima kasih.","Penipuan Rekrutmen","tugas_like","synthetic_template_v1","true","false","REK-5"
"ham","Halo pelanggan, Jadwal konsultasi dipindah ke Senin pukul 19.00 melalui ruang kelas resmi. Ditunggu konfirmasinya.","Aman","undangan_aman","synthetic_template_v1","true","false","AMN-5"
"ham","Selamat sore, Tolong beli makan siang saat pulang dari kampus, nanti saya ganti. Ditunggu konfirmasinya.","Aman","percakapan_harian","synthetic_template_v1","true","false","AMN-4"
"spam","Permisi, Penerimaan pegawai kilat. Rahasiakan proses dan lunasi biaya dokumen. Mohon diperhatikan.","Penipuan Rekrutmen","hrd_palsu","synthetic_template_v1","true","false","REK-10"
"spam","Permisi, Hadiah pelanggan menunggu. Pasang Bonus_Resmi_0330.apk untuk klaim. Terima kasih.","Phishing/Link Berbahaya","paket_apk","synthetic_template_v1","true","false","PHI-8"
"spam","Permisi, Perbarui data akun melalui halaman login https://akun-aman-0318.invalid malam ini. Salam.","Phishing/Link Berbahaya","tautan_login_palsu","synthetic_template_v1","true","false","PHI-10"
"spam","Kepada Yth. Bapak/Ibu, Tugas online mudah menghasilkan komisi. Top up saldo agar tugas berikutnya terbuka. Semoga membantu.","Penipuan Rekrutmen","tugas_like","synthetic_template_v1","true","false","REK-7"
"ham","Selamat pagi, Paket sudah diterima oleh satpam. Silakan diambil tanpa biaya tambahan. Mohon diperhatikan.","Aman","undangan_aman","synthetic_template_v1","true","false","AMN-6"
"spam","Hai, Akun bank akan dinonaktifkan. Verifikasi melalui https://bank-verifikasi-0506.invalid. Terima kasih atas waktunya.","Phishing/Link Berbahaya","paket_apk","synthetic_template_v1","true","false","PHI-5"
"spam","Permisi, Dana Anda akan dikelola profesional dengan hasil pasti 50% per bulan. Mohon diperhatikan.","Penipuan Investasi","trading_palsu","synthetic_template_v1","true","false","INV-7"
"spam","Halo pelanggan, Dana Anda akan dikelola profesional dengan hasil pasti 20% per bulan. Salam.","Penipuan Investasi","trading_palsu","synthetic_template_v1","true","false","INV-7"
"ham","Kepada Yth. Bapak/Ibu, Pengumuman kampus dapat dilihat melalui portal akademik resmi. Demikian informasinya.","Aman","undangan_aman","synthetic_template_v1","true","false","AMN-8"
"spam","Kepada Yth. Bapak/Ibu, Akun akan dinonaktifkan bila Anda tidak membalas dengan OTP sebelum pukul 18.00. Harap cek kembali.","Social Engineering","penyamaran_petugas","synthetic_template_v1","true","false","SOC-6"
"spam","Selamat sore, Saya petugas bank. Sebutkan OTP yang baru masuk agar rekening tidak diblokir sebelum batas waktu. Salam.","Social Engineering","permintaan_otp","synthetic_template_v1","true","false","SOC-1"
"spam","Selamat pagi, HRD meminta pembayaran medical check-up ke rekening pribadi malam ini. Harap cek kembali.","Penipuan Rekrutmen","tugas_like","synthetic_template_v1","true","false","REK-8"
"spam","Permisi, Aku serius ingin menikah denganmu, tetapi paket hadiahku tertahan dan perlu biaya Rp150.000. Mohon diperhatikan.","Penipuan Romansa","pinjaman_pasangan","synthetic_template_v1","true","false","ROM-2"
"spam","Kepada Yth. Bapak/Ibu, Kita sudah dekat lama. Tolong bantu biaya pengobatan keluargaku sebesar Rp2.500.000. Harap cek kembali.","Penipuan Romansa","darurat_palsu","synthetic_template_v1","true","false","ROM-10"
"spam","Hai, Paket investasi VIP tersisa satu slot. Kirim Rp2.500.000 untuk mengamankan posisi. Ditunggu konfirmasinya.","Penipuan Investasi","trading_palsu","synthetic_template_v1","true","false","INV-8"
"ham","Mohon perhatian, Besok rapat kelompok dimulai pukul 13.00 di ruang A1. Terima kasih atas waktunya.","Aman","percakapan_harian","synthetic_template_v1","true","false","AMN-1"
"spam","Permisi, Kerja paruh waktu dari rumah, tugas memberi like dengan deposit awal Rp2.500.000. Harap cek kembali.","Penipuan Rekrutmen","biaya_administrasi","synthetic_template_v1","true","false","REK-3"
"spam","Selamat pagi, Sayang, aku sedang darurat di luar kota. Tolong kirim uang Rp2.500.000 sebelum pukul 18.00. Mohon diperhatikan.","Penipuan Romansa","pinjaman_pasangan","synthetic_template_v1","true","false","ROM-1"
"spam","Selamat pagi, Tagihan belum dibayar. Klik tautan [tautan-palsu-0439] untuk menghindari denda. Demikian informasinya.","Phishing/Link Berbahaya","paket_apk","synthetic_template_v1","true","false","PHI-6"
"spam","Selamat sore, Pihak berwenang mengancam denda bila data pribadi tidak dikirim sekarang. Semoga membantu.","Social Engineering","ancaman_akun","synthetic_template_v1","true","false","SOC-10"
"spam","Selamat pagi, Hadiah pelanggan menunggu. Pasang Bonus_Resmi_0053.apk untuk klaim. Demikian informasinya.","Phishing/Link Berbahaya","paket_apk","synthetic_template_v1","true","false","PHI-8"
"ham","Selamat pagi, Jadwal konsultasi dipindah ke Sabtu pukul 15.30 melalui ruang kelas resmi. Terima kasih.","Aman","undangan_aman","synthetic_template_v1","true","false","AMN-5"
"spam","Selamat sore, Detail waktu dan lokasi pernikahan ada di Undangan Pernikahan 0356.apk, silakan buka sekarang. Mohon diperhatikan.","Phishing/Link Berbahaya","undangan_apk","synthetic_template_v1","true","false","PHI-3"
"spam","Halo pelanggan, Tugas online mudah menghasilkan komisi. Top up saldo agar tugas berikutnya terbuka. Terima kasih.","Penipuan Rekrutmen","tugas_like","synthetic_template_v1","true","false","REK-7"
"spam","Assalamualaikum, Aku kehilangan dompet saat perjalanan menemuimu. Tolong transfer Rp500.000. Semoga membantu.","Penipuan Romansa","darurat_palsu","synthetic_template_v1","true","false","ROM-9"
"spam","Mohon perhatian, Bisnis passive income tanpa kerja, modal kembali dalam 5 hari. Demikian informasinya.","Penipuan Investasi","deposit_awal","synthetic_template_v1","true","false","INV-9"
"spam","Assalamualaikum, Undangan interview dari perusahaan besar, beli tiket melalui agen yang kami tunjuk. Semoga membantu.","Penipuan Rekrutmen","biaya_administrasi","synthetic_template_v1","true","false","REK-4"
"spam","Permisi, Paket investasi VIP tersisa satu slot. Kirim Rp5.000.000 untuk mengamankan posisi. Ditunggu konfirmasinya.","Penipuan Investasi","trading_palsu","synthetic_template_v1","true","false","INV-8"
"spam","Mohon perhatian, Sayang, aku sedang darurat di luar kota. Tolong kirim uang Rp5.000.000 sebelum pukul 18.00. Salam.","Penipuan Romansa","pinjaman_pasangan","synthetic_template_v1","true","false","ROM-1"
"spam","Permisi, Nomor Anda bermasalah. Kirim kode verifikasi kepada petugas ini sebelum pukul 18.00. Salam.","Social Engineering","permintaan_otp","synthetic_template_v1","true","false","SOC-3"
"spam","Kepada Yth. Bapak/Ibu, Pihak berwenang mengancam denda bila data pribadi tidak dikirim sekarang. Salam.","Social Engineering","ancaman_akun","synthetic_template_v1","true","false","SOC-10"
"spam","Halo kak, Kerja paruh waktu dari rumah, tugas memberi like dengan deposit awal Rp350.000. Harap cek kembali.","Penipuan Rekrutmen","biaya_administrasi","synthetic_template_v1","true","false","REK-3"
"ham","Selamat sore, Besok rapat kelompok dimulai pukul 13.00 di ruang laboratorium. Terima kasih.","Aman","percakapan_harian","synthetic_template_v1","true","false","AMN-1"
"spam","Info untuk Anda, Gabung grup trading kami, modal Rp500.000 dijamin berlipat dalam 10 hari. Terima kasih atas waktunya.","Penipuan Investasi","profit_pasti","synthetic_template_v1","true","false","INV-2"
"spam","Selamat pagi, Sayang, aku sedang darurat di luar kota. Tolong kirim uang Rp2.500.000 dalam 30 menit. Semoga membantu.","Penipuan Romansa","pinjaman_pasangan","synthetic_template_v1","true","false","ROM-1"
"spam","Assalamualaikum, HRD meminta pembayaran medical check-up ke rekening pribadi sekarang. Harap cek kembali.","Penipuan Rekrutmen","tugas_like","synthetic_template_v1","true","false","REK-8"
"spam","Permisi, Saya keluarga Anda memakai nomor baru. Tolong transfer Rp150.000 karena sedang darurat. Semoga membantu.","Social Engineering","penyamaran_petugas","synthetic_template_v1","true","false","SOC-8"
"spam","Mohon perhatian, Jangan beri tahu keluargamu tentang hubungan kita. Aku butuh bantuan dana sekarang. Ditunggu konfirmasinya.","Penipuan Romansa","hadiah_tertahan","synthetic_template_v1","true","false","ROM-6"
"spam","Halo pelanggan, Buka file Galeri_Pernikahan_0316.apk agar foto dan alamat gedung terlihat. Demikian informasinya.","Phishing/Link Berbahaya","paket_apk","synthetic_template_v1","true","false","PHI-7"
"spam","Selamat sore, Lowongan staf administrasi bergaji tinggi. Kirim PIN dan data rekening untuk payroll. Salam.","Penipuan Rekrutmen","tugas_like","synthetic_template_v1","true","false","REK-5"
"spam","Mohon perhatian, Tagihan belum dibayar. Klik tautan [tautan-palsu-0198] untuk menghindari denda. Semoga membantu.","Phishing/Link Berbahaya","paket_apk","synthetic_template_v1","true","false","PHI-6"
"spam","Permisi, Rekrutmen resmi tanpa wawancara, bayar pelatihan wajib sebesar Rp1.250.000. Harap cek kembali.","Penipuan Rekrutmen","tugas_like","synthetic_template_v1","true","false","REK-6"
"spam","Halo pelanggan, Gabung grup trading kami, modal Rp150.000 dijamin berlipat dalam 2 hari. Mohon diperhatikan.","Penipuan Investasi","profit_pasti","synthetic_template_v1","true","false","INV-2"
"spam","Hai, Akun akan dinonaktifkan bila Anda tidak membalas dengan OTP malam ini. Terima kasih atas waktunya.","Social Engineering","penyamaran_petugas","synthetic_template_v1","true","false","SOC-6"
"spam","Hai, Paket investasi VIP tersisa satu slot. Kirim Rp1.250.000 untuk mengamankan posisi. Salam.","Penipuan Investasi","trading_palsu","synthetic_template_v1","true","false","INV-8"
"spam","Info untuk Anda, Nomor Anda bermasalah. Kirim kode verifikasi kepada petugas ini sebelum pukul 18.00. Terima kasih.","Social Engineering","permintaan_otp","synthetic_template_v1","true","false","SOC-3"
"spam","Selamat sore, Bisnis passive income tanpa kerja, modal kembali dalam 2 hari. Mohon diperhatikan.","Penipuan Investasi","deposit_awal","synthetic_template_v1","true","false","INV-9"
"spam","Halo kak, Kerja paruh waktu dari rumah, tugas memberi like dengan deposit awal Rp500.000. Mohon diperhatikan.","Penipuan Rekrutmen","biaya_administrasi","synthetic_template_v1","true","false","REK-3"
"spam","Assalamualaikum, Kesempatan cuan pasti 30% per minggu, transfer modal dalam 30 menit. Ditunggu konfirmasinya.","Penipuan Investasi","profit_pasti","synthetic_template_v1","true","false","INV-3"
"ham","Halo kak, Foto undangan pernikahan sudah saya kirim dalam format JPG. Sampai jumpa di acara ya. Terima kasih atas waktunya.","Aman","percakapan_harian","synthetic_template_v1","true","false","AMN-3"
"spam","Permisi, Gabung grup trading kami, modal Rp500.000 dijamin berlipat dalam 2 hari. Mohon diperhatikan.","Penipuan Investasi","profit_pasti","synthetic_template_v1","true","false","INV-2"
"spam","Halo kak, Kesempatan cuan pasti 20% per minggu, transfer modal dalam 30 menit. Terima kasih atas waktunya.","Penipuan Investasi","profit_pasti","synthetic_template_v1","true","false","INV-3"
"spam","Permisi, Detail waktu dan lokasi pernikahan ada di Undangan Pernikahan 0244.apk, silakan buka dalam 30 menit. Salam.","Phishing/Link Berbahaya","undangan_apk","synthetic_template_v1","true","false","PHI-3"
"spam","Info untuk Anda, Saya keluarga Anda memakai nomor baru. Tolong transfer Rp350.000 karena sedang darurat. Salam.","Social Engineering","penyamaran_petugas","synthetic_template_v1","true","false","SOC-8"
"spam","Mohon perhatian, Setelah semua obrolan kita, buktikan kepercayaanmu dengan membantu transfer Rp2.500.000. Ditunggu konfirmasinya.","Penipuan Romansa","pinjaman_pasangan","synthetic_template_v1","true","false","ROM-3"
"spam","Selamat sore, Saya petugas bank. Sebutkan OTP yang baru masuk agar rekening tidak diblokir sebelum batas waktu. Semoga membantu.","Social Engineering","permintaan_otp","synthetic_template_v1","true","false","SOC-1"
"spam","Kepada Yth. Bapak/Ibu, Undangan resmi elektronik tersedia melalui link http://undangan-0323.invalid. Semoga membantu.","Phishing/Link Berbahaya","tautan_login_palsu","synthetic_template_v1","true","false","PHI-9"
"ham","Permisi, Foto undangan pernikahan sudah saya kirim dalam format JPG. Sampai jumpa di acara ya. Terima kasih.","Aman","percakapan_harian","synthetic_template_v1","true","false","AMN-3"
"spam","Halo pelanggan, Saya dari kantor pusat, mohon konfirmasi password untuk pemeriksaan keamanan. Harap cek kembali.","Social Engineering","permintaan_otp","synthetic_template_v1","true","false","SOC-4"
"spam","Halo kak, Akun akan dinonaktifkan bila Anda tidak membalas dengan OTP malam ini. Terima kasih.","Social Engineering","penyamaran_petugas","synthetic_template_v1","true","false","SOC-6"
"spam","Hai, Dana Anda akan dikelola profesional dengan hasil pasti 50% per bulan. Demikian informasinya.","Penipuan Investasi","trading_palsu","synthetic_template_v1","true","false","INV-7"
"spam","Halo pelanggan, Customer service meminta foto kartu dan kode rahasia untuk membuka blokir. Terima kasih atas waktunya.","Social Engineering","ancaman_akun","synthetic_template_v1","true","false","SOC-9"
"spam","Mohon perhatian, Gabung grup trading kami, modal Rp150.000 dijamin berlipat dalam 7 hari. Salam.","Penipuan Investasi","profit_pasti","synthetic_template_v1","true","false","INV-2"
"ham","Kepada Yth. Bapak/Ibu, Undangan rapat RT terlampir sebagai dokumen PDF dari pengurus yang kamu kenal. Semoga membantu.","Aman","informasi_resmi","synthetic_template_v1","true","false","AMN-10"
"spam","Halo pelanggan, Tagihan belum dibayar. Klik tautan [tautan-palsu-0298] untuk menghindari denda. Terima kasih.","Phishing/Link Berbahaya","paket_apk","synthetic_template_v1","true","false","PHI-6"
"spam","Halo pelanggan, Rekrutmen resmi tanpa wawancara, bayar pelatihan wajib sebesar Rp350.000. Terima kasih.","Penipuan Rekrutmen","tugas_like","synthetic_template_v1","true","false","REK-6"
"spam","Halo kak, Jangan beri tahu keluargamu tentang hubungan kita. Aku butuh bantuan dana sebelum pukul 18.00. Mohon diperhatikan.","Penipuan Romansa","hadiah_tertahan","synthetic_template_v1","true","false","ROM-6"
"spam","Info untuk Anda, Sayang, aku sedang darurat di luar kota. Tolong kirim uang Rp1.250.000 sebelum batas waktu. Terima kasih.","Penipuan Romansa","pinjaman_pasangan","synthetic_template_v1","true","false","ROM-1"
"spam","Kepada Yth. Bapak/Ibu, Jangan beri tahu keluargamu tentang hubungan kita. Aku butuh bantuan dana hari ini. Salam.","Penipuan Romansa","hadiah_tertahan","synthetic_template_v1","true","false","ROM-6"
"spam","Hai, Admin layanan membutuhkan PIN Anda untuk membatalkan transaksi Rp350.000. Terima kasih atas waktunya.","Social Engineering","permintaan_otp","synthetic_template_v1","true","false","SOC-2"
"spam","Assalamualaikum, Buka file Galeri_Pernikahan_0348.apk agar foto dan alamat gedung terlihat. Salam.","Phishing/Link Berbahaya","paket_apk","synthetic_template_v1","true","false","PHI-7"
"spam","Hai, Kita sudah dekat lama. Tolong bantu biaya pengobatan keluargaku sebesar Rp5.000.000. Semoga membantu.","Penipuan Romansa","darurat_palsu","synthetic_template_v1","true","false","ROM-10"
"spam","Mohon perhatian, Kami lampirkan Undangan_Digital_Pernikahan_0420.apk. Mohon diunduh untuk melihat peta lokasi. Mohon diperhatikan.","Phishing/Link Berbahaya","undangan_apk","synthetic_template_v1","true","false","PHI-2"
"spam","Mohon perhatian, Paket Anda tertahan. Download aplikasi Cek_Resi_0312.apk untuk memilih jadwal antar. Mohon diperhatikan.","Phishing/Link Berbahaya","undangan_apk","synthetic_template_v1","true","false","PHI-4"
"spam","Kepada Yth. Bapak/Ibu, Detail waktu dan lokasi pernikahan ada di Undangan Pernikahan 0187.apk, silakan buka malam ini. Salam.","Phishing/Link Berbahaya","undangan_apk","synthetic_template_v1","true","false","PHI-3"
"spam","Mohon perhatian, Customer service meminta foto kartu dan kode rahasia untuk membuka blokir. Harap cek kembali.","Social Engineering","ancaman_akun","synthetic_template_v1","true","false","SOC-9"
"spam","Halo kak, Undangan resmi elektronik tersedia melalui link http://undangan-0052.invalid. Semoga membantu.","Phishing/Link Berbahaya","tautan_login_palsu","synthetic_template_v1","true","false","PHI-9"
"spam","Assalamualaikum, Cintaku, rekeningku diblokir. Pinjamkan Rp150.000, nanti langsung kuganti. Ditunggu konfirmasinya.","Penipuan Romansa","hadiah_tertahan","synthetic_template_v1","true","false","ROM-5"
"spam","Halo kak, Kesempatan cuan pasti 30% per minggu, transfer modal malam ini. Terima kasih atas waktunya.","Penipuan Investasi","profit_pasti","synthetic_template_v1","true","false","INV-3"
"ham","Kepada Yth. Bapak/Ibu, Aku sudah sampai rumah. Kabari kalau kamu juga sudah sampai dengan aman. Semoga membantu.","Aman","informasi_resmi","synthetic_template_v1","true","false","AMN-9"
"ham","Info untuk Anda, Besok rapat kelompok dimulai pukul 08.00 di ruang A1. Ditunggu konfirmasinya.","Aman","percakapan_harian","synthetic_template_v1","true","false","AMN-1"
"spam","Halo kak, Saya petugas bank. Sebutkan OTP yang baru masuk agar rekening tidak diblokir sebelum batas waktu. Ditunggu konfirmasinya.","Social Engineering","permintaan_otp","synthetic_template_v1","true","false","SOC-1"
"spam","Halo kak, Tagihan belum dibayar. Klik tautan [tautan-palsu-0428] untuk menghindari denda. Salam.","Phishing/Link Berbahaya","paket_apk","synthetic_template_v1","true","false","PHI-6"
"ham","Kepada Yth. Bapak/Ibu, Besok rapat kelompok dimulai pukul 19.00 di ruang C2. Harap cek kembali.","Aman","percakapan_harian","synthetic_template_v1","true","false","AMN-1"
"ham","Kepada Yth. Bapak/Ibu, Kami mengundang Anda ke pernikahan keluarga kami pada Rabu. Undangan berupa PDF, tidak perlu memasang aplikasi. Harap cek kembali.","Aman","percakapan_harian","synthetic_template_v1","true","false","AMN-2"
"spam","Mohon perhatian, Akun akan dinonaktifkan bila Anda tidak membalas dengan OTP sebelum pukul 18.00. Semoga membantu.","Social Engineering","penyamaran_petugas","synthetic_template_v1","true","false","SOC-6"
"spam","Halo kak, Kami lampirkan Undangan_Digital_Pernikahan_0381.apk. Mohon diunduh untuk melihat peta lokasi. Demikian informasinya.","Phishing/Link Berbahaya","undangan_apk","synthetic_template_v1","true","false","PHI-2"
"spam","Hai, Kita sudah dekat lama. Tolong bantu biaya pengobatan keluargaku sebesar Rp150.000. Semoga membantu.","Penipuan Romansa","darurat_palsu","synthetic_template_v1","true","false","ROM-10"
"spam","Assalamualaikum, Investasi eksklusif menjanjikan profit 25% tanpa risiko. Deposit mulai Rp150.000. Ditunggu konfirmasinya.","Penipuan Investasi","profit_pasti","synthetic_template_v1","true","false","INV-1"
"spam","Kepada Yth. Bapak/Ibu, Perbarui data akun melalui halaman login https://akun-aman-0425.invalid malam ini. Ditunggu konfirmasinya.","Phishing/Link Berbahaya","tautan_login_palsu","synthetic_template_v1","true","false","PHI-10"
"spam","Info untuk Anda, Paket Anda tertahan. Download aplikasi Cek_Resi_0404.apk untuk memilih jadwal antar. Semoga membantu.","Phishing/Link Berbahaya","undangan_apk","synthetic_template_v1","true","false","PHI-4"
"spam","Kepada Yth. Bapak/Ibu, Bukti profit sudah banyak. Transfer dana awal agar akun investasi diaktifkan. Salam.","Penipuan Investasi","deposit_awal","synthetic_template_v1","true","false","INV-10"
"spam","Selamat pagi, Posisi terbatas, amankan kursi kerja dengan transfer Rp5.000.000. Terima kasih atas waktunya.","Penipuan Rekrutmen","hrd_palsu","synthetic_template_v1","true","false","REK-9"
"ham","Hai, Besok rapat kelompok dimulai pukul 09.30 di ruang A1. Ditunggu konfirmasinya.","Aman","percakapan_harian","synthetic_template_v1","true","false","AMN-1"
"ham","Permisi, Foto undangan pernikahan sudah saya kirim dalam format JPG. Sampai jumpa di acara ya. Mohon diperhatikan.","Aman","percakapan_harian","synthetic_template_v1","true","false","AMN-3"
"spam","Assalamualaikum, Investasi kebun digital memberi bonus anggota dan keuntungan tanpa rugi. Ditunggu konfirmasinya.","Penipuan Investasi","trading_palsu","synthetic_template_v1","true","false","INV-6"
"spam","Selamat sore, Aku bekerja di luar negeri dan akan pulang menemuimu. Bayarkan bea paket hadiah dulu. Demikian informasinya.","Penipuan Romansa","pinjaman_pasangan","synthetic_template_v1","true","false","ROM-4"
"spam","Halo kak, Hadiah pernikahan untukmu tertahan di bea cukai. Bayar tagihannya agar dikirim. Terima kasih atas waktunya.","Penipuan Romansa","hadiah_tertahan","synthetic_template_v1","true","false","ROM-8"
"spam","Info untuk Anda, Kami lampirkan Undangan_Digital_Pernikahan_0482.apk. Mohon diunduh untuk melihat peta lokasi. Ditunggu konfirmasinya.","Phishing/Link Berbahaya","undangan_apk","synthetic_template_v1","true","false","PHI-2"
"spam","Hai, Bisnis passive income tanpa kerja, modal kembali dalam 10 hari. Salam.","Penipuan Investasi","deposit_awal","synthetic_template_v1","true","false","INV-9"
"ham","Selamat pagi, Aku sudah sampai rumah. Kabari kalau kamu juga sudah sampai dengan aman. Mohon diperhatikan.","Aman","informasi_resmi","synthetic_template_v1","true","false","AMN-9"
"spam","Halo kak, Kesempatan cuan pasti 40% per minggu, transfer modal sebelum batas waktu. Terima kasih.","Penipuan Investasi","profit_pasti","synthetic_template_v1","true","false","INV-3"
"spam","Permisi, Customer service meminta foto kartu dan kode rahasia untuk membuka blokir. Harap cek kembali.","Social Engineering","ancaman_akun","synthetic_template_v1","true","false","SOC-9"
"spam","Info untuk Anda, Gabung grup trading kami, modal Rp5.000.000 dijamin berlipat dalam 10 hari. Salam.","Penipuan Investasi","profit_pasti","synthetic_template_v1","true","false","INV-2"
"ham","Halo pelanggan, Kami mengundang Anda ke pernikahan keluarga kami pada Senin. Undangan berupa PDF, tidak perlu memasang aplikasi. Mohon diperhatikan.","Aman","percakapan_harian","synthetic_template_v1","true","false","AMN-2"
"spam","Assalamualaikum, Buka file Galeri_Pernikahan_0076.apk agar foto dan alamat gedung terlihat. Semoga membantu.","Phishing/Link Berbahaya","paket_apk","synthetic_template_v1","true","false","PHI-7"
"spam","Info untuk Anda, Kesempatan cuan pasti 20% per minggu, transfer modal malam ini. Salam.","Penipuan Investasi","profit_pasti","synthetic_template_v1","true","false","INV-3"
"spam","Assalamualaikum, Saya petugas bank. Sebutkan OTP yang baru masuk agar rekening tidak diblokir hari ini. Ditunggu konfirmasinya.","Social Engineering","permintaan_otp","synthetic_template_v1","true","false","SOC-1"
"ham","Mohon perhatian, Jadwal konsultasi dipindah ke Senin pukul 15.30 melalui ruang kelas resmi. Harap cek kembali.","Aman","undangan_aman","synthetic_template_v1","true","false","AMN-5"
"spam","Selamat sore, Paket investasi VIP tersisa satu slot. Kirim Rp500.000 untuk mengamankan posisi. Harap cek kembali.","Penipuan Investasi","trading_palsu","synthetic_template_v1","true","false","INV-8"
"spam","Halo pelanggan, Aku bekerja di luar negeri dan akan pulang menemuimu. Bayarkan bea paket hadiah dulu. Terima kasih atas waktunya.","Penipuan Romansa","pinjaman_pasangan","synthetic_template_v1","true","false","ROM-4"
"spam","Hai, Penerimaan pegawai kilat. Rahasiakan proses dan lunasi biaya dokumen. Mohon diperhatikan.","Penipuan Rekrutmen","hrd_palsu","synthetic_template_v1","true","false","REK-10"
"spam","Selamat pagi, Detail waktu dan lokasi pernikahan ada di Undangan Pernikahan 0208.apk, silakan buka dalam 30 menit. Terima kasih.","Phishing/Link Berbahaya","undangan_apk","synthetic_template_v1","true","false","PHI-3"
"spam","Halo kak, Kerja paruh waktu dari rumah, tugas memberi like dengan deposit awal Rp350.000. Terima kasih.","Penipuan Rekrutmen","biaya_administrasi","synthetic_template_v1","true","false","REK-3"
"spam","Kepada Yth. Bapak/Ibu, Petugas pajak meminta data rekening dan PIN untuk pengembalian dana. Terima kasih.","Social Engineering","penyamaran_petugas","synthetic_template_v1","true","false","SOC-7"
"ham","Selamat sore, Terima kasih sudah hadir di acara keluarga kemarin, foto ada di album bersama. Demikian informasinya.","Aman","undangan_aman","synthetic_template_v1","true","false","AMN-7"
"spam","Halo kak, Posisi terbatas, amankan kursi kerja dengan transfer Rp150.000. Ditunggu konfirmasinya.","Penipuan Rekrutmen","hrd_palsu","synthetic_template_v1","true","false","REK-9"
"spam","Selamat pagi, Undangan interview dari perusahaan besar, beli tiket melalui agen yang kami tunjuk. Demikian informasinya.","Penipuan Rekrutmen","biaya_administrasi","synthetic_template_v1","true","false","REK-4"
"spam","Halo kak, Aku kehilangan dompet saat perjalanan menemuimu. Tolong transfer Rp500.000. Ditunggu konfirmasinya.","Penipuan Romansa","darurat_palsu","synthetic_template_v1","true","false","ROM-9"
"spam","Info untuk Anda, Customer service meminta foto kartu dan kode rahasia untuk membuka blokir. Ditunggu konfirmasinya.","Social Engineering","ancaman_akun","synthetic_template_v1","true","false","SOC-9"
"spam","Selamat pagi, Saya petugas bank. Sebutkan OTP yang baru masuk agar rekening tidak diblokir malam ini. Mohon diperhatikan.","Social Engineering","permintaan_otp","synthetic_template_v1","true","false","SOC-1"
"ham","Selamat pagi, Terima kasih sudah hadir di acara keluarga kemarin, foto ada di album bersama. Ditunggu konfirmasinya.","Aman","undangan_aman","synthetic_template_v1","true","false","AMN-7"
"spam","Halo pelanggan, Proyek kripto rahasia akan naik 50%. Jangan lewatkan penawaran dalam 30 menit. Terima kasih.","Penipuan Investasi","trading_palsu","synthetic_template_v1","true","false","INV-5"
"spam","Selamat sore, Robot trading legal menjamin return tetap. Buka akun dengan setoran Rp1.250.000. Demikian informasinya.","Penipuan Investasi","profit_pasti","synthetic_template_v1","true","false","INV-4"
"spam","Info untuk Anda, Investasi kebun digital memberi bonus anggota dan keuntungan tanpa rugi. Ditunggu konfirmasinya.","Penipuan Investasi","trading_palsu","synthetic_template_v1","true","false","INV-6"
"spam","Halo kak, Cintaku, rekeningku diblokir. Pinjamkan Rp350.000, nanti langsung kuganti. Salam.","Penipuan Romansa","hadiah_tertahan","synthetic_template_v1","true","false","ROM-5"
"spam","Selamat sore, Petugas pajak meminta data rekening dan PIN untuk pengembalian dana. Terima kasih atas waktunya.","Social Engineering","penyamaran_petugas","synthetic_template_v1","true","false","SOC-7"
"spam","Assalamualaikum, Gabung grup trading kami, modal Rp5.000.000 dijamin berlipat dalam 5 hari. Terima kasih.","Penipuan Investasi","profit_pasti","synthetic_template_v1","true","false","INV-2"
"spam","Permisi, Petugas pajak meminta data rekening dan PIN untuk pengembalian dana. Salam.","Social Engineering","penyamaran_petugas","synthetic_template_v1","true","false","SOC-7"
"spam","Halo kak, HRD membuka lowongan kerja. Bayar biaya administrasi Rp5.000.000 sebelum interview. Mohon diperhatikan.","Penipuan Rekrutmen","biaya_administrasi","synthetic_template_v1","true","false","REK-1"
"spam","Hai, Bukti profit sudah banyak. Transfer dana awal agar akun investasi diaktifkan. Ditunggu konfirmasinya.","Penipuan Investasi","deposit_awal","synthetic_template_v1","true","false","INV-10"
"spam","Assalamualaikum, Setelah semua obrolan kita, buktikan kepercayaanmu dengan membantu transfer Rp150.000. Terima kasih atas waktunya.","Penipuan Romansa","pinjaman_pasangan","synthetic_template_v1","true","false","ROM-3"
"spam","Mohon perhatian, Kerja paruh waktu dari rumah, tugas memberi like dengan deposit awal Rp1.250.000. Salam.","Penipuan Rekrutmen","biaya_administrasi","synthetic_template_v1","true","false","REK-3"
"spam","Halo kak, Setelah semua obrolan kita, buktikan kepercayaanmu dengan membantu transfer Rp5.000.000. Terima kasih.","Penipuan Romansa","pinjaman_pasangan","synthetic_template_v1","true","false","ROM-3"
"spam","Info untuk Anda, Robot trading legal menjamin return tetap. Buka akun dengan setoran Rp500.000. Harap cek kembali.","Penipuan Investasi","profit_pasti","synthetic_template_v1","true","false","INV-4"
"spam","Selamat sore, Kita sudah dekat lama. Tolong bantu biaya pengobatan keluargaku sebesar Rp150.000. Demikian informasinya.","Penipuan Romansa","darurat_palsu","synthetic_template_v1","true","false","ROM-10"
"spam","Mohon perhatian, Jangan beri tahu keluargamu tentang hubungan kita. Aku butuh bantuan dana malam ini. Demikian informasinya.","Penipuan Romansa","hadiah_tertahan","synthetic_template_v1","true","false","ROM-6"
"spam","Halo kak, Aku bekerja di luar negeri dan akan pulang menemuimu. Bayarkan bea paket hadiah dulu. Demikian informasinya.","Penipuan Romansa","pinjaman_pasangan","synthetic_template_v1","true","false","ROM-4"
"spam","Mohon perhatian, Rekrutmen resmi tanpa wawancara, bayar pelatihan wajib sebesar Rp350.000. Demikian informasinya.","Penipuan Rekrutmen","tugas_like","synthetic_template_v1","true","false","REK-6"
"spam","Hai, Customer service meminta foto kartu dan kode rahasia untuk membuka blokir. Terima kasih atas waktunya.","Social Engineering","ancaman_akun","synthetic_template_v1","true","false","SOC-9"
"spam","Halo pelanggan, Hadiah pelanggan menunggu. Pasang Bonus_Resmi_0268.apk untuk klaim. Mohon diperhatikan.","Phishing/Link Berbahaya","paket_apk","synthetic_template_v1","true","false","PHI-8"
"ham","Mohon perhatian, Jadwal konsultasi dipindah ke Sabtu pukul 08.00 melalui ruang kelas resmi. Terima kasih.","Aman","undangan_aman","synthetic_template_v1","true","false","AMN-5"
"spam","Selamat pagi, Petugas pajak meminta data rekening dan PIN untuk pengembalian dana. Terima kasih atas waktunya.","Social Engineering","penyamaran_petugas","synthetic_template_v1","true","false","SOC-7"
"ham","Hai, Besok rapat kelompok dimulai pukul 09.30 di ruang C2. Terima kasih.","Aman","percakapan_harian","synthetic_template_v1","true","false","AMN-1"
"ham","Selamat pagi, Besok rapat kelompok dimulai pukul 08.00 di ruang B3. Terima kasih.","Aman","percakapan_harian","synthetic_template_v1","true","false","AMN-1"
"spam","Halo pelanggan, Aku ingin membangun masa depan bersama, kirim modal kecil untuk usaha kita. Ditunggu konfirmasinya.","Penipuan Romansa","hadiah_tertahan","synthetic_template_v1","true","false","ROM-7"
"spam","Halo pelanggan, Akun akan dinonaktifkan bila Anda tidak membalas dengan OTP malam ini. Harap cek kembali.","Social Engineering","penyamaran_petugas","synthetic_template_v1","true","false","SOC-6"
"spam","Hai, Lowongan staf administrasi bergaji tinggi. Kirim PIN dan data rekening untuk payroll. Ditunggu konfirmasinya.","Penipuan Rekrutmen","tugas_like","synthetic_template_v1","true","false","REK-5"
"spam","Assalamualaikum, Paket investasi VIP tersisa satu slot. Kirim Rp5.000.000 untuk mengamankan posisi. Ditunggu konfirmasinya.","Penipuan Investasi","trading_palsu","synthetic_template_v1","true","false","INV-8"
"ham","Info untuk Anda, Aku sudah sampai rumah. Kabari kalau kamu juga sudah sampai dengan aman. Terima kasih.","Aman","informasi_resmi","synthetic_template_v1","true","false","AMN-9"
"spam","Assalamualaikum, Anda diterima tanpa tes. Transfer biaya seragam Rp150.000 malam ini. Demikian informasinya.","Penipuan Rekrutmen","biaya_administrasi","synthetic_template_v1","true","false","REK-2"
"ham","Selamat pagi, Terima kasih sudah hadir di acara keluarga kemarin, foto ada di album bersama. Demikian informasinya.","Aman","undangan_aman","synthetic_template_v1","true","false","AMN-7"
"spam","Selamat pagi, Nomor Anda bermasalah. Kirim kode verifikasi kepada petugas ini sebelum batas waktu. Salam.","Social Engineering","permintaan_otp","synthetic_template_v1","true","false","SOC-3"
"spam","Selamat sore, Buka file Galeri_Pernikahan_0398.apk agar foto dan alamat gedung terlihat. Semoga membantu.","Phishing/Link Berbahaya","paket_apk","synthetic_template_v1","true","false","PHI-7"
"spam","Mohon perhatian, Lowongan staf administrasi bergaji tinggi. Kirim PIN dan data rekening untuk payroll. Mohon diperhatikan.","Penipuan Rekrutmen","tugas_like","synthetic_template_v1","true","false","REK-5"
"spam","Info untuk Anda, Gabung grup trading kami, modal Rp350.000 dijamin berlipat dalam 7 hari. Terima kasih atas waktunya.","Penipuan Investasi","profit_pasti","synthetic_template_v1","true","false","INV-2"
"ham","Halo pelanggan, Paket sudah diterima oleh satpam. Silakan diambil tanpa biaya tambahan. Mohon diperhatikan.","Aman","undangan_aman","synthetic_template_v1","true","false","AMN-6"
"spam","Selamat pagi, Aku kehilangan dompet saat perjalanan menemuimu. Tolong transfer Rp350.000. Salam.","Penipuan Romansa","darurat_palsu","synthetic_template_v1","true","false","ROM-9"
"spam","Kepada Yth. Bapak/Ibu, Petugas pajak meminta data rekening dan PIN untuk pengembalian dana. Demikian informasinya.","Social Engineering","penyamaran_petugas","synthetic_template_v1","true","false","SOC-7"
"spam","Permisi, Posisi terbatas, amankan kursi kerja dengan transfer Rp150.000. Salam.","Penipuan Rekrutmen","hrd_palsu","synthetic_template_v1","true","false","REK-9"
"ham","Assalamualaikum, Undangan rapat RT terlampir sebagai dokumen PDF dari pengurus yang kamu kenal. Terima kasih.","Aman","informasi_resmi","synthetic_template_v1","true","false","AMN-10"
"ham","Hai, Besok rapat kelompok dimulai pukul 15.30 di ruang C2. Salam.","Aman","percakapan_harian","synthetic_template_v1","true","false","AMN-1"
"spam","Selamat sore, Investasi kebun digital memberi bonus anggota dan keuntungan tanpa rugi. Mohon diperhatikan.","Penipuan Investasi","trading_palsu","synthetic_template_v1","true","false","INV-6"
"ham","Hai, Pengumuman kampus dapat dilihat melalui portal akademik resmi. Harap cek kembali.","Aman","undangan_aman","synthetic_template_v1","true","false","AMN-8"
"spam","Hai, Paket investasi VIP tersisa satu slot. Kirim Rp150.000 untuk mengamankan posisi. Semoga membantu.","Penipuan Investasi","trading_palsu","synthetic_template_v1","true","false","INV-8"
"spam","Kepada Yth. Bapak/Ibu, Tagihan belum dibayar. Klik tautan [tautan-palsu-0142] untuk menghindari denda. Harap cek kembali.","Phishing/Link Berbahaya","paket_apk","synthetic_template_v1","true","false","PHI-6"
"spam","Hai, Aku serius ingin menikah denganmu, tetapi paket hadiahku tertahan dan perlu biaya Rp150.000. Harap cek kembali.","Penipuan Romansa","pinjaman_pasangan","synthetic_template_v1","true","false","ROM-2"
"spam","Selamat sore, Hadiah pelanggan menunggu. Pasang Bonus_Resmi_0357.apk untuk klaim. Harap cek kembali.","Phishing/Link Berbahaya","paket_apk","synthetic_template_v1","true","false","PHI-8"
"spam","Selamat sore, Jangan beri tahu keluargamu tentang hubungan kita. Aku butuh bantuan dana sebelum pukul 18.00. Semoga membantu.","Penipuan Romansa","hadiah_tertahan","synthetic_template_v1","true","false","ROM-6"
"spam","Info untuk Anda, Undangan resmi elektronik tersedia melalui link http://undangan-0309.invalid. Harap cek kembali.","Phishing/Link Berbahaya","tautan_login_palsu","synthetic_template_v1","true","false","PHI-9"
"spam","Selamat sore, Sayang, aku sedang darurat di luar kota. Tolong kirim uang Rp1.250.000 hari ini. Terima kasih.","Penipuan Romansa","pinjaman_pasangan","synthetic_template_v1","true","false","ROM-1"
"spam","Selamat sore, Cintaku, rekeningku diblokir. Pinjamkan Rp2.500.000, nanti langsung kuganti. Semoga membantu.","Penipuan Romansa","hadiah_tertahan","synthetic_template_v1","true","false","ROM-5"
"spam","Mohon perhatian, Customer service meminta foto kartu dan kode rahasia untuk membuka blokir. Ditunggu konfirmasinya.","Social Engineering","ancaman_akun","synthetic_template_v1","true","false","SOC-9"
"spam","Permisi, Kerja paruh waktu dari rumah, tugas memberi like dengan deposit awal Rp500.000. Terima kasih atas waktunya.","Penipuan Rekrutmen","biaya_administrasi","synthetic_template_v1","true","false","REK-3"
"spam","Info untuk Anda, Tugas online mudah menghasilkan komisi. Top up saldo agar tugas berikutnya terbuka. Ditunggu konfirmasinya.","Penipuan Rekrutmen","tugas_like","synthetic_template_v1","true","false","REK-7"
"ham","Permisi, Terima kasih sudah hadir di acara keluarga kemarin, foto ada di album bersama. Harap cek kembali.","Aman","undangan_aman","synthetic_template_v1","true","false","AMN-7"
"spam","Mohon perhatian, Bisnis passive income tanpa kerja, modal kembali dalam 7 hari. Terima kasih.","Penipuan Investasi","deposit_awal","synthetic_template_v1","true","false","INV-9"
"ham","Kepada Yth. Bapak/Ibu, Besok rapat kelompok dimulai pukul 13.00 di ruang aula. Harap cek kembali.","Aman","percakapan_harian","synthetic_template_v1","true","false","AMN-1"
"spam","Selamat pagi, Kami lampirkan Undangan_Digital_Pernikahan_0058.apk. Mohon diunduh untuk melihat peta lokasi. Terima kasih.","Phishing/Link Berbahaya","undangan_apk","synthetic_template_v1","true","false","PHI-2"
"spam","Kepada Yth. Bapak/Ibu, Admin layanan membutuhkan PIN Anda untuk membatalkan transaksi Rp150.000. Semoga membantu.","Social Engineering","permintaan_otp","synthetic_template_v1","true","false","SOC-2"
"spam","Selamat sore, Aku serius ingin menikah denganmu, tetapi paket hadiahku tertahan dan perlu biaya Rp5.000.000. Mohon diperhatikan.","Penipuan Romansa","pinjaman_pasangan","synthetic_template_v1","true","false","ROM-2"
"spam","Assalamualaikum, Pihak berwenang mengancam denda bila data pribadi tidak dikirim sekarang. Semoga membantu.","Social Engineering","ancaman_akun","synthetic_template_v1","true","false","SOC-10"
"spam","Info untuk Anda, Paket investasi VIP tersisa satu slot. Kirim Rp150.000 untuk mengamankan posisi. Harap cek kembali.","Penipuan Investasi","trading_palsu","synthetic_template_v1","true","false","INV-8"
"spam","Permisi, Dana Anda akan dikelola profesional dengan hasil pasti 50% per bulan. Harap cek kembali.","Penipuan Investasi","trading_palsu","synthetic_template_v1","true","false","INV-7"
"spam","Kepada Yth. Bapak/Ibu, Kerja paruh waktu dari rumah, tugas memberi like dengan deposit awal Rp500.000. Terima kasih atas waktunya.","Penipuan Rekrutmen","biaya_administrasi","synthetic_template_v1","true","false","REK-3"
"spam","Info untuk Anda, Bukti profit sudah banyak. Transfer dana awal agar akun investasi diaktifkan. Demikian informasinya.","Penipuan Investasi","deposit_awal","synthetic_template_v1","true","false","INV-10"
"spam","Permisi, Kita sudah dekat lama. Tolong bantu biaya pengobatan keluargaku sebesar Rp350.000. Terima kasih.","Penipuan Romansa","darurat_palsu","synthetic_template_v1","true","false","ROM-10"
"spam","Assalamualaikum, Sayang, aku sedang darurat di luar kota. Tolong kirim uang Rp5.000.000 sebelum batas waktu. Semoga membantu.","Penipuan Romansa","pinjaman_pasangan","synthetic_template_v1","true","false","ROM-1"
"spam","Mohon perhatian, Kesempatan cuan pasti 30% per minggu, transfer modal sekarang. Mohon diperhatikan.","Penipuan Investasi","profit_pasti","synthetic_template_v1","true","false","INV-3"
"spam","Selamat sore, Akun bank akan dinonaktifkan. Verifikasi melalui https://bank-verifikasi-0464.invalid. Ditunggu konfirmasinya.","Phishing/Link Berbahaya","paket_apk","synthetic_template_v1","true","false","PHI-5"
"spam","Hai, Undangan resmi elektronik tersedia melalui link http://undangan-0159.invalid. Demikian informasinya.","Phishing/Link Berbahaya","tautan_login_palsu","synthetic_template_v1","true","false","PHI-9"
"spam","Halo pelanggan, Saya petugas bank. Sebutkan OTP yang baru masuk agar rekening tidak diblokir hari ini. Terima kasih atas waktunya.","Social Engineering","permintaan_otp","synthetic_template_v1","true","false","SOC-1"
"spam","Selamat sore, Tagihan belum dibayar. Klik tautan [tautan-palsu-0160] untuk menghindari denda. Ditunggu konfirmasinya.","Phishing/Link Berbahaya","paket_apk","synthetic_template_v1","true","false","PHI-6"
"spam","Halo pelanggan, Hadiah pelanggan menunggu. Pasang Bonus_Resmi_0499.apk untuk klaim. Mohon diperhatikan.","Phishing/Link Berbahaya","paket_apk","synthetic_template_v1","true","false","PHI-8"
"spam","Selamat pagi, Hadiah pelanggan menunggu. Pasang Bonus_Resmi_0104.apk untuk klaim. Semoga membantu.","Phishing/Link Berbahaya","paket_apk","synthetic_template_v1","true","false","PHI-8"
"spam","Halo pelanggan, Kerja paruh waktu dari rumah, tugas memberi like dengan deposit awal Rp1.250.000. Mohon diperhatikan.","Penipuan Rekrutmen","biaya_administrasi","synthetic_template_v1","true","false","REK-3"
"spam","Selamat pagi, Buka file Galeri_Pernikahan_0405.apk agar foto dan alamat gedung terlihat. Demikian informasinya.","Phishing/Link Berbahaya","paket_apk","synthetic_template_v1","true","false","PHI-7"
"spam","Selamat pagi, Hadiah pernikahan untukmu tertahan di bea cukai. Bayar tagihannya agar dikirim. Ditunggu konfirmasinya.","Penipuan Romansa","hadiah_tertahan","synthetic_template_v1","true","false","ROM-8"
"spam","Selamat pagi, Kita sudah dekat lama. Tolong bantu biaya pengobatan keluargaku sebesar Rp1.250.000. Terima kasih atas waktunya.","Penipuan Romansa","darurat_palsu","synthetic_template_v1","true","false","ROM-10"
"spam","Halo kak, Investasi kebun digital memberi bonus anggota dan keuntungan tanpa rugi. Terima kasih.","Penipuan Investasi","trading_palsu","synthetic_template_v1","true","false","INV-6"
"spam","Kepada Yth. Bapak/Ibu, Undangan resmi elektronik tersedia melalui link http://undangan-0473.invalid. Demikian informasinya.","Phishing/Link Berbahaya","tautan_login_palsu","synthetic_template_v1","true","false","PHI-9"
"spam","Mohon perhatian, Perbarui data akun melalui halaman login https://akun-aman-0026.invalid sekarang. Semoga membantu.","Phishing/Link Berbahaya","tautan_login_palsu","synthetic_template_v1","true","false","PHI-10"
"spam","Kurir meminta kode verifikasi yang baru masuk agar paket dapat diserahkan.","Social Engineering","contemporary_hard_case","synthetic_contemporary_v2","true","false","SOC-H7"
"spam","Kepada Yth. Bapak/Ibu, Gabung grup trading kami, modal Rp2.500.000 dijamin berlipat dalam 5 hari. Salam.","Penipuan Investasi","profit_pasti","synthetic_template_v1","true","false","INV-2"
"spam","Selamat pagi, Setelah semua obrolan kita, buktikan kepercayaanmu dengan membantu transfer Rp2.500.000. Mohon diperhatikan.","Penipuan Romansa","pinjaman_pasangan","synthetic_template_v1","true","false","ROM-3"
"spam","Halo pelanggan, Setelah semua obrolan kita, buktikan kepercayaanmu dengan membantu transfer Rp150.000. Semoga membantu.","Penipuan Romansa","pinjaman_pasangan","synthetic_template_v1","true","false","ROM-3"
"ham","Assalamualaikum, Aku sudah sampai rumah. Kabari kalau kamu juga sudah sampai dengan aman. Semoga membantu.","Aman","informasi_resmi","synthetic_template_v1","true","false","AMN-9"
"spam","Selamat pagi, Customer service meminta foto kartu dan kode rahasia untuk membuka blokir. Ditunggu konfirmasinya.","Social Engineering","ancaman_akun","synthetic_template_v1","true","false","SOC-9"
"ham","Halo pelanggan, Jadwal konsultasi dipindah ke Rabu pukul 15.30 melalui ruang kelas resmi. Demikian informasinya.","Aman","undangan_aman","synthetic_template_v1","true","false","AMN-5"
"spam","Halo pelanggan, Anda diterima tanpa tes. Transfer biaya seragam Rp150.000 hari ini. Terima kasih atas waktunya.","Penipuan Rekrutmen","biaya_administrasi","synthetic_template_v1","true","false","REK-2"
"ham","Info untuk Anda, Aku sudah sampai rumah. Kabari kalau kamu juga sudah sampai dengan aman. Harap cek kembali.","Aman","informasi_resmi","synthetic_template_v1","true","false","AMN-9"
"spam","Selamat sore, Nomor Anda bermasalah. Kirim kode verifikasi kepada petugas ini dalam 30 menit. Salam.","Social Engineering","permintaan_otp","synthetic_template_v1","true","false","SOC-3"
"spam","Info untuk Anda, Admin layanan membutuhkan PIN Anda untuk membatalkan transaksi Rp2.500.000. Mohon diperhatikan.","Social Engineering","permintaan_otp","synthetic_template_v1","true","false","SOC-2"
"ham","Kepada Yth. Bapak/Ibu, Kami mengundang Anda ke pernikahan keluarga kami pada minggu depan. Undangan berupa PDF, tidak perlu memasang aplikasi. Terima kasih.","Aman","percakapan_harian","synthetic_template_v1","true","false","AMN-2"
"spam","Assalamualaikum, Gabung grup trading kami, modal Rp350.000 dijamin berlipat dalam 3 hari. Demikian informasinya.","Penipuan Investasi","profit_pasti","synthetic_template_v1","true","false","INV-2"
"spam","Mohon perhatian, Kesempatan cuan pasti 25% per minggu, transfer modal sebelum batas waktu. Terima kasih.","Penipuan Investasi","profit_pasti","synthetic_template_v1","true","false","INV-3"
"spam","Halo pelanggan, Customer service meminta foto kartu dan kode rahasia untuk membuka blokir. Terima kasih.","Social Engineering","ancaman_akun","synthetic_template_v1","true","false","SOC-9"
"spam","Kepada Yth. Bapak/Ibu, Saya dari kantor pusat, mohon konfirmasi password untuk pemeriksaan keamanan. Semoga membantu.","Social Engineering","permintaan_otp","synthetic_template_v1","true","false","SOC-4"
"ham","Halo kak, Aku sudah sampai rumah. Kabari kalau kamu juga sudah sampai dengan aman. Ditunggu konfirmasinya.","Aman","informasi_resmi","synthetic_template_v1","true","false","AMN-9"
"spam","Info untuk Anda, Perbarui data akun melalui halaman login https://akun-aman-0559.invalid sebelum pukul 18.00. Mohon diperhatikan.","Phishing/Link Berbahaya","tautan_login_palsu","synthetic_template_v1","true","false","PHI-10"
"spam","Selamat sore, Posisi terbatas, amankan kursi kerja dengan transfer Rp5.000.000. Demikian informasinya.","Penipuan Rekrutmen","hrd_palsu","synthetic_template_v1","true","false","REK-9"
"spam","Permisi, Investasi kebun digital memberi bonus anggota dan keuntungan tanpa rugi. Terima kasih.","Penipuan Investasi","trading_palsu","synthetic_template_v1","true","false","INV-6"
"spam","Hai, Saya petugas bank. Sebutkan OTP yang baru masuk agar rekening tidak diblokir hari ini. Terima kasih.","Social Engineering","permintaan_otp","synthetic_template_v1","true","false","SOC-1"
"spam","Halo kak, HRD meminta pembayaran medical check-up ke rekening pribadi sebelum pukul 18.00. Ditunggu konfirmasinya.","Penipuan Rekrutmen","tugas_like","synthetic_template_v1","true","false","REK-8"
"spam","Selamat pagi, Perbarui data akun melalui halaman login https://akun-aman-0282.invalid malam ini. Semoga membantu.","Phishing/Link Berbahaya","tautan_login_palsu","synthetic_template_v1","true","false","PHI-10"
"spam","Mohon perhatian, Pihak berwenang mengancam denda bila data pribadi tidak dikirim hari ini. Terima kasih.","Social Engineering","ancaman_akun","synthetic_template_v1","true","false","SOC-10"
"spam","Assalamualaikum, Hadiah pelanggan menunggu. Pasang Bonus_Resmi_0600.apk untuk klaim. Terima kasih atas waktunya.","Phishing/Link Berbahaya","paket_apk","synthetic_template_v1","true","false","PHI-8"
"spam","Kepada Yth. Bapak/Ibu, Sayang, aku sedang darurat di luar kota. Tolong kirim uang Rp150.000 sebelum pukul 18.00. Ditunggu konfirmasinya.","Penipuan Romansa","pinjaman_pasangan","synthetic_template_v1","true","false","ROM-1"
"spam","Assalamualaikum, Hadiah pelanggan menunggu. Pasang Bonus_Resmi_0514.apk untuk klaim. Terima kasih.","Phishing/Link Berbahaya","paket_apk","synthetic_template_v1","true","false","PHI-8"
"spam","Mohon perhatian, Hadiah pernikahan untukmu tertahan di bea cukai. Bayar tagihannya agar dikirim. Semoga membantu.","Penipuan Romansa","hadiah_tertahan","synthetic_template_v1","true","false","ROM-8"
"spam","Mohon perhatian, Dana Anda akan dikelola profesional dengan hasil pasti 40% per bulan. Semoga membantu.","Penipuan Investasi","trading_palsu","synthetic_template_v1","true","false","INV-7"
"ham","Hai, Jadwal konsultasi dipindah ke Rabu pukul 13.00 melalui ruang kelas resmi. Salam.","Aman","undangan_aman","synthetic_template_v1","true","false","AMN-5"
"spam","Mohon perhatian, Proyek kripto rahasia akan naik 20%. Jangan lewatkan penawaran malam ini. Harap cek kembali.","Penipuan Investasi","trading_palsu","synthetic_template_v1","true","false","INV-5"
"ham","Kepada Yth. Bapak/Ibu, Jadwal konsultasi dipindah ke Sabtu pukul 15.30 melalui ruang kelas resmi. Terima kasih atas waktunya.","Aman","undangan_aman","synthetic_template_v1","true","false","AMN-5"
"spam","Selamat sore, Proyek kripto rahasia akan naik 50%. Jangan lewatkan penawaran sebelum batas waktu. Terima kasih.","Penipuan Investasi","trading_palsu","synthetic_template_v1","true","false","INV-5"
"ham","Halo kak, Kami mengundang Anda ke pernikahan keluarga kami pada Sabtu. Undangan berupa PDF, tidak perlu memasang aplikasi. Terima kasih atas waktunya.","Aman","percakapan_harian","synthetic_template_v1","true","false","AMN-2"
"spam","Kepada Yth. Bapak/Ibu, Admin layanan membutuhkan PIN Anda untuk membatalkan transaksi Rp2.500.000. Salam.","Social Engineering","permintaan_otp","synthetic_template_v1","true","false","SOC-2"
"ham","Hai, Besok rapat kelompok dimulai pukul 19.00 di ruang C2. Salam.","Aman","percakapan_harian","synthetic_template_v1","true","false","AMN-1"
"spam","Assalamualaikum, Kami mengundang Anda ke pesta pernikahan. Buka Foto Undangan_0130.apk untuk info lengkapnya. Salam.","Phishing/Link Berbahaya","undangan_apk","synthetic_template_v1","true","false","PHI-1"
"spam","Halo kak, Kerja paruh waktu dari rumah, tugas memberi like dengan deposit awal Rp5.000.000. Demikian informasinya.","Penipuan Rekrutmen","biaya_administrasi","synthetic_template_v1","true","false","REK-3"
"spam","Selamat sore, Anda diterima tanpa tes. Transfer biaya seragam Rp150.000 sebelum batas waktu. Terima kasih atas waktunya.","Penipuan Rekrutmen","biaya_administrasi","synthetic_template_v1","true","false","REK-2"
"spam","Kepada Yth. Bapak/Ibu, Proyek kripto rahasia akan naik 30%. Jangan lewatkan penawaran sebelum batas waktu. Mohon diperhatikan.","Penipuan Investasi","trading_palsu","synthetic_template_v1","true","false","INV-5"
"spam","Mohon perhatian, HRD membuka lowongan kerja. Bayar biaya administrasi Rp2.500.000 sebelum interview. Salam.","Penipuan Rekrutmen","biaya_administrasi","synthetic_template_v1","true","false","REK-1"
"spam","Permisi, HRD meminta pembayaran medical check-up ke rekening pribadi malam ini. Harap cek kembali.","Penipuan Rekrutmen","tugas_like","synthetic_template_v1","true","false","REK-8"
"spam","Hai, Customer service meminta foto kartu dan kode rahasia untuk membuka blokir. Ditunggu konfirmasinya.","Social Engineering","ancaman_akun","synthetic_template_v1","true","false","SOC-9"
"spam","Info untuk Anda, Aku ingin membangun masa depan bersama, kirim modal kecil untuk usaha kita. Ditunggu konfirmasinya.","Penipuan Romansa","hadiah_tertahan","synthetic_template_v1","true","false","ROM-7"
"spam","Permisi, Setelah semua obrolan kita, buktikan kepercayaanmu dengan membantu transfer Rp2.500.000. Terima kasih atas waktunya.","Penipuan Romansa","pinjaman_pasangan","synthetic_template_v1","true","false","ROM-3"
"spam","Hai, Customer service meminta foto kartu dan kode rahasia untuk membuka blokir. Harap cek kembali.","Social Engineering","ancaman_akun","synthetic_template_v1","true","false","SOC-9"
"spam","Halo pelanggan, Investasi eksklusif menjanjikan profit 20% tanpa risiko. Deposit mulai Rp1.250.000. Demikian informasinya.","Penipuan Investasi","profit_pasti","synthetic_template_v1","true","false","INV-1"
"spam","Hai, Kita sudah dekat lama. Tolong bantu biaya pengobatan keluargaku sebesar Rp350.000. Mohon diperhatikan.","Penipuan Romansa","darurat_palsu","synthetic_template_v1","true","false","ROM-10"
"spam","Selamat sore, Saya dari kantor pusat, mohon konfirmasi password untuk pemeriksaan keamanan. Terima kasih.","Social Engineering","permintaan_otp","synthetic_template_v1","true","false","SOC-4"
"spam","Halo pelanggan, Saya keluarga Anda memakai nomor baru. Tolong transfer Rp1.250.000 karena sedang darurat. Semoga membantu.","Social Engineering","penyamaran_petugas","synthetic_template_v1","true","false","SOC-8"
"spam","Selamat pagi, Kesempatan cuan pasti 25% per minggu, transfer modal hari ini. Salam.","Penipuan Investasi","profit_pasti","synthetic_template_v1","true","false","INV-3"
"spam","Assalamualaikum, Aku ingin membangun masa depan bersama, kirim modal kecil untuk usaha kita. Ditunggu konfirmasinya.","Penipuan Romansa","hadiah_tertahan","synthetic_template_v1","true","false","ROM-7"
"spam","Assalamualaikum, Petugas pajak meminta data rekening dan PIN untuk pengembalian dana. Salam.","Social Engineering","penyamaran_petugas","synthetic_template_v1","true","false","SOC-7"
"spam","Permisi, Tugas online mudah menghasilkan komisi. Top up saldo agar tugas berikutnya terbuka. Semoga membantu.","Penipuan Rekrutmen","tugas_like","synthetic_template_v1","true","false","REK-7"
"spam","Halo kak, Dana Anda akan dikelola profesional dengan hasil pasti 30% per bulan. Ditunggu konfirmasinya.","Penipuan Investasi","trading_palsu","synthetic_template_v1","true","false","INV-7"
"spam","Assalamualaikum, Jangan beri tahu keluargamu tentang hubungan kita. Aku butuh bantuan dana hari ini. Harap cek kembali.","Penipuan Romansa","hadiah_tertahan","synthetic_template_v1","true","false","ROM-6"
"ham","Info untuk Anda, Jadwal konsultasi dipindah ke minggu depan pukul 13.00 melalui ruang kelas resmi. Mohon diperhatikan.","Aman","undangan_aman","synthetic_template_v1","true","false","AMN-5"
"spam","Kepada Yth. Bapak/Ibu, Perbarui data akun melalui halaman login https://akun-aman-0267.invalid hari ini. Salam.","Phishing/Link Berbahaya","tautan_login_palsu","synthetic_template_v1","true","false","PHI-10"
"spam","Info untuk Anda, Hadiah pelanggan menunggu. Pasang Bonus_Resmi_0013.apk untuk klaim. Terima kasih atas waktunya.","Phishing/Link Berbahaya","paket_apk","synthetic_template_v1","true","false","PHI-8"
"spam","Info untuk Anda, Posisi terbatas, amankan kursi kerja dengan transfer Rp500.000. Terima kasih.","Penipuan Rekrutmen","hrd_palsu","synthetic_template_v1","true","false","REK-9"
"spam","Assalamualaikum, Aku kehilangan dompet saat perjalanan menemuimu. Tolong transfer Rp350.000. Terima kasih atas waktunya.","Penipuan Romansa","darurat_palsu","synthetic_template_v1","true","false","ROM-9"
"ham","Permisi, Terima kasih sudah hadir di acara keluarga kemarin, foto ada di album bersama. Mohon diperhatikan.","Aman","undangan_aman","synthetic_template_v1","true","false","AMN-7"
"spam","Halo pelanggan, Hadiah pernikahan untukmu tertahan di bea cukai. Bayar tagihannya agar dikirim. Semoga membantu.","Penipuan Romansa","hadiah_tertahan","synthetic_template_v1","true","false","ROM-8"
"spam","Halo kak, Jangan beri tahu keluargamu tentang hubungan kita. Aku butuh bantuan dana sebelum batas waktu. Mohon diperhatikan.","Penipuan Romansa","hadiah_tertahan","synthetic_template_v1","true","false","ROM-6"
"spam","Kepada Yth. Bapak/Ibu, Robot trading legal menjamin return tetap. Buka akun dengan setoran Rp350.000. Ditunggu konfirmasinya.","Penipuan Investasi","profit_pasti","synthetic_template_v1","true","false","INV-4"
"spam","Selamat pagi, Kita sudah dekat lama. Tolong bantu biaya pengobatan keluargaku sebesar Rp2.500.000. Terima kasih atas waktunya.","Penipuan Romansa","darurat_palsu","synthetic_template_v1","true","false","ROM-10"
"spam","Mohon perhatian, Atasan meminta transfer darurat Rp150.000; jangan hubungi siapa pun dulu. Terima kasih.","Social Engineering","penyamaran_petugas","synthetic_template_v1","true","false","SOC-5"
"spam","Mohon perhatian, Paket investasi VIP tersisa satu slot. Kirim Rp2.500.000 untuk mengamankan posisi. Salam.","Penipuan Investasi","trading_palsu","synthetic_template_v1","true","false","INV-8"
"spam","Info untuk Anda, Tugas online mudah menghasilkan komisi. Top up saldo agar tugas berikutnya terbuka. Demikian informasinya.","Penipuan Rekrutmen","tugas_like","synthetic_template_v1","true","false","REK-7"
"spam","Permisi, Detail waktu dan lokasi pernikahan ada di Undangan Pernikahan 0407.apk, silakan buka dalam 30 menit. Harap cek kembali.","Phishing/Link Berbahaya","undangan_apk","synthetic_template_v1","true","false","PHI-3"
"spam","Selamat pagi, Rekrutmen resmi tanpa wawancara, bayar pelatihan wajib sebesar Rp150.000. Semoga membantu.","Penipuan Rekrutmen","tugas_like","synthetic_template_v1","true","false","REK-6"
"spam","Kepada Yth. Bapak/Ibu, Buka file Galeri_Pernikahan_0500.apk agar foto dan alamat gedung terlihat. Demikian informasinya.","Phishing/Link Berbahaya","paket_apk","synthetic_template_v1","true","false","PHI-7"
"spam","Hai, Tagihan belum dibayar. Klik tautan [tautan-palsu-0540] untuk menghindari denda. Terima kasih.","Phishing/Link Berbahaya","paket_apk","synthetic_template_v1","true","false","PHI-6"
"spam","Info untuk Anda, Kesempatan cuan pasti 75% per minggu, transfer modal sekarang. Terima kasih.","Penipuan Investasi","profit_pasti","synthetic_template_v1","true","false","INV-3"
"spam","Assalamualaikum, HRD meminta pembayaran medical check-up ke rekening pribadi sekarang. Mohon diperhatikan.","Penipuan Rekrutmen","tugas_like","synthetic_template_v1","true","false","REK-8"
"spam","Selamat pagi, Posisi terbatas, amankan kursi kerja dengan transfer Rp1.250.000. Ditunggu konfirmasinya.","Penipuan Rekrutmen","hrd_palsu","synthetic_template_v1","true","false","REK-9"
"spam","Kepada Yth. Bapak/Ibu, Aku bekerja di luar negeri dan akan pulang menemuimu. Bayarkan bea paket hadiah dulu. Terima kasih.","Penipuan Romansa","pinjaman_pasangan","synthetic_template_v1","true","false","ROM-4"
"spam","Selamat sore, Investasi kebun digital memberi bonus anggota dan keuntungan tanpa rugi. Harap cek kembali.","Penipuan Investasi","trading_palsu","synthetic_template_v1","true","false","INV-6"
"spam","Selamat pagi, Detail waktu dan lokasi pernikahan ada di Undangan Pernikahan 0272.apk, silakan buka sekarang. Mohon diperhatikan.","Phishing/Link Berbahaya","undangan_apk","synthetic_template_v1","true","false","PHI-3"
"spam","Assalamualaikum, Anda diterima tanpa tes. Transfer biaya seragam Rp1.250.000 sebelum batas waktu. Terima kasih atas waktunya.","Penipuan Rekrutmen","biaya_administrasi","synthetic_template_v1","true","false","REK-2"
"spam","Selamat pagi, Nomor Anda bermasalah. Kirim kode verifikasi kepada petugas ini sebelum pukul 18.00. Mohon diperhatikan.","Social Engineering","permintaan_otp","synthetic_template_v1","true","false","SOC-3"
"spam","Permisi, Setelah semua obrolan kita, buktikan kepercayaanmu dengan membantu transfer Rp2.500.000. Salam.","Penipuan Romansa","pinjaman_pasangan","synthetic_template_v1","true","false","ROM-3"
"ham","Selamat pagi, Pengumuman kampus dapat dilihat melalui portal akademik resmi. Terima kasih.","Aman","undangan_aman","synthetic_template_v1","true","false","AMN-8"
"spam","Permisi, Pihak berwenang mengancam denda bila data pribadi tidak dikirim malam ini. Semoga membantu.","Social Engineering","ancaman_akun","synthetic_template_v1","true","false","SOC-10"
"spam","Assalamualaikum, Paket investasi VIP tersisa satu slot. Kirim Rp1.250.000 untuk mengamankan posisi. Mohon diperhatikan.","Penipuan Investasi","trading_palsu","synthetic_template_v1","true","false","INV-8"
"spam","Info untuk Anda, Investasi eksklusif menjanjikan profit 25% tanpa risiko. Deposit mulai Rp350.000. Demikian informasinya.","Penipuan Investasi","profit_pasti","synthetic_template_v1","true","false","INV-1"
"spam","Mohon perhatian, Aku bekerja di luar negeri dan akan pulang menemuimu. Bayarkan bea paket hadiah dulu. Terima kasih atas waktunya.","Penipuan Romansa","pinjaman_pasangan","synthetic_template_v1","true","false","ROM-4"
"spam","Halo pelanggan, Proyek kripto rahasia akan naik 50%. Jangan lewatkan penawaran hari ini. Terima kasih atas waktunya.","Penipuan Investasi","trading_palsu","synthetic_template_v1","true","false","INV-5"
"ham","Permisi, Paket sudah diterima oleh satpam. Silakan diambil tanpa biaya tambahan. Terima kasih atas waktunya.","Aman","undangan_aman","synthetic_template_v1","true","false","AMN-6"
"spam","Selamat sore, Robot trading legal menjamin return tetap. Buka akun dengan setoran Rp2.500.000. Terima kasih.","Penipuan Investasi","profit_pasti","synthetic_template_v1","true","false","INV-4"
"ham","jangan pernah bagikan OTP atau PIN","Aman","contemporary_hard_case","synthetic_contemporary_v2","true","false","AMN-H15"
"spam","Halo kak, Akun bank akan dinonaktifkan. Verifikasi melalui https://bank-verifikasi-0442.invalid. Terima kasih.","Phishing/Link Berbahaya","paket_apk","synthetic_template_v1","true","false","PHI-5"
"spam","Assalamualaikum, HRD meminta pembayaran medical check-up ke rekening pribadi malam ini. Salam.","Penipuan Rekrutmen","tugas_like","synthetic_template_v1","true","false","REK-8"
"spam","Info untuk Anda, Gabung grup trading kami, modal Rp350.000 dijamin berlipat dalam 3 hari. Salam.","Penipuan Investasi","profit_pasti","synthetic_template_v1","true","false","INV-2"
"spam","Selamat pagi, Admin layanan membutuhkan PIN Anda untuk membatalkan transaksi Rp150.000. Semoga membantu.","Social Engineering","permintaan_otp","synthetic_template_v1","true","false","SOC-2"
"spam","Halo pelanggan, Kami lampirkan Undangan_Digital_Pernikahan_0041.apk. Mohon diunduh untuk melihat peta lokasi. Mohon diperhatikan.","Phishing/Link Berbahaya","undangan_apk","synthetic_template_v1","true","false","PHI-2"
"spam","Permisi, Atasan meminta transfer darurat Rp2.500.000; jangan hubungi siapa pun dulu. Harap cek kembali.","Social Engineering","penyamaran_petugas","synthetic_template_v1","true","false","SOC-5"
"spam","Selamat pagi, Aku ingin membangun masa depan bersama, kirim modal kecil untuk usaha kita. Semoga membantu.","Penipuan Romansa","hadiah_tertahan","synthetic_template_v1","true","false","ROM-7"
"ham","Kepada Yth. Bapak/Ibu, Aku sudah sampai rumah. Kabari kalau kamu juga sudah sampai dengan aman. Demikian informasinya.","Aman","informasi_resmi","synthetic_template_v1","true","false","AMN-9"
"spam","Info untuk Anda, Atasan meminta transfer darurat Rp2.500.000; jangan hubungi siapa pun dulu. Demikian informasinya.","Social Engineering","penyamaran_petugas","synthetic_template_v1","true","false","SOC-5"
"spam","Mohon perhatian, Rekrutmen resmi tanpa wawancara, bayar pelatihan wajib sebesar Rp2.500.000. Terima kasih atas waktunya.","Penipuan Rekrutmen","tugas_like","synthetic_template_v1","true","false","REK-6"
"spam","Halo pelanggan, Undangan interview dari perusahaan besar, beli tiket melalui agen yang kami tunjuk. Salam.","Penipuan Rekrutmen","biaya_administrasi","synthetic_template_v1","true","false","REK-4"
"ham","Selamat sore, Tolong beli makan siang saat pulang dari kampus, nanti saya ganti. Terima kasih.","Aman","percakapan_harian","synthetic_template_v1","true","false","AMN-4"
"spam","Halo pelanggan, Saya keluarga Anda memakai nomor baru. Tolong transfer Rp5.000.000 karena sedang darurat. Mohon diperhatikan.","Social Engineering","penyamaran_petugas","synthetic_template_v1","true","false","SOC-8"
"ham","Kepada Yth. Bapak/Ibu, Pengumuman kampus dapat dilihat melalui portal akademik resmi. Terima kasih.","Aman","undangan_aman","synthetic_template_v1","true","false","AMN-8"
"ham","Info untuk Anda, Besok rapat kelompok dimulai pukul 15.30 di ruang aula. Terima kasih.","Aman","percakapan_harian","synthetic_template_v1","true","false","AMN-1"
"spam","Hai, Hadiah pelanggan menunggu. Pasang Bonus_Resmi_0523.apk untuk klaim. Harap cek kembali.","Phishing/Link Berbahaya","paket_apk","synthetic_template_v1","true","false","PHI-8"
"ham","Info untuk Anda, Kami mengundang Anda ke pernikahan keluarga kami pada minggu depan. Undangan berupa PDF, tidak perlu memasang aplikasi. Salam.","Aman","percakapan_harian","synthetic_template_v1","true","false","AMN-2"
"ham","Info untuk Anda, Besok rapat kelompok dimulai pukul 19.00 di ruang B3. Demikian informasinya.","Aman","percakapan_harian","synthetic_template_v1","true","false","AMN-1"
"ham","Hai, Jadwal konsultasi dipindah ke Senin pukul 19.00 melalui ruang kelas resmi. Ditunggu konfirmasinya.","Aman","undangan_aman","synthetic_template_v1","true","false","AMN-5"
"spam","Halo kak, HRD meminta pembayaran medical check-up ke rekening pribadi sekarang. Terima kasih atas waktunya.","Penipuan Rekrutmen","tugas_like","synthetic_template_v1","true","false","REK-8"
"spam","Permisi, HRD membuka lowongan kerja. Bayar biaya administrasi Rp150.000 sebelum interview. Salam.","Penipuan Rekrutmen","biaya_administrasi","synthetic_template_v1","true","false","REK-1"
"spam","Halo pelanggan, Buka file Galeri_Pernikahan_0073.apk agar foto dan alamat gedung terlihat. Harap cek kembali.","Phishing/Link Berbahaya","paket_apk","synthetic_template_v1","true","false","PHI-7"
"spam","Selamat sore, Anda diterima tanpa tes. Transfer biaya seragam Rp350.000 sebelum pukul 18.00. Semoga membantu.","Penipuan Rekrutmen","biaya_administrasi","synthetic_template_v1","true","false","REK-2"
"spam","Selamat pagi, Aku kehilangan dompet saat perjalanan menemuimu. Tolong transfer Rp350.000. Terima kasih.","Penipuan Romansa","darurat_palsu","synthetic_template_v1","true","false","ROM-9"
"spam","Mohon perhatian, Admin layanan membutuhkan PIN Anda untuk membatalkan transaksi Rp150.000. Terima kasih.","Social Engineering","permintaan_otp","synthetic_template_v1","true","false","SOC-2"
"spam","Selamat sore, Kami lampirkan Undangan_Digital_Pernikahan_0592.apk. Mohon diunduh untuk melihat peta lokasi. Salam.","Phishing/Link Berbahaya","undangan_apk","synthetic_template_v1","true","false","PHI-2"
"spam","Info untuk Anda, HRD membuka lowongan kerja. Bayar biaya administrasi Rp150.000 sebelum interview. Demikian informasinya.","Penipuan Rekrutmen","biaya_administrasi","synthetic_template_v1","true","false","REK-1"
"spam","Hai, Jangan beri tahu keluargamu tentang hubungan kita. Aku butuh bantuan dana dalam 30 menit. Mohon diperhatikan.","Penipuan Romansa","hadiah_tertahan","synthetic_template_v1","true","false","ROM-6"
"spam","Halo pelanggan, Anda diterima tanpa tes. Transfer biaya seragam Rp1.250.000 hari ini. Demikian informasinya.","Penipuan Rekrutmen","biaya_administrasi","synthetic_template_v1","true","false","REK-2"
"ham","Selamat sore, Aku sudah sampai rumah. Kabari kalau kamu juga sudah sampai dengan aman. Mohon diperhatikan.","Aman","informasi_resmi","synthetic_template_v1","true","false","AMN-9"
"spam","Assalamualaikum, Kerja paruh waktu dari rumah, tugas memberi like dengan deposit awal Rp1.250.000. Ditunggu konfirmasinya.","Penipuan Rekrutmen","biaya_administrasi","synthetic_template_v1","true","false","REK-3"
"spam","Info untuk Anda, Tugas online mudah menghasilkan komisi. Top up saldo agar tugas berikutnya terbuka. Harap cek kembali.","Penipuan Rekrutmen","tugas_like","synthetic_template_v1","true","false","REK-7"
"spam","Hai, Kesempatan cuan pasti 75% per minggu, transfer modal dalam 30 menit. Ditunggu konfirmasinya.","Penipuan Investasi","profit_pasti","synthetic_template_v1","true","false","INV-3"
"spam","Mohon perhatian, Hadiah pernikahan untukmu tertahan di bea cukai. Bayar tagihannya agar dikirim. Ditunggu konfirmasinya.","Penipuan Romansa","hadiah_tertahan","synthetic_template_v1","true","false","ROM-8"
"spam","Selamat sore, Nomor Anda bermasalah. Kirim kode verifikasi kepada petugas ini malam ini. Semoga membantu.","Social Engineering","permintaan_otp","synthetic_template_v1","true","false","SOC-3"
"spam","Selamat pagi, Saya petugas bank. Sebutkan OTP yang baru masuk agar rekening tidak diblokir malam ini. Semoga membantu.","Social Engineering","permintaan_otp","synthetic_template_v1","true","false","SOC-1"
"spam","Hai, Robot trading legal menjamin return tetap. Buka akun dengan setoran Rp2.500.000. Terima kasih.","Penipuan Investasi","profit_pasti","synthetic_template_v1","true","false","INV-4"
"spam","Mohon perhatian, Detail waktu dan lokasi pernikahan ada di Undangan Pernikahan 0020.apk, silakan buka hari ini. Harap cek kembali.","Phishing/Link Berbahaya","undangan_apk","synthetic_template_v1","true","false","PHI-3"
"ham","Selamat sore, Paket sudah diterima oleh satpam. Silakan diambil tanpa biaya tambahan. Demikian informasinya.","Aman","undangan_aman","synthetic_template_v1","true","false","AMN-6"
"spam","Assalamualaikum, Investasi eksklusif menjanjikan profit 50% tanpa risiko. Deposit mulai Rp350.000. Ditunggu konfirmasinya.","Penipuan Investasi","profit_pasti","synthetic_template_v1","true","false","INV-1"
"spam","Kepada Yth. Bapak/Ibu, HRD meminta pembayaran medical check-up ke rekening pribadi sebelum batas waktu. Demikian informasinya.","Penipuan Rekrutmen","tugas_like","synthetic_template_v1","true","false","REK-8"
"spam","Halo kak, Kami mengundang Anda ke pesta pernikahan. Buka Foto Undangan_0066.apk untuk info lengkapnya. Terima kasih atas waktunya.","Phishing/Link Berbahaya","undangan_apk","synthetic_template_v1","true","false","PHI-1"
"spam","Permisi, Lowongan staf administrasi bergaji tinggi. Kirim PIN dan data rekening untuk payroll. Terima kasih atas waktunya.","Penipuan Rekrutmen","tugas_like","synthetic_template_v1","true","false","REK-5"
"ham","Halo pelanggan, Tolong beli makan siang saat pulang dari kampus, nanti saya ganti. Mohon diperhatikan.","Aman","percakapan_harian","synthetic_template_v1","true","false","AMN-4"
"ham","Assalamualaikum, Paket sudah diterima oleh satpam. Silakan diambil tanpa biaya tambahan. Terima kasih atas waktunya.","Aman","undangan_aman","synthetic_template_v1","true","false","AMN-6"
"ham","Hai, Kami mengundang Anda ke pernikahan keluarga kami pada Senin. Undangan berupa PDF, tidak perlu memasang aplikasi. Terima kasih atas waktunya.","Aman","percakapan_harian","synthetic_template_v1","true","false","AMN-2"
"spam","Halo pelanggan, Perbarui data akun melalui halaman login https://akun-aman-0236.invalid sebelum batas waktu. Salam.","Phishing/Link Berbahaya","tautan_login_palsu","synthetic_template_v1","true","false","PHI-10"
"spam","Info untuk Anda, Bisnis passive income tanpa kerja, modal kembali dalam 7 hari. Ditunggu konfirmasinya.","Penipuan Investasi","deposit_awal","synthetic_template_v1","true","false","INV-9"
"spam","Selamat pagi, Lowongan staf administrasi bergaji tinggi. Kirim PIN dan data rekening untuk payroll. Ditunggu konfirmasinya.","Penipuan Rekrutmen","tugas_like","synthetic_template_v1","true","false","REK-5"
"ham","Selamat pagi, Kami mengundang Anda ke pernikahan keluarga kami pada Sabtu. Undangan berupa PDF, tidak perlu memasang aplikasi. Mohon diperhatikan.","Aman","percakapan_harian","synthetic_template_v1","true","false","AMN-2"
"ham","Hai, Tolong beli makan siang saat pulang dari kampus, nanti saya ganti. Semoga membantu.","Aman","percakapan_harian","synthetic_template_v1","true","false","AMN-4"
"spam","Hadiah pernikahan kita ditahan kurir dan harus ditebus sekarang.","Penipuan Romansa","contemporary_hard_case","synthetic_contemporary_v2","true","false","ROM-H9"
"spam","Hai, Bisnis passive income tanpa kerja, modal kembali dalam 5 hari. Terima kasih.","Penipuan Investasi","deposit_awal","synthetic_template_v1","true","false","INV-9"
"ham","Permisi, Kami mengundang Anda ke pernikahan keluarga kami pada Sabtu. Undangan berupa PDF, tidak perlu memasang aplikasi. Ditunggu konfirmasinya.","Aman","percakapan_harian","synthetic_template_v1","true","false","AMN-2"
"spam","Hai, Aku ingin membangun masa depan bersama, kirim modal kecil untuk usaha kita. Terima kasih.","Penipuan Romansa","hadiah_tertahan","synthetic_template_v1","true","false","ROM-7"
"spam","Permisi, Tagihan belum dibayar. Klik tautan [tautan-palsu-0059] untuk menghindari denda. Demikian informasinya.","Phishing/Link Berbahaya","paket_apk","synthetic_template_v1","true","false","PHI-6"
"spam","Halo pelanggan, Kami mengundang Anda ke pesta pernikahan. Buka Foto Undangan_0177.apk untuk info lengkapnya. Semoga membantu.","Phishing/Link Berbahaya","undangan_apk","synthetic_template_v1","true","false","PHI-1"
"spam","Mohon perhatian, Perbarui data akun melalui halaman login https://akun-aman-0016.invalid hari ini. Demikian informasinya.","Phishing/Link Berbahaya","tautan_login_palsu","synthetic_template_v1","true","false","PHI-10"
"ham","Halo kak, Kami mengundang Anda ke pernikahan keluarga kami pada Sabtu. Undangan berupa PDF, tidak perlu memasang aplikasi. Harap cek kembali.","Aman","percakapan_harian","synthetic_template_v1","true","false","AMN-2"
"spam","Hai, HRD meminta pembayaran medical check-up ke rekening pribadi sekarang. Demikian informasinya.","Penipuan Rekrutmen","tugas_like","synthetic_template_v1","true","false","REK-8"
"spam","Halo pelanggan, Tugas online mudah menghasilkan komisi. Top up saldo agar tugas berikutnya terbuka. Semoga membantu.","Penipuan Rekrutmen","tugas_like","synthetic_template_v1","true","false","REK-7"
"spam","Permisi, Saya dari kantor pusat, mohon konfirmasi password untuk pemeriksaan keamanan. Ditunggu konfirmasinya.","Social Engineering","permintaan_otp","synthetic_template_v1","true","false","SOC-4"
"spam","Assalamualaikum, HRD membuka lowongan kerja. Bayar biaya administrasi Rp350.000 sebelum interview. Terima kasih.","Penipuan Rekrutmen","biaya_administrasi","synthetic_template_v1","true","false","REK-1"
"ham","Info untuk Anda, Besok rapat kelompok dimulai pukul 08.00 di ruang laboratorium. Salam.","Aman","percakapan_harian","synthetic_template_v1","true","false","AMN-1"
"spam","Halo kak, Paket Anda tertahan. Download aplikasi Cek_Resi_0411.apk untuk memilih jadwal antar. Harap cek kembali.","Phishing/Link Berbahaya","undangan_apk","synthetic_template_v1","true","false","PHI-4"
"spam","Selamat pagi, Saya keluarga Anda memakai nomor baru. Tolong transfer Rp1.250.000 karena sedang darurat. Terima kasih atas waktunya.","Social Engineering","penyamaran_petugas","synthetic_template_v1","true","false","SOC-8"
"spam","Selamat sore, Aku kehilangan dompet saat perjalanan menemuimu. Tolong transfer Rp350.000. Semoga membantu.","Penipuan Romansa","darurat_palsu","synthetic_template_v1","true","false","ROM-9"
"spam","Selamat sore, Robot trading legal menjamin return tetap. Buka akun dengan setoran Rp1.250.000. Harap cek kembali.","Penipuan Investasi","profit_pasti","synthetic_template_v1","true","false","INV-4"
"spam","Selamat sore, Sayang, aku sedang darurat di luar kota. Tolong kirim uang Rp1.250.000 hari ini. Semoga membantu.","Penipuan Romansa","pinjaman_pasangan","synthetic_template_v1","true","false","ROM-1"
"spam","Mohon perhatian, Bukti profit sudah banyak. Transfer dana awal agar akun investasi diaktifkan. Ditunggu konfirmasinya.","Penipuan Investasi","deposit_awal","synthetic_template_v1","true","false","INV-10"
"ham","Hai, Aku sudah sampai rumah. Kabari kalau kamu juga sudah sampai dengan aman. Terima kasih atas waktunya.","Aman","informasi_resmi","synthetic_template_v1","true","false","AMN-9"
"spam","Halo kak, HRD membuka lowongan kerja. Bayar biaya administrasi Rp350.000 sebelum interview. Mohon diperhatikan.","Penipuan Rekrutmen","biaya_administrasi","synthetic_template_v1","true","false","REK-1"
"spam","Assalamualaikum, Dana Anda akan dikelola profesional dengan hasil pasti 40% per bulan. Demikian informasinya.","Penipuan Investasi","trading_palsu","synthetic_template_v1","true","false","INV-7"
"spam","Halo pelanggan, Detail waktu dan lokasi pernikahan ada di Undangan Pernikahan 0350.apk, silakan buka dalam 30 menit. Demikian informasinya.","Phishing/Link Berbahaya","undangan_apk","synthetic_template_v1","true","false","PHI-3"
"spam","Permisi, Cintaku, rekeningku diblokir. Pinjamkan Rp1.250.000, nanti langsung kuganti. Mohon diperhatikan.","Penipuan Romansa","hadiah_tertahan","synthetic_template_v1","true","false","ROM-5"
"spam","Hai, Aku kehilangan dompet saat perjalanan menemuimu. Tolong transfer Rp2.500.000. Mohon diperhatikan.","Penipuan Romansa","darurat_palsu","synthetic_template_v1","true","false","ROM-9"
"spam","Info untuk Anda, Proyek kripto rahasia akan naik 40%. Jangan lewatkan penawaran malam ini. Semoga membantu.","Penipuan Investasi","trading_palsu","synthetic_template_v1","true","false","INV-5"
"spam","Halo kak, Pihak berwenang mengancam denda bila data pribadi tidak dikirim malam ini. Semoga membantu.","Social Engineering","ancaman_akun","synthetic_template_v1","true","false","SOC-10"
"spam","Mohon perhatian, Sayang, aku sedang darurat di luar kota. Tolong kirim uang Rp2.500.000 sebelum pukul 18.00. Demikian informasinya.","Penipuan Romansa","pinjaman_pasangan","synthetic_template_v1","true","false","ROM-1"
"ham","Selamat sore, Foto undangan pernikahan sudah saya kirim dalam format JPG. Sampai jumpa di acara ya. Harap cek kembali.","Aman","percakapan_harian","synthetic_template_v1","true","false","AMN-3"
"spam","Selamat pagi, Perbarui data akun melalui halaman login https://akun-aman-0534.invalid sekarang. Salam.","Phishing/Link Berbahaya","tautan_login_palsu","synthetic_template_v1","true","false","PHI-10"
"spam","Hai, Bukti profit sudah banyak. Transfer dana awal agar akun investasi diaktifkan. Semoga membantu.","Penipuan Investasi","deposit_awal","synthetic_template_v1","true","false","INV-10"
"spam","Kepada Yth. Bapak/Ibu, Nomor Anda bermasalah. Kirim kode verifikasi kepada petugas ini dalam 30 menit. Terima kasih.","Social Engineering","permintaan_otp","synthetic_template_v1","true","false","SOC-3"
"ham","Selamat pagi, Kami mengundang Anda ke pernikahan keluarga kami pada minggu depan. Undangan berupa PDF, tidak perlu memasang aplikasi. Salam.","Aman","percakapan_harian","synthetic_template_v1","true","false","AMN-2"
"spam","Kepada Yth. Bapak/Ibu, Dana Anda akan dikelola profesional dengan hasil pasti 75% per bulan. Harap cek kembali.","Penipuan Investasi","trading_palsu","synthetic_template_v1","true","false","INV-7"
"spam","Info untuk Anda, Aku kehilangan dompet saat perjalanan menemuimu. Tolong transfer Rp5.000.000. Salam.","Penipuan Romansa","darurat_palsu","synthetic_template_v1","true","false","ROM-9"
"spam","Hai, Investasi eksklusif menjanjikan profit 30% tanpa risiko. Deposit mulai Rp500.000. Demikian informasinya.","Penipuan Investasi","profit_pasti","synthetic_template_v1","true","false","INV-1"
"spam","Halo pelanggan, Saya petugas bank. Sebutkan OTP yang baru masuk agar rekening tidak diblokir dalam 30 menit. Terima kasih.","Social Engineering","permintaan_otp","synthetic_template_v1","true","false","SOC-1"
"spam","Mohon perhatian, HRD meminta pembayaran medical check-up ke rekening pribadi sekarang. Terima kasih.","Penipuan Rekrutmen","tugas_like","synthetic_template_v1","true","false","REK-8"
"ham","Assalamualaikum, Paket sudah diterima oleh satpam. Silakan diambil tanpa biaya tambahan. Harap cek kembali.","Aman","undangan_aman","synthetic_template_v1","true","false","AMN-6"
"ham","Assalamualaikum, Jadwal konsultasi dipindah ke Senin pukul 09.30 melalui ruang kelas resmi. Terima kasih.","Aman","undangan_aman","synthetic_template_v1","true","false","AMN-5"
"spam","Permisi, Cintaku, rekeningku diblokir. Pinjamkan Rp350.000, nanti langsung kuganti. Semoga membantu.","Penipuan Romansa","hadiah_tertahan","synthetic_template_v1","true","false","ROM-5"
"spam","Kepada Yth. Bapak/Ibu, Investasi kebun digital memberi bonus anggota dan keuntungan tanpa rugi. Salam.","Penipuan Investasi","trading_palsu","synthetic_template_v1","true","false","INV-6"
"spam","Selamat sore, Penerimaan pegawai kilat. Rahasiakan proses dan lunasi biaya dokumen. Demikian informasinya.","Penipuan Rekrutmen","hrd_palsu","synthetic_template_v1","true","false","REK-10"
"spam","Permisi, Cintaku, rekeningku diblokir. Pinjamkan Rp150.000, nanti langsung kuganti. Salam.","Penipuan Romansa","hadiah_tertahan","synthetic_template_v1","true","false","ROM-5"
"spam","Halo kak, Saya petugas bank. Sebutkan OTP yang baru masuk agar rekening tidak diblokir sekarang. Semoga membantu.","Social Engineering","permintaan_otp","synthetic_template_v1","true","false","SOC-1"
"spam","Selamat pagi, Aku kehilangan dompet saat perjalanan menemuimu. Tolong transfer Rp500.000. Terima kasih atas waktunya.","Penipuan Romansa","darurat_palsu","synthetic_template_v1","true","false","ROM-9"
"spam","Selamat sore, Kita sudah dekat lama. Tolong bantu biaya pengobatan keluargaku sebesar Rp2.500.000. Ditunggu konfirmasinya.","Penipuan Romansa","darurat_palsu","synthetic_template_v1","true","false","ROM-10"
"spam","Info untuk Anda, Buka file Galeri_Pernikahan_0186.apk agar foto dan alamat gedung terlihat. Semoga membantu.","Phishing/Link Berbahaya","paket_apk","synthetic_template_v1","true","false","PHI-7"
"spam","Mohon perhatian, Proyek kripto rahasia akan naik 75%. Jangan lewatkan penawaran malam ini. Salam.","Penipuan Investasi","trading_palsu","synthetic_template_v1","true","false","INV-5"
"spam","Selamat pagi, Penerimaan pegawai kilat. Rahasiakan proses dan lunasi biaya dokumen. Terima kasih.","Penipuan Rekrutmen","hrd_palsu","synthetic_template_v1","true","false","REK-10"
"spam","Halo pelanggan, Tagihan belum dibayar. Klik tautan [tautan-palsu-0331] untuk menghindari denda. Terima kasih.","Phishing/Link Berbahaya","paket_apk","synthetic_template_v1","true","false","PHI-6"
"spam","Permisi, Kami mengundang Anda ke pesta pernikahan. Buka Foto Undangan_0417.apk untuk info lengkapnya. Harap cek kembali.","Phishing/Link Berbahaya","undangan_apk","synthetic_template_v1","true","false","PHI-1"
"spam","Selamat sore, Paket Anda tertahan. Download aplikasi Cek_Resi_0096.apk untuk memilih jadwal antar. Semoga membantu.","Phishing/Link Berbahaya","undangan_apk","synthetic_template_v1","true","false","PHI-4"
"spam","Assalamualaikum, Hadiah pernikahan untukmu tertahan di bea cukai. Bayar tagihannya agar dikirim. Semoga membantu.","Penipuan Romansa","hadiah_tertahan","synthetic_template_v1","true","false","ROM-8"
"ham","Selamat sore, Besok rapat kelompok dimulai pukul 08.00 di ruang laboratorium. Harap cek kembali.","Aman","percakapan_harian","synthetic_template_v1","true","false","AMN-1"
"spam","Permisi, Buka file Galeri_Pernikahan_0077.apk agar foto dan alamat gedung terlihat. Salam.","Phishing/Link Berbahaya","paket_apk","synthetic_template_v1","true","false","PHI-7"
"spam","Selamat pagi, Anda diterima tanpa tes. Transfer biaya seragam Rp150.000 dalam 30 menit. Terima kasih.","Penipuan Rekrutmen","biaya_administrasi","synthetic_template_v1","true","false","REK-2"
"spam","Kepada Yth. Bapak/Ibu, HRD membuka lowongan kerja. Bayar biaya administrasi Rp5.000.000 sebelum interview. Semoga membantu.","Penipuan Rekrutmen","biaya_administrasi","synthetic_template_v1","true","false","REK-1"
"spam","Halo pelanggan, Aku serius ingin menikah denganmu, tetapi paket hadiahku tertahan dan perlu biaya Rp5.000.000. Harap cek kembali.","Penipuan Romansa","pinjaman_pasangan","synthetic_template_v1","true","false","ROM-2"
"ham","Halo kak, Foto undangan pernikahan sudah saya kirim dalam format JPG. Sampai jumpa di acara ya. Harap cek kembali.","Aman","percakapan_harian","synthetic_template_v1","true","false","AMN-3"
"spam","Mohon perhatian, Dana Anda akan dikelola profesional dengan hasil pasti 50% per bulan. Salam.","Penipuan Investasi","trading_palsu","synthetic_template_v1","true","false","INV-7"
"spam","Selamat sore, Undangan interview dari perusahaan besar, beli tiket melalui agen yang kami tunjuk. Demikian informasinya.","Penipuan Rekrutmen","biaya_administrasi","synthetic_template_v1","true","false","REK-4"
"spam","Permisi, Kesempatan cuan pasti 75% per minggu, transfer modal sekarang. Ditunggu konfirmasinya.","Penipuan Investasi","profit_pasti","synthetic_template_v1","true","false","INV-3"
"spam","Daftar pemutihan pinjol OJK lewat https://pemutihan-ojk.invalid.","Phishing/Link Berbahaya","contemporary_hard_case","synthetic_contemporary_v2","true","false","PHI-H4"
"spam","Halo kak, Saya petugas bank. Sebutkan OTP yang baru masuk agar rekening tidak diblokir dalam 30 menit. Harap cek kembali.","Social Engineering","permintaan_otp","synthetic_template_v1","true","false","SOC-1"
"spam","Info untuk Anda, Nomor Anda bermasalah. Kirim kode verifikasi kepada petugas ini sekarang. Terima kasih atas waktunya.","Social Engineering","permintaan_otp","synthetic_template_v1","true","false","SOC-3"
"spam","Halo pelanggan, Anda diterima tanpa tes. Transfer biaya seragam Rp1.250.000 malam ini. Terima kasih atas waktunya.","Penipuan Rekrutmen","biaya_administrasi","synthetic_template_v1","true","false","REK-2"
"spam","Kepada Yth. Bapak/Ibu, Akun bank akan dinonaktifkan. Verifikasi melalui https://bank-verifikasi-0588.invalid. Demikian informasinya.","Phishing/Link Berbahaya","paket_apk","synthetic_template_v1","true","false","PHI-5"
"spam","Kepada Yth. Bapak/Ibu, Kesempatan cuan pasti 30% per minggu, transfer modal malam ini. Harap cek kembali.","Penipuan Investasi","profit_pasti","synthetic_template_v1","true","false","INV-3"
"spam","Kepada Yth. Bapak/Ibu, Paket investasi VIP tersisa satu slot. Kirim Rp2.500.000 untuk mengamankan posisi. Salam.","Penipuan Investasi","trading_palsu","synthetic_template_v1","true","false","INV-8"
"spam","Info untuk Anda, Bisnis passive income tanpa kerja, modal kembali dalam 5 hari. Demikian informasinya.","Penipuan Investasi","deposit_awal","synthetic_template_v1","true","false","INV-9"
"spam","Mohon perhatian, Buka file Galeri_Pernikahan_0471.apk agar foto dan alamat gedung terlihat. Semoga membantu.","Phishing/Link Berbahaya","paket_apk","synthetic_template_v1","true","false","PHI-7"
"ham","Selamat sore, Undangan rapat RT terlampir sebagai dokumen PDF dari pengurus yang kamu kenal. Demikian informasinya.","Aman","informasi_resmi","synthetic_template_v1","true","false","AMN-10"
"spam","Kepada Yth. Bapak/Ibu, Anda diterima tanpa tes. Transfer biaya seragam Rp5.000.000 malam ini. Harap cek kembali.","Penipuan Rekrutmen","biaya_administrasi","synthetic_template_v1","true","false","REK-2"
"ham","Halo kak, Besok rapat kelompok dimulai pukul 08.00 di ruang C2. Mohon diperhatikan.","Aman","percakapan_harian","synthetic_template_v1","true","false","AMN-1"
"spam","Assalamualaikum, Jangan beri tahu keluargamu tentang hubungan kita. Aku butuh bantuan dana sekarang. Terima kasih atas waktunya.","Penipuan Romansa","hadiah_tertahan","synthetic_template_v1","true","false","ROM-6"
"spam","Hai, Kita sudah dekat lama. Tolong bantu biaya pengobatan keluargaku sebesar Rp1.250.000. Terima kasih atas waktunya.","Penipuan Romansa","darurat_palsu","synthetic_template_v1","true","false","ROM-10"
"spam","Halo kak, Aku serius ingin menikah denganmu, tetapi paket hadiahku tertahan dan perlu biaya Rp500.000. Terima kasih.","Penipuan Romansa","pinjaman_pasangan","synthetic_template_v1","true","false","ROM-2"
"spam","Assalamualaikum, Proyek kripto rahasia akan naik 50%. Jangan lewatkan penawaran sebelum pukul 18.00. Demikian informasinya.","Penipuan Investasi","trading_palsu","synthetic_template_v1","true","false","INV-5"
"ham","Selamat sore, Kami mengundang Anda ke pernikahan keluarga kami pada Rabu. Undangan berupa PDF, tidak perlu memasang aplikasi. Semoga membantu.","Aman","percakapan_harian","synthetic_template_v1","true","false","AMN-2"
"spam","Assalamualaikum, Tagihan belum dibayar. Klik tautan [tautan-palsu-0547] untuk menghindari denda. Terima kasih atas waktunya.","Phishing/Link Berbahaya","paket_apk","synthetic_template_v1","true","false","PHI-6"
"spam","Assalamualaikum, Detail waktu dan lokasi pernikahan ada di Undangan Pernikahan 0131.apk, silakan buka sekarang. Mohon diperhatikan.","Phishing/Link Berbahaya","undangan_apk","synthetic_template_v1","true","false","PHI-3"
"spam","Halo kak, Aku kehilangan dompet saat perjalanan menemuimu. Tolong transfer Rp500.000. Mohon diperhatikan.","Penipuan Romansa","darurat_palsu","synthetic_template_v1","true","false","ROM-9"
"spam","Info untuk Anda, Aku bekerja di luar negeri dan akan pulang menemuimu. Bayarkan bea paket hadiah dulu. Harap cek kembali.","Penipuan Romansa","pinjaman_pasangan","synthetic_template_v1","true","false","ROM-4"
"ham","Halo kak, Pengumuman kampus dapat dilihat melalui portal akademik resmi. Demikian informasinya.","Aman","undangan_aman","synthetic_template_v1","true","false","AMN-8"
"spam","Halo pelanggan, Undangan resmi elektronik tersedia melalui link http://undangan-0124.invalid. Mohon diperhatikan.","Phishing/Link Berbahaya","tautan_login_palsu","synthetic_template_v1","true","false","PHI-9"
"spam","Info untuk Anda, Pihak berwenang mengancam denda bila data pribadi tidak dikirim hari ini. Harap cek kembali.","Social Engineering","ancaman_akun","synthetic_template_v1","true","false","SOC-10"
"spam","Halo pelanggan, Pihak berwenang mengancam denda bila data pribadi tidak dikirim dalam 30 menit. Ditunggu konfirmasinya.","Social Engineering","ancaman_akun","synthetic_template_v1","true","false","SOC-10"
"spam","Selamat pagi, Aku ingin membangun masa depan bersama, kirim modal kecil untuk usaha kita. Mohon diperhatikan.","Penipuan Romansa","hadiah_tertahan","synthetic_template_v1","true","false","ROM-7"
"spam","Permisi, Aku ingin membangun masa depan bersama, kirim modal kecil untuk usaha kita. Harap cek kembali.","Penipuan Romansa","hadiah_tertahan","synthetic_template_v1","true","false","ROM-7"
"spam","Info untuk Anda, Perbarui data akun melalui halaman login https://akun-aman-0288.invalid hari ini. Terima kasih atas waktunya.","Phishing/Link Berbahaya","tautan_login_palsu","synthetic_template_v1","true","false","PHI-10"
"spam","Info untuk Anda, Undangan interview dari perusahaan besar, beli tiket melalui agen yang kami tunjuk. Terima kasih atas waktunya.","Penipuan Rekrutmen","biaya_administrasi","synthetic_template_v1","true","false","REK-4"
"spam","Hai, Perbarui data akun melalui halaman login https://akun-aman-0447.invalid sekarang. Semoga membantu.","Phishing/Link Berbahaya","tautan_login_palsu","synthetic_template_v1","true","false","PHI-10"
"ham","sip makasih","Aman","contemporary_hard_case","synthetic_contemporary_v2","true","false","AMN-H3"
"ham","Permisi, Foto undangan pernikahan sudah saya kirim dalam format JPG. Sampai jumpa di acara ya. Ditunggu konfirmasinya.","Aman","percakapan_harian","synthetic_template_v1","true","false","AMN-3"
"spam","Selamat sore, Saya keluarga Anda memakai nomor baru. Tolong transfer Rp1.250.000 karena sedang darurat. Ditunggu konfirmasinya.","Social Engineering","penyamaran_petugas","synthetic_template_v1","true","false","SOC-8"
"ham","Mohon perhatian, Pengumuman kampus dapat dilihat melalui portal akademik resmi. Terima kasih.","Aman","undangan_aman","synthetic_template_v1","true","false","AMN-8"
"spam","Permisi, Perbarui data akun melalui halaman login https://akun-aman-0266.invalid hari ini. Terima kasih atas waktunya.","Phishing/Link Berbahaya","tautan_login_palsu","synthetic_template_v1","true","false","PHI-10"
"spam","Assalamualaikum, Buka file Galeri_Pernikahan_0023.apk agar foto dan alamat gedung terlihat. Demikian informasinya.","Phishing/Link Berbahaya","paket_apk","synthetic_template_v1","true","false","PHI-7"
"ham","Halo kak, Tolong beli makan siang saat pulang dari kampus, nanti saya ganti. Terima kasih.","Aman","percakapan_harian","synthetic_template_v1","true","false","AMN-4"
"spam","Mohon perhatian, Customer service meminta foto kartu dan kode rahasia untuk membuka blokir. Mohon diperhatikan.","Social Engineering","ancaman_akun","synthetic_template_v1","true","false","SOC-9"
"spam","Info untuk Anda, HRD meminta pembayaran medical check-up ke rekening pribadi dalam 30 menit. Harap cek kembali.","Penipuan Rekrutmen","tugas_like","synthetic_template_v1","true","false","REK-8"
"ham","Hai, Jadwal konsultasi dipindah ke minggu depan pukul 15.30 melalui ruang kelas resmi. Harap cek kembali.","Aman","undangan_aman","synthetic_template_v1","true","false","AMN-5"
"spam","Hai, Kerja paruh waktu dari rumah, tugas memberi like dengan deposit awal Rp2.500.000. Harap cek kembali.","Penipuan Rekrutmen","biaya_administrasi","synthetic_template_v1","true","false","REK-3"
"spam","Selamat pagi, Bisnis passive income tanpa kerja, modal kembali dalam 5 hari. Harap cek kembali.","Penipuan Investasi","deposit_awal","synthetic_template_v1","true","false","INV-9"
"spam","Info untuk Anda, Saya keluarga Anda memakai nomor baru. Tolong transfer Rp2.500.000 karena sedang darurat. Terima kasih atas waktunya.","Social Engineering","penyamaran_petugas","synthetic_template_v1","true","false","SOC-8"
"ham","Selamat sore, Besok rapat kelompok dimulai pukul 08.00 di ruang B3. Harap cek kembali.","Aman","percakapan_harian","synthetic_template_v1","true","false","AMN-1"
"spam","Kepada Yth. Bapak/Ibu, Bisnis passive income tanpa kerja, modal kembali dalam 7 hari. Mohon diperhatikan.","Penipuan Investasi","deposit_awal","synthetic_template_v1","true","false","INV-9"
"spam","Selamat pagi, Lowongan staf administrasi bergaji tinggi. Kirim PIN dan data rekening untuk payroll. Salam.","Penipuan Rekrutmen","tugas_like","synthetic_template_v1","true","false","REK-5"
"spam","Hai, Customer service meminta foto kartu dan kode rahasia untuk membuka blokir. Demikian informasinya.","Social Engineering","ancaman_akun","synthetic_template_v1","true","false","SOC-9"
"spam","Info untuk Anda, HRD membuka lowongan kerja. Bayar biaya administrasi Rp350.000 sebelum interview. Mohon diperhatikan.","Penipuan Rekrutmen","biaya_administrasi","synthetic_template_v1","true","false","REK-1"
"ham","Selamat pagi, Pengumuman kampus dapat dilihat melalui portal akademik resmi. Harap cek kembali.","Aman","undangan_aman","synthetic_template_v1","true","false","AMN-8"
"ham","Assalamualaikum, Undangan rapat RT terlampir sebagai dokumen PDF dari pengurus yang kamu kenal. Ditunggu konfirmasinya.","Aman","informasi_resmi","synthetic_template_v1","true","false","AMN-10"
"spam","Assalamualaikum, Perbarui data akun melalui halaman login https://akun-aman-0146.invalid sebelum pukul 18.00. Terima kasih.","Phishing/Link Berbahaya","tautan_login_palsu","synthetic_template_v1","true","false","PHI-10"
"ham","Hai, Paket sudah diterima oleh satpam. Silakan diambil tanpa biaya tambahan. Ditunggu konfirmasinya.","Aman","undangan_aman","synthetic_template_v1","true","false","AMN-6"
"spam","Mohon perhatian, Saya keluarga Anda memakai nomor baru. Tolong transfer Rp150.000 karena sedang darurat. Mohon diperhatikan.","Social Engineering","penyamaran_petugas","synthetic_template_v1","true","false","SOC-8"
"spam","Mohon perhatian, Penerimaan pegawai kilat. Rahasiakan proses dan lunasi biaya dokumen. Demikian informasinya.","Penipuan Rekrutmen","hrd_palsu","synthetic_template_v1","true","false","REK-10"
"spam","Kepada Yth. Bapak/Ibu, Petugas pajak meminta data rekening dan PIN untuk pengembalian dana. Harap cek kembali.","Social Engineering","penyamaran_petugas","synthetic_template_v1","true","false","SOC-7"
"spam","Permisi, Dana Anda akan dikelola profesional dengan hasil pasti 20% per bulan. Demikian informasinya.","Penipuan Investasi","trading_palsu","synthetic_template_v1","true","false","INV-7"
"spam","Assalamualaikum, Detail waktu dan lokasi pernikahan ada di Undangan Pernikahan 0486.apk, silakan buka sekarang. Salam.","Phishing/Link Berbahaya","undangan_apk","synthetic_template_v1","true","false","PHI-3"
"spam","Halo kak, Rekrutmen resmi tanpa wawancara, bayar pelatihan wajib sebesar Rp1.250.000. Salam.","Penipuan Rekrutmen","tugas_like","synthetic_template_v1","true","false","REK-6"
"spam","Hai, Posisi terbatas, amankan kursi kerja dengan transfer Rp5.000.000. Terima kasih.","Penipuan Rekrutmen","hrd_palsu","synthetic_template_v1","true","false","REK-9"
"ham","Info untuk Anda, Pengumuman kampus dapat dilihat melalui portal akademik resmi. Ditunggu konfirmasinya.","Aman","undangan_aman","synthetic_template_v1","true","false","AMN-8"
"spam","Selamat sore, Investasi eksklusif menjanjikan profit 50% tanpa risiko. Deposit mulai Rp350.000. Ditunggu konfirmasinya.","Penipuan Investasi","profit_pasti","synthetic_template_v1","true","false","INV-1"
"spam","Mohon perhatian, Proyek kripto rahasia akan naik 40%. Jangan lewatkan penawaran dalam 30 menit. Demikian informasinya.","Penipuan Investasi","trading_palsu","synthetic_template_v1","true","false","INV-5"
"spam","Halo pelanggan, Kita sudah dekat lama. Tolong bantu biaya pengobatan keluargaku sebesar Rp350.000. Terima kasih atas waktunya.","Penipuan Romansa","darurat_palsu","synthetic_template_v1","true","false","ROM-10"
"spam","Kepada Yth. Bapak/Ibu, Detail waktu dan lokasi pernikahan ada di Undangan Pernikahan 0582.apk, silakan buka hari ini. Terima kasih.","Phishing/Link Berbahaya","undangan_apk","synthetic_template_v1","true","false","PHI-3"
"spam","Halo kak, Bukti profit sudah banyak. Transfer dana awal agar akun investasi diaktifkan. Mohon diperhatikan.","Penipuan Investasi","deposit_awal","synthetic_template_v1","true","false","INV-10"
"spam","Hai, Kami mengundang Anda ke pesta pernikahan. Buka Foto Undangan_0209.apk untuk info lengkapnya. Terima kasih.","Phishing/Link Berbahaya","undangan_apk","synthetic_template_v1","true","false","PHI-1"
"spam","Selamat sore, Aku serius ingin menikah denganmu, tetapi paket hadiahku tertahan dan perlu biaya Rp1.250.000. Terima kasih atas waktunya.","Penipuan Romansa","pinjaman_pasangan","synthetic_template_v1","true","false","ROM-2"
"spam","Selamat sore, Paket Anda tertahan. Download aplikasi Cek_Resi_0271.apk untuk memilih jadwal antar. Semoga membantu.","Phishing/Link Berbahaya","undangan_apk","synthetic_template_v1","true","false","PHI-4"
"spam","Mohon perhatian, Dana Anda akan dikelola profesional dengan hasil pasti 40% per bulan. Harap cek kembali.","Penipuan Investasi","trading_palsu","synthetic_template_v1","true","false","INV-7"
"spam","Mohon perhatian, Kami lampirkan Undangan_Digital_Pernikahan_0401.apk. Mohon diunduh untuk melihat peta lokasi. Ditunggu konfirmasinya.","Phishing/Link Berbahaya","undangan_apk","synthetic_template_v1","true","false","PHI-2"
"spam","Halo kak, Nomor Anda bermasalah. Kirim kode verifikasi kepada petugas ini sebelum batas waktu. Harap cek kembali.","Social Engineering","permintaan_otp","synthetic_template_v1","true","false","SOC-3"
"spam","Selamat pagi, Saya dari kantor pusat, mohon konfirmasi password untuk pemeriksaan keamanan. Demikian informasinya.","Social Engineering","permintaan_otp","synthetic_template_v1","true","false","SOC-4"
"spam","Kepada Yth. Bapak/Ibu, Hadiah pernikahan untukmu tertahan di bea cukai. Bayar tagihannya agar dikirim. Terima kasih atas waktunya.","Penipuan Romansa","hadiah_tertahan","synthetic_template_v1","true","false","ROM-8"
"spam","Assalamualaikum, HRD membuka lowongan kerja. Bayar biaya administrasi Rp5.000.000 sebelum interview. Terima kasih atas waktunya.","Penipuan Rekrutmen","biaya_administrasi","synthetic_template_v1","true","false","REK-1"
"spam","Halo pelanggan, Hadiah pelanggan menunggu. Pasang Bonus_Resmi_0249.apk untuk klaim. Terima kasih atas waktunya.","Phishing/Link Berbahaya","paket_apk","synthetic_template_v1","true","false","PHI-8"
"spam","Info untuk Anda, Robot trading legal menjamin return tetap. Buka akun dengan setoran Rp150.000. Demikian informasinya.","Penipuan Investasi","profit_pasti","synthetic_template_v1","true","false","INV-4"
"spam","Info untuk Anda, Petugas pajak meminta data rekening dan PIN untuk pengembalian dana. Terima kasih.","Social Engineering","penyamaran_petugas","synthetic_template_v1","true","false","SOC-7"
"spam","Halo pelanggan, Investasi eksklusif menjanjikan profit 30% tanpa risiko. Deposit mulai Rp2.500.000. Mohon diperhatikan.","Penipuan Investasi","profit_pasti","synthetic_template_v1","true","false","INV-1"
"spam","Assalamualaikum, Hadiah pelanggan menunggu. Pasang Bonus_Resmi_0317.apk untuk klaim. Terima kasih.","Phishing/Link Berbahaya","paket_apk","synthetic_template_v1","true","false","PHI-8"
"spam","Hai, Sayang, aku sedang darurat di luar kota. Tolong kirim uang Rp1.250.000 hari ini. Salam.","Penipuan Romansa","pinjaman_pasangan","synthetic_template_v1","true","false","ROM-1"
"spam","Hai, Atasan meminta transfer darurat Rp500.000; jangan hubungi siapa pun dulu. Ditunggu konfirmasinya.","Social Engineering","penyamaran_petugas","synthetic_template_v1","true","false","SOC-5"

